video_id,url,title,channel,channel_id,duration,upload_date,availability,live_status,view_count,matched_queries,discovered_at
u5HzxJu_HXw,https://www.youtube.com/watch?v=u5HzxJu_HXw,"""10,000 Miles"" Trailer (Theme Song ""Snail"" by Jay Chou)",杰威爾音樂 JVR Music Official,UC3_xz4QncNGOgHZcLt5xfyg,229,,,,1655313,周杰伦 1080P MV,2026-07-31T14:06:15.904475+00:00
Z6Q7x4ol4fQ,https://www.youtube.com/watch?v=Z6Q7x4ol4fQ,"""从杰威尔偷出来""【绝版】周杰伦《等你有约会》",Kilun,UCVB2mC4FyicvsjfQJLbyuxw,16,,,,1367,周杰伦 杰威尔音乐,2026-07-31T14:06:15.904475+00:00
QWewX3MW0ow,https://www.youtube.com/watch?v=QWewX3MW0ow,#fyp #song #music #抖音 #音乐 #东方美学 #cover #coversong,民乐也疯狂CrazyFolk,UCx8xGKMBrdbAWheWsuWz9qg,104,,,,59,周杰伦 Official Music Video,2026-07-31T14:06:15.904475+00:00
1oUFs0kL05I,https://www.youtube.com/watch?v=1oUFs0kL05I,#jaychou  #周杰伦 #经典老歌 #流行音樂 周杰伦第一张专辑&第二张专辑 可爱女人，完美主义，娘子，斗牛，黑色幽默，伊斯坦堡，印第安老斑鸠，龙卷风，爱在西元前，爸，我回来了，简单爱,蓦然回首,UCidGPZkBG365Er5Kj8ZJdUw,4976,,,,528,周杰伦 专辑,2026-07-31T14:06:15.904475+00:00
uOfYkW0qdI8,https://www.youtube.com/watch?v=uOfYkW0qdI8,#周杰伦 #回到过去#音乐 #周杰伦回到过去 #music #motivation#jay chou song,音乐影视频道,UCEGfL9Z9-dvqFe3aUKSggqQ,234,,,,78,周杰伦 杰威尔音乐,2026-07-31T14:06:15.904475+00:00
kh52AXAkrwU,https://www.youtube.com/watch?v=kh52AXAkrwU,#周杰伦专辑系列#《七里香》 (2004年) Common Jasmine Orange Full Album #Jay Chou Collection#No Ad,Jayce's playlist,UCP60W3otEWp1zTGRqPsaBJg,2573,,,,720,周杰伦 专辑,2026-07-31T14:06:15.904475+00:00
0F2_KMGqcp8,https://www.youtube.com/watch?v=0F2_KMGqcp8,#周杰伦专辑系列#《依然范特西/Still Fantasy 》 (2006年) Still Fantasy Full Album #Jay Chou Collection#No Ad,Jayce's playlist,UCP60W3otEWp1zTGRqPsaBJg,2476,,,,824,周杰伦 专辑,2026-07-31T14:06:15.904475+00:00
ot1upgZSPRw,https://www.youtube.com/watch?v=ot1upgZSPRw,#周杰伦专辑系列#《周杰伦的床边故事》 (2016年) Jay Chou's Bedtime Stories Full Album #Jay Chou Collection#No Ad,Jayce's playlist,UCP60W3otEWp1zTGRqPsaBJg,2277,,,,543,周杰伦 专辑,2026-07-31T14:06:15.904475+00:00
BeV6Kn9UceI,https://www.youtube.com/watch?v=BeV6Kn9UceI,#周杰伦巡演太原站 #蒲公英的约定 #周杰伦 超幸运！今年与杰伦合唱了两次！真的把英文版的蒲公英唱给杰伦听了 🥰@杰威尔音乐官方号,Franz,UC4dmE1rx2jacoSnxVH4dJ1g,197,,,,417,周杰伦 杰威尔音乐,2026-07-31T14:06:15.904475+00:00
qPyJBAlWvY8,https://www.youtube.com/watch?v=qPyJBAlWvY8,#周杰伦演唱会重映 TME live「奇迹现场重映计划」首发“回首篇”开篇现场来袭 | 腾讯音乐TME | 2022音乐流行,TME_official,UCWfWHfMy8zv3m1L9eAOXpfA,107,,,,6599,周杰伦 演唱会 | 周杰伦 现场 Live,2026-07-31T14:06:15.904475+00:00
XkYUqO0EQ9A,https://www.youtube.com/watch?v=XkYUqO0EQ9A,#周杰倫 20241206演唱會 #孫燕姿 #瘦子 #林書豪 #阿ken #動力火車 #黑色幽默,柏斯新聞網,UCIlAqBk5Xo6igePLRaZzdlA,620,,,,430406,周杰伦 演唱会,2026-07-31T14:06:15.904475+00:00
vWcOW7DH9QM,https://www.youtube.com/watch?v=vWcOW7DH9QM,#周杰倫 鳥巢開唱「龍拳.北京嘉年華」演唱會 2026.06.28,BRO ROLL,UCh9RoDVSjxnG-6XiNAPwJPw,10386,,,,1886,周杰伦 演唱会,2026-07-31T14:06:15.904475+00:00
9XRpD49HWkM,https://www.youtube.com/watch?v=9XRpD49HWkM,#周杰倫《蘭亭序》嘉年華II · 龍拳北京演唱會｜超強發揮 絕美中國風,BRO ROLL,UCh9RoDVSjxnG-6XiNAPwJPw,210,,,,202,周杰伦 演唱会,2026-07-31T14:06:15.904475+00:00
iPI5J0YNQAc,https://www.youtube.com/watch?v=iPI5J0YNQAc,#孙燕姿 悄悄去看#周杰伦 演唱会，没想到被发现，后一秒杰伦转头唱起了《眼泪成诗》全场瞬间轰动！太经典啦！,Evan,UC1eBxE5GtxtnaVkgIPkAwPg,87,,,,28346,周杰伦 演唱会,2026-07-31T14:06:15.904475+00:00
pV_ddwsnDAk,https://www.youtube.com/watch?v=pV_ddwsnDAk,#张惠妹 在#周杰伦 演唱会上飙唱连名带姓 不愧是华语乐坛的最后一位天后 | 综艺我最顶,综艺我最顶,UC0jxKoS7k5CHU0hTC4jXKDg,676,,,,744,周杰伦 演唱会,2026-07-31T14:06:15.904475+00:00
5AHuXnfa_7k,https://www.youtube.com/watch?v=5AHuXnfa_7k,#無音樂MV ： 周杰倫經典串燒,Broo Productions,UCianniFsPi6SJdL6xtFFDBg,154,,,,1438,周杰伦 1080P MV,2026-07-31T14:06:15.904475+00:00
hwf8OxQGMeQ,https://www.youtube.com/watch?v=hwf8OxQGMeQ,#田馥甄 《#演员》深情翻唱#薛之谦 #林俊杰 直言心碎想带回家【#live 】#music #浙江卫视音乐频道 #浙江卫视  #梦想的声音 #she #jjlin #cpop,音樂安利站 Beats Music,UCg8X_V_36V9hVbzwb6Mnzpw,275,,,,345822,周杰伦 现场 Live,2026-07-31T14:06:15.904475+00:00
QVpNhlkzI-I,https://www.youtube.com/watch?v=QVpNhlkzI-I,#绿洲寻声季 #mojito #周杰伦 #手风琴 @杰威尔音乐官方号 原作词：黄俊郎原编曲：@雨勳（亞尼斯音樂）,Franz,UC4dmE1rx2jacoSnxVH4dJ1g,64,,,,1,周杰伦 杰威尔音乐,2026-07-31T14:06:15.904475+00:00
iuIF8LBvCXk,https://www.youtube.com/watch?v=iuIF8LBvCXk,#锦衣之下# 【任嘉伦 谭松韵】49～50预告，严世蕃抓走袁今夏，袁大娘来找陆绎，训斥他始乱终弃，陆绎说他们不适合，陆绎袁今夏各自伤神.,magebu,UCTgT3XXeTCJWmAwTuZPqqIw,236,,,,1315,周杰伦 1080P MV | 周杰伦 完整版 | 周杰伦 官方 MV | 周杰伦 歌词版 | 周杰伦 高音质,2026-07-31T14:06:15.904475+00:00
EDiorDREE_A,https://www.youtube.com/watch?v=EDiorDREE_A,#黑色幽默 #周杰伦 #西班牙语歌曲 杰伦上海演唱会已过审，大合唱的歌你们都练好了吗？😊@DOU+小助手 @杰威尔音乐官方号 #前奏一响拾起多少人的回忆,Franz,UC4dmE1rx2jacoSnxVH4dJ1g,61,,,,1,周杰伦 杰威尔音乐,2026-07-31T14:06:15.904475+00:00
CRoBetayGNU,https://www.youtube.com/watch?v=CRoBetayGNU,( Teriyaki Boyz Jay Chou Tokyo Drift ),SEYAS CHANNEL,UChrLEu7i2NaV6EE7eC3pvfQ,228,,,,21719,Jay Chou Official MV,2026-07-31T14:06:15.904475+00:00
s6z54lsSf8g,https://www.youtube.com/watch?v=s6z54lsSf8g,( 周杰伦 ) 范特西專輯 Fantasy 2001專輯 周杰伦精选 Jay Chou Collection,MIX Rojak,UCWHWJv2_7VPRX0Pj0HV5F4A,2376,,,,529,周杰伦 专辑,2026-07-31T14:06:15.904475+00:00
XzCMCtTaAbk,https://www.youtube.com/watch?v=XzCMCtTaAbk,(Carlchina)周杰伦 皮影戏 MV 清晰完整版 非现场版,weng weng,UCe620oYSu17NzBRuTCkOl2w,215,,,,7863,周杰伦 1080P MV,2026-07-31T14:06:15.904475+00:00
mj1DR8G61TE,https://www.youtube.com/watch?v=mj1DR8G61TE,(Jay Chou) Secret OST - First Kiss - Solo Gitar Klasik Cover| Karmel Setiawan,Karmel Telaumbanua,UCHJXVvGoaaeDZO0YD95tIbw,117,,,,495,周杰伦 Sony Music Taiwan,2026-07-31T14:06:15.904475+00:00
XletJYMahl0,https://www.youtube.com/watch?v=XletJYMahl0,(Maple) 枫- 周杰伦(Pinyin Indonesian Translation)(Lirik Video dan Terjemahan)「缓缓掉落的枫叶像思念 我点燃烛火微暖岁末的秋天」,Yusriani Album,UCre6gYDwaoU7Ba9SaAvsrPg,278,,,,41994,周杰伦 Official Music Video,2026-07-31T14:06:15.904475+00:00
7RriWQOwwoo,https://www.youtube.com/watch?v=7RriWQOwwoo,(Piano : Yamaha DGX-670) Secret / Time Travel Theme – 周杰伦 Jay Chou,碧玉澜诗,UC5KbcQ2w3EM6tAiEVSWX16g,125,,,,63647,周杰伦 Sony Music Taiwan,2026-07-31T14:06:15.904475+00:00
rgrSi4RHxfI,https://www.youtube.com/watch?v=rgrSi4RHxfI,(伴奏版) 一路向北 - 周杰伦 《歌词拼音》【我一路向北 离开有你的季节你说你好累 已无法再爱上谁】,music soul,UC_BsrDO66pYSRWQE1w98W3w,296,,,,262791,周杰伦 歌词版,2026-07-31T14:06:15.904475+00:00
7IPAPEiJBH8,https://www.youtube.com/watch?v=7IPAPEiJBH8,(周杰伦) Jay Chou - CHILDREN OF THE SUN! - FULL ALBUM REACTION - #JayChou #Reaction,Adam1of9TV,UCGjNV5bkkWpnIBfDPiVRlzw,1291,,,,1541,Jay Chou Official MV | 周杰伦 专辑,2026-07-31T14:06:15.904475+00:00
WqS1Pa7znMg,https://www.youtube.com/watch?v=WqS1Pa7znMg,(完整版)周杰倫香港演唱會 男歌迷直接上台自彈自唱說好的幸福呢 ！！！ 地表最強2 演唱會 (Video4),J.Kwok,UC9Jv-f4cO7fyQeOopBUiHag,216,,,,30357,周杰伦 完整版,2026-07-31T14:06:15.904475+00:00
TGVCyOf4_1g,https://www.youtube.com/watch?v=TGVCyOf4_1g,(无广告 No Ad) 周杰伦第一张专辑 周杰伦 Jay,玉漏音乐频道,UC7NODIJOt3mZNku7-6Uor4A,2618,,,,508,周杰伦 专辑,2026-07-31T14:06:15.904475+00:00
MX7_5VfFQvY,https://www.youtube.com/watch?v=MX7_5VfFQvY,(结尾Ending) Jay Chou 说好不哭 + 开不了口 周杰伦 Carnival World Tour 18th Dec 2022 新加坡 嘉年华,WzoA,UC-boJdFrS1_bl8sJY-d0e6Q,440,,,,17465,周杰伦 现场 Live,2026-07-31T14:06:15.904475+00:00
M2qijTi6he8,https://www.youtube.com/watch?v=M2qijTi6he8,(自創曲)阿爸的話完整版MV,Alex-Yen,UCzmsEXer_F7UCdj6knfosuw,281,,,,19525,周杰伦 完整版 | 周杰伦 官方 MV,2026-07-31T14:06:15.904475+00:00
916QRL450Zc,https://www.youtube.com/watch?v=916QRL450Zc,(馬上更新)周杰倫-完美主義   歌詞演唱版,農會理事長,UC6UtBCIw3s-9MzTyNYQfd4g,243,,,,2,周杰伦 歌词版,2026-07-31T14:06:15.904475+00:00
9spdC9cbYKk,https://www.youtube.com/watch?v=9spdC9cbYKk,*全新版本*周杰伦歌曲混音重制作合集-SlimFey,Slim Fey,UCIg3KwBcEDaElXzviQKpYTg,2701,,,,785,周杰伦 歌曲,2026-07-31T14:06:15.904475+00:00
B0GBn8sigNs,https://www.youtube.com/watch?v=B0GBn8sigNs,*周杰伦* Jay Chou  前20名合集 - 歌词视频 - Top 20 songs,杰威爾歌詞MV頻道JVR Lyric MV,UCsMWXIFViw8KxCl1i7X8deA,4875,,,,27160,周杰伦 JVR Music,2026-07-31T14:06:15.904475+00:00
qibC19WJ-ik,https://www.youtube.com/watch?v=qibC19WJ-ik,*周杰伦* Jay Chou  前20名合集 - 歌词视频 - Top 20 songs,杰威爾歌詞MV頻道JVR Lyric MV,UCsMWXIFViw8KxCl1i7X8deA,4960,,,,1037,周杰伦 官方 MV | 周杰伦 歌曲,2026-07-31T14:06:15.904475+00:00
-hJ4xo0D344,https://www.youtube.com/watch?v=-hJ4xo0D344,*周杰伦* Jay Chou  前20名合集 - 歌词视频 - Top 20 songs | [4K video],杰威爾歌詞MV頻道JVR Lyric MV,UCsMWXIFViw8KxCl1i7X8deA,5122,,,,2751,周杰伦 4K MV,2026-07-31T14:06:15.904475+00:00
k1h2_Fab6CM,https://www.youtube.com/watch?v=k1h2_Fab6CM,*周杰伦*Jay Chou 慢歌精选 30首合集 - 陪你一个慵懒的下午 - Top 30 Videos of the Most Popular Chinese Singer 2022,杰威爾歌詞MV頻道JVR Lyric MV,UCsMWXIFViw8KxCl1i7X8deA,7677,,,,590388,周杰伦 杰威尔音乐,2026-07-31T14:06:15.904475+00:00
Ps4PRfXsWL0,https://www.youtube.com/watch?v=Ps4PRfXsWL0,*周杰伦*Jay Chou 慢歌精选 30首合集 - 陪你一个慵懒的下午 - Top 30 Videos of the Most Popular Chinese Singer 2026,杰威爾歌詞MV頻道JVR Lyric MV,UCsMWXIFViw8KxCl1i7X8deA,7695,,,,1652,周杰伦 杰威尔音乐,2026-07-31T14:06:15.904475+00:00
j2OZQbH52zk,https://www.youtube.com/watch?v=j2OZQbH52zk,*周杰伦*Jay Chou 慢歌精选 30首合集 - 陪你一个慵懒的下午 - Top 30 Videos of the Most Popular Chinese Singer 2026,杰威爾歌詞MV頻道JVR Lyric MV,UCsMWXIFViw8KxCl1i7X8deA,7695,,,,11246,周杰伦 JVR Music | 周杰伦 杰威尔音乐,2026-07-31T14:06:15.904475+00:00
bvFuvc4gx70,https://www.youtube.com/watch?v=bvFuvc4gx70,*周杰伦*Jay Chou慢歌精选30首合集 - 陪你一个慵懒的下午 - 30 Songs of the Most Popular Chinese Singer,杰威爾歌詞MV頻道JVR Lyric MV,UCsMWXIFViw8KxCl1i7X8deA,7849,,,,177864,周杰伦 杰威尔音乐,2026-07-31T14:06:15.904475+00:00
bvqyBNBvNOU,https://www.youtube.com/watch?v=bvqyBNBvNOU,*周杰伦*Jay Chou慢歌精选30首合集 - 陪你一个慵懒的下午 - 30 Songs of the Most Popular Chinese Singer,杰威爾歌詞MV頻道JVR Lyric MV,UCsMWXIFViw8KxCl1i7X8deA,7819,,,,2896937,周杰伦 杰威尔音乐,2026-07-31T14:06:15.904475+00:00
mx9Npfwf8xQ,https://www.youtube.com/watch?v=mx9Npfwf8xQ,*周杰伦*Jay Chou慢歌精选30首合集 - 陪你一个慵懒的下午 - 30 Songs of the Most Popular Chinese Singer,杰威爾歌詞MV頻道JVR Lyric MV,UCsMWXIFViw8KxCl1i7X8deA,8064,,,,3340533,周杰伦 Official Music Video | 周杰伦 杰威尔音乐,2026-07-31T14:06:15.904475+00:00
omwngAlNG6Q,https://www.youtube.com/watch?v=omwngAlNG6Q,*周杰伦*Jay Chou慢歌精选30首合集 - 陪你一个慵懒的下午 - 30 Songs of the Most Popular Chinese Singer,杰威爾歌詞MV頻道JVR Lyric MV,UCsMWXIFViw8KxCl1i7X8deA,7935,,,,8731659,Jay Chou Official MV | 周杰伦 JVR Music | 周杰伦 Official Music Video | 周杰伦 官方 MV | 周杰伦 杰威尔音乐 | 周杰伦 歌曲,2026-07-31T14:06:15.904475+00:00
Yx_XbesLBi0,https://www.youtube.com/watch?v=Yx_XbesLBi0,*周杰伦*Jay Chou慢歌精选30首合集 - 陪你一个慵懒的下午 - 30 Songs of the Most Popular Chinese Singer 2021,杰威爾歌詞MV頻道JVR Lyric MV,UCsMWXIFViw8KxCl1i7X8deA,7884,,,,106986,周杰伦 杰威尔音乐,2026-07-31T14:06:15.904475+00:00
tR-_8PJnJSI,https://www.youtube.com/watch?v=tR-_8PJnJSI,*周杰伦*Jay Chou慢歌精选30首合集 - 陪你一个慵懒的下午 - 30 Songs of the Most Popular Chinese Singer 2022,杰威爾歌詞MV頻道JVR Lyric MV,UCsMWXIFViw8KxCl1i7X8deA,7830,,,,317000,周杰伦 杰威尔音乐,2026-07-31T14:06:15.904475+00:00
cqjW5p9DxVk,https://www.youtube.com/watch?v=cqjW5p9DxVk,*周杰伦*Jay Chou慢歌精选40首合集 - 陪你一个慵懒的下午 - 40 Songs of the Most Popular Chinese Singer,杰威爾歌詞MV頻道JVR Lyric MV,UCsMWXIFViw8KxCl1i7X8deA,10413,,,,2098172,周杰伦 杰威尔音乐,2026-07-31T14:06:15.904475+00:00
6pBi0mpexYk,https://www.youtube.com/watch?v=6pBi0mpexYk,*周杰伦*Jay Chou慢歌精选50首合集 - 陪你一个慵懒的下午 - 50 Songs of the Most Popular Chinese Singer,杰威爾歌詞MV頻道JVR Lyric MV,UCsMWXIFViw8KxCl1i7X8deA,12774,,,,743199,周杰伦 杰威尔音乐,2026-07-31T14:06:15.904475+00:00
lhzuslZSecE,https://www.youtube.com/watch?v=lhzuslZSecE,*周杰伦*Jay Chou慢歌精选50首合集 - 陪你一个慵懒的下午 - 50 Songs of the Most Popular Chinese Singer,杰威爾歌詞MV頻道JVR Lyric MV,UCsMWXIFViw8KxCl1i7X8deA,12445,,,,592581,周杰伦 杰威尔音乐,2026-07-31T14:06:15.904475+00:00
60s7Ie0jtMU,https://www.youtube.com/watch?v=60s7Ie0jtMU,-告白气球-周杰伦---无损高音质流行音乐经典老歌经典歌曲,一起听歌吧,UCJvWmPusSTgwli2Kgtlpvuw,218,,,,80,周杰伦 高音质,2026-07-31T14:06:15.904475+00:00
gSyPG6QjHoM,https://www.youtube.com/watch?v=gSyPG6QjHoM,0702国语Electro串烧-周杰伦专辑1-搁浅-夜曲-枫-一路向北-手写的从前-不能说的秘密-星晴-退后-晴天-兰亭序,DJ中文慢摇舞曲,UCktSAvJ3NyEXNijHbpoqIww,4608,,,,3173,周杰伦 专辑,2026-07-31T14:06:15.904475+00:00
nXR2CiXInA4,https://www.youtube.com/watch?v=nXR2CiXInA4,0817国语Electro串烧-周杰伦专辑2-七里香-简单爱-开不了口-稻香-最长的电影-安静-霍元甲-我落泪情绪零碎-白色风车,DJ中文慢摇舞曲,UCktSAvJ3NyEXNijHbpoqIww,4838,,,,1360,周杰伦 专辑,2026-07-31T14:06:15.904475+00:00
EN1WHhpaN3c,https://www.youtube.com/watch?v=EN1WHhpaN3c,10.12🇸🇬周杰伦嘉年华演唱会-新加坡 DAY 2｜Jay Chou Carnival World Tour#jaychou #周杰伦嘉年华演唱会 #周杰伦,KE-瑛,UCvItIQlp9308m5Ii1lTaeCg,63,,,,2284,周杰伦 演唱会,2026-07-31T14:06:15.904475+00:00
_WrJ8Ca7MQs,https://www.youtube.com/watch?v=_WrJ8Ca7MQs,1080 周杰伦 一路向北MV,sc s,UCOmlatt1RhJtaPPKZtMlKdw,300,,,,52,周杰伦 1080P MV,2026-07-31T14:06:15.904475+00:00
BVBfpD99s6o,https://www.youtube.com/watch?v=BVBfpD99s6o,1080P 杜比视界 周杰伦【嘉年华】世界巡回演唱会 2024.4.20 杭州 DAY3 现场全程直拍,墨舒,UCG9LOn3roFACLSgMe8y-afQ,10889,,,,6436,周杰伦 演唱会,2026-07-31T14:06:15.904475+00:00
zXuPUUcTqow,https://www.youtube.com/watch?v=zXuPUUcTqow,1080P修复合集 周杰伦2000 2011发行MV 1080P修复版合集,china chao东方潮,UCzdANGpBFpDTea8cBcd0gCw,240,,,,87,周杰伦 1080P MV,2026-07-31T14:06:15.904475+00:00
C8yJcdxOCJc,https://www.youtube.com/watch?v=C8yJcdxOCJc,10月23日中午12點拓元售票 周杰倫嘉年華世界巡迴演唱會-台北站,周杰倫 Jay Chou,UC8CU5nVhCQIdAGrFFp4loOQ,31,,,,689400,周杰伦 演唱会,2026-07-31T14:06:15.904475+00:00
Jofc3AlqHOk,https://www.youtube.com/watch?v=Jofc3AlqHOk,10首 周杰倫中國風 歌曲,AllenWarrior,UCi2LfNqWPDoPbLORv0RSUHw,2691,,,,19158,周杰伦 JVR Music,2026-07-31T14:06:15.904475+00:00
Jd1Pw6vqdiw,https://www.youtube.com/watch?v=Jd1Pw6vqdiw,113.12.7周杰倫嘉年華世界巡迴演唱會台北場點歌時間「白色風車」,Sandy_lo,UCC_QlWO8PbJ_0YWjPXpjnfQ,121,,,,292,周杰伦 JVR Music,2026-07-31T14:06:15.904475+00:00
GYQGuI4uhUQ,https://www.youtube.com/watch?v=GYQGuI4uhUQ,12.10🇸🇬周杰伦嘉年华演唱会-新加坡 DAY 2 ｜点歌视频#jaychou #周杰伦嘉年华演唱会 #周杰伦 #周杰伦演唱会,KE-瑛,UCvItIQlp9308m5Ii1lTaeCg,148,,,,5624,周杰伦 演唱会,2026-07-31T14:06:15.904475+00:00
Z6P9UK2wkeQ,https://www.youtube.com/watch?v=Z6P9UK2wkeQ,12.周杰倫 十二新作 (2012 專輯) Jū ni shinsaku | Jay Chou - Opus 12 Full Album | 周杰倫好聽的10首歌,Katelyn Todd,UCCKhLLtg4Sst1SNMcAoPU-A,2870,,,,542,周杰伦 专辑,2026-07-31T14:06:15.904475+00:00
xPz8QtFlDcE,https://www.youtube.com/watch?v=xPz8QtFlDcE,12/7周杰倫演唱會，阿KEN介紹現場來賓片段，歡樂不斷，介紹每一位來賓內容都非常有趣…,Chien Chien 的生活日常,UCplERAXyV_5RaOEzqDPaTQA,1962,,,,396505,周杰伦 演唱会,2026-07-31T14:06:15.904475+00:00
5kZ79scNawE,https://www.youtube.com/watch?v=5kZ79scNawE,1分钟周杰伦歌曲MV--晴天,Chris Liu,UCtn5mhK5NvHzLW4TXuPsfWw,127,,,,241,周杰伦 Sony Music Taiwan | 周杰伦 歌曲,2026-07-31T14:06:15.904475+00:00
jcBU-j3HRKU,https://www.youtube.com/watch?v=jcBU-j3HRKU,2 FAST 2  FURIOUS :TAIPING DRIFT  ft  JAY CHOU (飘移 MV),Jay WowCoolMan,UC_4ps04izZiBdtw8yhMyZ3A,324,,,,1263,Jay Chou Official MV,2026-07-31T14:06:15.904475+00:00
gEyNODnIwZE,https://www.youtube.com/watch?v=gEyNODnIwZE,2. 周杰伦 范特西 (2001專輯) Jay Chou (Fantasy) Full Album | 周杰倫好聽的10首歌 Best Songs Of Jay Chou 周杰倫最偉大的命中,杰威爾歌詞MV頻道JVR Lyric MV,UCsMWXIFViw8KxCl1i7X8deA,2406,,,,3245501,周杰伦 4K MV | 周杰伦 专辑 | 周杰伦 杰威尔音乐 | 周杰伦 歌曲,2026-07-31T14:06:15.904475+00:00
pnPvCEJqRtA,https://www.youtube.com/watch?v=pnPvCEJqRtA,2001周杰倫 - 愛在西元前(高音質),夏夜晚風,UChfPgGPmJXS9ri_2CoPRMTA,240,,,,147271,周杰伦 高音质,2026-07-31T14:06:15.904475+00:00
Wen0wqtH5I8,https://www.youtube.com/watch?v=Wen0wqtH5I8,2003周杰倫 - 軌跡(高音質),夏夜晚風,UChfPgGPmJXS9ri_2CoPRMTA,330,,,,517,周杰伦 高音质,2026-07-31T14:06:15.904475+00:00
D-nmtnP2cIk,https://www.youtube.com/watch?v=D-nmtnP2cIk,2004 百事可樂九星競技廣告《突破渴望》郭富城 鄭秀文 周杰倫 蔡依林 陳冠希 F4,張哲生,UC2RREYXc7B-LBTH7xb-d_OQ,180,,,,9125,周杰伦 完整版,2026-07-31T14:06:15.904475+00:00
GX_vUmnuEiU,https://www.youtube.com/watch?v=GX_vUmnuEiU,2004.08.17康熙來了完整版(第三季第28集)　耍帥音樂小教夫《上》－周杰倫,康熙好經典,UC8mAFu8AQNdJfiBS33qWvTA,2686,,,,538905,周杰伦 完整版,2026-07-31T14:06:15.904475+00:00
xzKrsclCoVo,https://www.youtube.com/watch?v=xzKrsclCoVo,2005.11.14康熙來了之康永當家完整版　周杰倫的男人味－周杰倫、劉耕宏,康熙好經典,UC8mAFu8AQNdJfiBS33qWvTA,2755,,,,139570,周杰伦 完整版,2026-07-31T14:06:15.904475+00:00
9nwY8ZFBdLo,https://www.youtube.com/watch?v=9nwY8ZFBdLo,2007年周杰倫香港演唱會：李雲迪擔任嘉賓彈secret(完整版),tsang tsz to,UCx1yeULo6mH3OhRQ3iE45_A,319,,,,353075,周杰伦 完整版,2026-07-31T14:06:15.904475+00:00
985cgLu6wVM,https://www.youtube.com/watch?v=985cgLu6wVM,2009.12.29康熙來了完整版　周杰倫 林志玲來囉,我愛貓大,UC-z9BI8hMHNPrvnccyWgjyg,2556,,,,172499,周杰伦 完整版,2026-07-31T14:06:15.904475+00:00
yrm-KO5bWCw,https://www.youtube.com/watch?v=yrm-KO5bWCw,2010-05-23周杰倫跨時代簽唱會：超人不會飛,ed84on82,UCrzr0By2Vl1wNiCeLziAtVw,310,,,,774,周杰伦 Sony Music Taiwan,2026-07-31T14:06:15.904475+00:00
rbGmIhqdRw8,https://www.youtube.com/watch?v=rbGmIhqdRw8,2010.06.03康熙來了完整版　周杰倫大牌好友來爆料,我愛貓大,UC-z9BI8hMHNPrvnccyWgjyg,2701,,,,294699,周杰伦 完整版,2026-07-31T14:06:15.904475+00:00
yDpQuFqwqSQ,https://www.youtube.com/watch?v=yDpQuFqwqSQ,2010.06.03康熙來了完整版　周杰倫大牌好友來爆料,我愛貓大,UC-z9BI8hMHNPrvnccyWgjyg,2563,,,,18334,周杰伦 完整版,2026-07-31T14:06:15.904475+00:00
WVbUfdmvp4w,https://www.youtube.com/watch?v=WVbUfdmvp4w,20101017 周杰倫 繽紛花博演唱會 16  說了再見.MTS,李瑋倫,UCmC3zj5xBXYKmJMartEFumw,242,,,,23510,周杰伦 现场 Live,2026-07-31T14:06:15.904475+00:00
NKQGUjtw6LU,https://www.youtube.com/watch?v=NKQGUjtw6LU,2011 Central China TV 5-hour show for Traditional New Year-Taiwan singer Jay Chou,Weijia Wang,UC6-YLo7e8XSull3sF5bfADA,244,,,,26934,周杰伦 Sony Music Taiwan,2026-07-31T14:06:15.904475+00:00
4y0SCXI1BoU,https://www.youtube.com/watch?v=4y0SCXI1BoU,2011 Chinese New Year Gala【Year of Rabbit】歌曲《兰亭序》周杰伦 林志玲丨CCTV,CCTV春晚,UCjnJ4buqbnpRVaT3IDUQPZQ,243,,,,217860,周杰伦 1080P MV | 周杰伦 现场 Live,2026-07-31T14:06:15.904475+00:00
iUgsuh2cRo4,https://www.youtube.com/watch?v=iUgsuh2cRo4,2011-11-28康熙來了完整版 周杰倫的J大樓入住名單!,我愛貓大,UC-z9BI8hMHNPrvnccyWgjyg,2619,,,,3861,周杰伦 完整版,2026-07-31T14:06:15.904475+00:00
rBfeXCP9Jzs,https://www.youtube.com/watch?v=rBfeXCP9Jzs,2011.11.28康熙來了完整版　周杰倫的Ｊ大樓入住名單！,我愛貓大,UC-z9BI8hMHNPrvnccyWgjyg,2700,,,,381719,周杰伦 完整版,2026-07-31T14:06:15.904475+00:00
eRrqo_YvHYE,https://www.youtube.com/watch?v=eRrqo_YvHYE,20111106 阿峰老師MV舞蹈教學~周杰倫 Mine Mine,megamaxdance,UCtGolp-__o-PqxJe8sA0g5w,114,,,,16007,周杰伦 1080P MV,2026-07-31T14:06:15.904475+00:00
3HcGPO99jYQ,https://www.youtube.com/watch?v=3HcGPO99jYQ,2012周杰倫「愛瑪」電動車英倫版 TVC廣告,Jay2umediagroup,UCyDwCERCtpYyzYspNl2M45g,41,,,,945,周杰伦 Sony Music Taiwan,2026-07-31T14:06:15.904475+00:00
l46Qo5YPFzc,https://www.youtube.com/watch?v=l46Qo5YPFzc,2012年4月2日周杰倫記者會 Jay Chou Press Conference,周杰倫 Jay Chou,UC8CU5nVhCQIdAGrFFp4loOQ,199,,,,66029,Jay Chou Official MV | 周杰伦 Official Music Video | 周杰伦 官方 MV | 周杰伦 歌曲,2026-07-31T14:06:15.904475+00:00
KKw8c4wTTnM,https://www.youtube.com/watch?v=KKw8c4wTTnM,2013-07-01康熙來了完整版 周杰倫大導演的第二彈,我愛貓大,UC-z9BI8hMHNPrvnccyWgjyg,2624,,,,2716,周杰伦 完整版,2026-07-31T14:06:15.904475+00:00
Z0IGPUS1dcY,https://www.youtube.com/watch?v=Z0IGPUS1dcY,2013.01.07康熙來了完整版　出道12年還是那個周杰倫,我愛貓大,UC-z9BI8hMHNPrvnccyWgjyg,2696,,,,1889846,周杰伦 完整版,2026-07-31T14:06:15.904475+00:00
5p4pEbcmwqo,https://www.youtube.com/watch?v=5p4pEbcmwqo,2013.01.16SS小燕之夜完整版　周杰倫的音樂小宇宙,中天娛樂頻道,UC0UX_EK8-UuBi-OrkmWB6eA,2691,,,,30312,周杰伦 完整版,2026-07-31T14:06:15.904475+00:00
DisoDK4CzWA,https://www.youtube.com/watch?v=DisoDK4CzWA,2013.07.01康熙來了完整版　周杰倫大導演的第二彈,我愛貓大,UC-z9BI8hMHNPrvnccyWgjyg,2685,,,,1220508,周杰伦 完整版,2026-07-31T14:06:15.904475+00:00
Ut9dQaUjrgk,https://www.youtube.com/watch?v=Ut9dQaUjrgk,2013.11.19中天青年論壇完整版【周杰倫－好久不見】,快點TV,UCokOmKCQAugpV1t6lombFFA,5892,,,,20176,周杰伦 完整版,2026-07-31T14:06:15.904475+00:00
tY9RCFetVN0,https://www.youtube.com/watch?v=tY9RCFetVN0,2013周杰倫魔天倫台北小巨蛋演唱會 與鄧麗君合唱「你怎麼說」「紅塵客棧」「千里之外」,dalphinus,UCbFvy-8hxvZ4TVwHuRuNKLg,314,,,,65223,周杰伦 JVR Music | 周杰伦 杰威尔音乐 | 周杰伦 演唱会,2026-07-31T14:06:15.904475+00:00
yjUtqJd7Z_w,https://www.youtube.com/watch?v=yjUtqJd7Z_w,2014.03周杰倫相見歡活動紀錄 同學感謝影片讓周董動容,周杰倫 Jay Chou,UC8CU5nVhCQIdAGrFFp4loOQ,476,,,,52174,周杰伦 完整版,2026-07-31T14:06:15.904475+00:00
QZU_qDJXF48,https://www.youtube.com/watch?v=QZU_qDJXF48,2014江蘇衛視周杰倫跨年演唱會,Jhin,UCA6SolJNTYEtoDSk_SkBMbg,2421,,,,523158,周杰伦 现场 Live,2026-07-31T14:06:15.904475+00:00
mhcYogRdFu4,https://www.youtube.com/watch?v=mhcYogRdFu4,2015.01.08SS小燕之夜完整版　他們和周杰倫的那些日子！,同學來了,UCYu7Fc1bLWCL81kzpzIaIYA,2676,,,,1406518,周杰伦 完整版,2026-07-31T14:06:15.904475+00:00
4lhKXScz_q0,https://www.youtube.com/watch?v=4lhKXScz_q0,2016 Gopro Hero4 Taiwan 台灣機車環島-各鄉鎮美食吃透透(四極點)  Music:周杰倫 Jay Chou-說走就走 Let's Go,YO STAR,UCDqrDywSxicSOkK-B71P8Sw,282,,,,17429,周杰伦 Sony Music Taiwan,2026-07-31T14:06:15.904475+00:00
2Z42hfzaInY,https://www.youtube.com/watch?v=2Z42hfzaInY,20160530藝起看星聞　周杰倫為愛女譜曲　「小周周」MV入鏡,中天深喉嚨,UCwbtZdhuhANYFNRPa99-16Q,221,,,,1322,周杰伦 Sony Music Taiwan,2026-07-31T14:06:15.904475+00:00
tfvoXr7raXc,https://www.youtube.com/watch?v=tfvoXr7raXc,20160911 MiX Creative 台中益民商圈 周杰倫 - 愛情廢柴,鄭雨欣,UC0cYTyEgmizzjb8cl7_V1Pg,279,,,,104,周杰伦 Sony Music Taiwan,2026-07-31T14:06:15.904475+00:00
sKlq82Y9IoY,https://www.youtube.com/watch?v=sKlq82Y9IoY,2016周杰伦「地表最强」世界巡回演唱会太原站VCR JayCn山西歌迷会,手写的心,UCEG4Ajk_96SNL01cE89dxbg,23,,,,300,周杰伦 演唱会,2026-07-31T14:06:15.904475+00:00
M4Bv0PWD9_s,https://www.youtube.com/watch?v=M4Bv0PWD9_s,20170929 周杰倫+林俊傑 - 晴天 1080p (地表最強世界巡迴演唱會台北第二場),Tracy,UC1f5i7uX8ObUp6MaAumGQiA,104,,,,431,周杰伦 1080P MV,2026-07-31T14:06:15.904475+00:00
_DNe3EQB9a0,https://www.youtube.com/watch?v=_DNe3EQB9a0,20171001周杰倫地表最強巡迴演唱會台北站 菊花台 feat.伍思凱,杰特蒙Gentleman,UCHjFvTDB1Hyy5GW7d0ldKgA,91,,,,797011,周杰伦 演唱会,2026-07-31T14:06:15.904475+00:00
47sHyYiWC1U,https://www.youtube.com/watch?v=47sHyYiWC1U,2017周杰伦地表最强-西安站 歌迷小雨点歌《一路向北》1080p超清版,iDolTube爱豆情报团,UC-ZqLASaqLlUcYZMs_G2NJA,312,,,,159,周杰伦 1080P MV,2026-07-31T14:06:15.904475+00:00
Lz781Q937l4,https://www.youtube.com/watch?v=Lz781Q937l4,2018年新专辑周杰伦 - 2018年周杰伦地表最强2世界巡回演唱会有哪些地方行程一览表_吾爱 - 周杰伦2018新歌等你下课在哪下载_周杰伦 - 周杰伦的夜晚收藏 歌曲列表 - KKBOX,Jerri Delgado,UCwA2PK2nXFRp9SM70uS4WIg,5176,,,,12,周杰伦 专辑,2026-07-31T14:06:15.904475+00:00
P0pZVvjs_V0,https://www.youtube.com/watch?v=P0pZVvjs_V0,2018年新专辑周杰伦 - 2018年周杰伦地表最强2世界巡回演唱会有哪些地方行程一览表_吾爱 - 周杰伦2018新歌等你下课在哪下载_周杰伦 - 周杰伦的夜晚收藏 歌曲列表 - KKBOX,Rachel Lee,UCiT4_BlNNESyrZNClQMB_MQ,5176,,,,8,周杰伦 专辑,2026-07-31T14:06:15.904475+00:00
mPcmsncgQS0,https://www.youtube.com/watch?v=mPcmsncgQS0,2018年新专辑周杰伦 - 2018年周杰伦地表最强2世界巡回演唱会有哪些地方行程一览表_吾爱 - 周杰伦2018新歌等你下课在哪下载_周杰伦 - 周杰伦的夜晚收藏 歌曲列表 - KKBOX,TÂN NGÔ PHÚC NGỌC,UCAlwpmcDB4EdorTadZB6hyw,5112,,,,19,周杰伦 专辑,2026-07-31T14:06:15.904475+00:00
pGF8f4dRlcg,https://www.youtube.com/watch?v=pGF8f4dRlcg,2018最“神級”對唱歌曲，兩位“大神”究竟是何方神聖？,台灣索尼音樂 Sony Music Taiwan,UCFtUq0ml-coWmD70Pt_urRA,17,,,,3837,周杰伦 Sony Music Taiwan,2026-07-31T14:06:15.904475+00:00
eg4lrkk0Xe0,https://www.youtube.com/watch?v=eg4lrkk0Xe0,2019周杰倫演唱會上海完整版！特别嘉宾陶喆！,vijay chiu,UCtf96elaK_7biqzs94fnE0g,6097,,,,8959,周杰伦 完整版,2026-07-31T14:06:15.904475+00:00
ijGATkRvTVg,https://www.youtube.com/watch?v=ijGATkRvTVg,2019地表最强 伦敦周杰伦演唱会！Jay Chou London  英国那些事儿 vlog #3,英国那些事儿,UCtny2KonB-pEFSxEzq94WAA,564,,,,2513,周杰伦 演唱会,2026-07-31T14:06:15.904475+00:00
ekP9UTzqZ9o,https://www.youtube.com/watch?v=ekP9UTzqZ9o,20200707飆股特快車,SBN全球財經台,UCtNL3hNIPMvwYufr1VKLi1Q,1643,,,,389,周杰伦 完整版 | 周杰伦 现场 Live,2026-07-31T14:06:15.904475+00:00
ew1mpTn4hfc,https://www.youtube.com/watch?v=ew1mpTn4hfc,2020年必聽過年情歌！如果周杰倫唱新年歌？【放假很多天】 ft.不像五月天阿信的CodyHong Official MV 4K,CodyHongTV,UCqCMxr4mjSFxgoU8f8ZFo3w,222,,,,376235,周杰伦 4K MV,2026-07-31T14:06:15.904475+00:00
hI2RRhIE2Js,https://www.youtube.com/watch?v=hI2RRhIE2Js,2021.11.01 鄭怡琳 Cover (20) 周杰倫 說好不哭,走自己的路,UCEvUY2yw2ddBFWvl4Iq7yTA,247,,,,37,周杰伦 Sony Music Taiwan,2026-07-31T14:06:15.904475+00:00
yEGHRCan4vc,https://www.youtube.com/watch?v=yEGHRCan4vc,2021/08/09  台股量縮回測季線，中小電子急跌誰賣出?  王榮旭分析師,投資總舖師 王榮旭,UCi-2okN64tcrY5F09E2pb1Q,887,,,,2703,周杰伦 lyric video | 周杰伦 完整版 | 周杰伦 歌词版 | 周杰伦 现场 Live,2026-07-31T14:06:15.904475+00:00
UzjNMHzUMdw,https://www.youtube.com/watch?v=UzjNMHzUMdw,20210115大時代,SBN全球財經台,UCtNL3hNIPMvwYufr1VKLi1Q,1641,,,,463,周杰伦 完整版,2026-07-31T14:06:15.904475+00:00
GUBF6u7PWR0,https://www.youtube.com/watch?v=GUBF6u7PWR0,20210115操盤戰將 後,SBN全球財經台,UCtNL3hNIPMvwYufr1VKLi1Q,1643,,,,339,周杰伦 完整版,2026-07-31T14:06:15.904475+00:00
LcpaWURU9RQ,https://www.youtube.com/watch?v=LcpaWURU9RQ,20210219豪門世家,SBN全球財經台,UCtNL3hNIPMvwYufr1VKLi1Q,1646,,,,131,周杰伦 完整版,2026-07-31T14:06:15.904475+00:00
SogJaxeq9Qs,https://www.youtube.com/watch?v=SogJaxeq9Qs,20210429當沖狠角色,SBN全球財經台,UCtNL3hNIPMvwYufr1VKLi1Q,1572,,,,165,周杰伦 Official Music Video,2026-07-31T14:06:15.904475+00:00
c1G06jAJUbI,https://www.youtube.com/watch?v=c1G06jAJUbI,2021年最新周杰伦全网点击播放量前十歌曲汇总，词以达意，歌以动情！,种花家搬运工,UCvMDwxD_ntp2zYSeyZ7tI0w,2528,,,,4,周杰伦 杰威尔音乐,2026-07-31T14:06:15.904475+00:00
DGbTAxxbZN0,https://www.youtube.com/watch?v=DGbTAxxbZN0,2022 周杰伦嘉年华演唱会《安静》,Em L,UCLq2WrqlfgsUQ2tnyljY7xg,89,,,,200,周杰伦 演唱会,2026-07-31T14:06:15.904475+00:00
1X1HfAtC8rA,https://www.youtube.com/watch?v=1X1HfAtC8rA,2022/10/25  台積電明年衰退，半導體帶衰台股測  蔡明彰,蔡總選黑馬 蔡明彰,UCHjkjx50-BTduhjwiwFA3nw,380,,,,12478,Jay Chou Official MV | 周杰伦 歌词版 | 周杰伦 高音质,2026-07-31T14:06:15.904475+00:00
cC0yXbE_N8g,https://www.youtube.com/watch?v=cC0yXbE_N8g,2022/11/01  陸港股市強彈帶動台股第二天收紅 蔡明彰,蔡總選黑馬 蔡明彰,UCHjkjx50-BTduhjwiwFA3nw,417,,,,12773,周杰伦 完整版 | 周杰伦 歌曲,2026-07-31T14:06:15.904475+00:00
8xtWzTPVhKI,https://www.youtube.com/watch?v=8xtWzTPVhKI,20220119大時代,SBN全球財經台,UCtNL3hNIPMvwYufr1VKLi1Q,1640,,,,250,周杰伦 完整版,2026-07-31T14:06:15.904475+00:00
4cHKHH9EUYk,https://www.youtube.com/watch?v=4cHKHH9EUYk,2022周杰伦新专辑《最伟大的作品》《还在流浪》《粉色海洋》,暮惜Studio ,UCCWnEQ4_7qGaWNX0vs_gdEQ,1456,,,,203,周杰伦 专辑,2026-07-31T14:06:15.904475+00:00
6Q6yvHMvutE,https://www.youtube.com/watch?v=6Q6yvHMvutE,2023 周杰伦嘉年华｜世界巡回演唱会｜🇲🇾 马来西亚站｜Jay Chou Carnival World Tour｜演唱会Vlog,慢慢看世界,UCdNXk3CUpnnmCtbnTkdr5tQ,2786,,,,540,周杰伦 演唱会,2026-07-31T14:06:15.904475+00:00
_v7NNmrc5ao,https://www.youtube.com/watch?v=_v7NNmrc5ao,2023/03/30  華邦今年來漲29%，欣興漲23%，PCB基板是下個AI輪動  蔡明彰,蔡總選黑馬 蔡明彰,UCHjkjx50-BTduhjwiwFA3nw,415,,,,10610,周杰伦 Official Music Video | 周杰伦 完整版 | 周杰伦 歌词版,2026-07-31T14:06:15.904475+00:00
m9Yp72h9oOE,https://www.youtube.com/watch?v=m9Yp72h9oOE,20230907飆股特快車 黃明松分析師,SBN全球財經台,UCtNL3hNIPMvwYufr1VKLi1Q,1659,,,,982,周杰伦 完整版,2026-07-31T14:06:15.904475+00:00
kio0t5iegXg,https://www.youtube.com/watch?v=kio0t5iegXg,20241205周杰倫嘉年華世界巡迴演唱會 - 介紹藝人篇,Ariel Chen,UCvrvPWD4OQj0T09YBcPaadA,358,,,,496072,周杰伦 演唱会,2026-07-31T14:06:15.904475+00:00
L1gjWi4R2Ww,https://www.youtube.com/watch?v=L1gjWi4R2Ww,20241205周杰倫嘉年華世界巡迴演唱會- 二姐江蕙解除封印全集！,Ariel Chen,UCvrvPWD4OQj0T09YBcPaadA,654,,,,118936,周杰伦 演唱会,2026-07-31T14:06:15.904475+00:00
JieM5BCrjeA,https://www.youtube.com/watch?v=JieM5BCrjeA,20241206 周杰倫台北大巨蛋嘉年華世界巡迴演唱會完整版 day2 P1,大脸鸭的龟房,UCcW5spGQ7tJwN0OjW5sIqyg,6591,,,,7466,周杰伦 完整版 | 周杰伦 演唱会,2026-07-31T14:06:15.904475+00:00
xOCRfafT8bg,https://www.youtube.com/watch?v=xOCRfafT8bg,20241207 周杰倫台北大巨蛋嘉年華世界巡迴演唱會完整版 day3 P1,大脸鸭的龟房,UCcW5spGQ7tJwN0OjW5sIqyg,5008,,,,4790,周杰伦 完整版 | 周杰伦 演唱会,2026-07-31T14:06:15.904475+00:00
yU7scRj7UDE,https://www.youtube.com/watch?v=yU7scRj7UDE,20241207 周杰倫台北大巨蛋嘉年華世界巡迴演唱會完整版 day3 P3,大脸鸭的龟房,UCcW5spGQ7tJwN0OjW5sIqyg,4011,,,,3589,周杰伦 完整版,2026-07-31T14:06:15.904475+00:00
luIue_GHcJk,https://www.youtube.com/watch?v=luIue_GHcJk,20241207周杰倫嘉年華演唱會-一路向北#jaychou #周杰倫 #陳冠希,光頭叔叔,UCdbKPYkwOefG4WPlllYHK_A,123,,,,177554,周杰伦 演唱会 | 周杰伦 现场 Live,2026-07-31T14:06:15.904475+00:00
g5DA940qIVs,https://www.youtube.com/watch?v=g5DA940qIVs,20241208 周杰倫 嘉年華 演唱會 - 告白氣球,YC,UCCqh5kT1HhUCBTnN-BRedXQ,212,,,,5,周杰伦 杰威尔音乐,2026-07-31T14:06:15.904475+00:00
CqMoIiVharA,https://www.youtube.com/watch?v=CqMoIiVharA,20241208 周杰倫 嘉年華 演唱會 - 我是如此相信 feat. 五月天,YC,UCCqh5kT1HhUCBTnN-BRedXQ,244,,,,18,周杰伦 JVR Music | 周杰伦 杰威尔音乐,2026-07-31T14:06:15.904475+00:00
YoPFr76KHvQ,https://www.youtube.com/watch?v=YoPFr76KHvQ,20241208 周杰倫 嘉年華 演唱會 - 說好不哭,YC,UCCqh5kT1HhUCBTnN-BRedXQ,127,,,,7,周杰伦 JVR Music | 周杰伦 杰威尔音乐,2026-07-31T14:06:15.904475+00:00
Z8mZnJx-mzA,https://www.youtube.com/watch?v=Z8mZnJx-mzA,20241208 周杰倫 嘉年華 演唱會 - 選號點歌 星晴,YC,UCCqh5kT1HhUCBTnN-BRedXQ,33,,,,2,周杰伦 JVR Music,2026-07-31T14:06:15.904475+00:00
I9L2aXlk0Ds,https://www.youtube.com/watch?v=I9L2aXlk0Ds,20241208 周杰倫 嘉年華 演唱會 - 阿妹在看台被發現,YC,UCCqh5kT1HhUCBTnN-BRedXQ,240,,,,2,周杰伦 JVR Music,2026-07-31T14:06:15.904475+00:00
Kq2fEe7MXSc,https://www.youtube.com/watch?v=Kq2fEe7MXSc,20241208 周杰倫 嘉年華 演唱會 - 陽光宅男,YC,UCCqh5kT1HhUCBTnN-BRedXQ,214,,,,15,周杰伦 JVR Music,2026-07-31T14:06:15.904475+00:00
Zc9XHyQ1Zak,https://www.youtube.com/watch?v=Zc9XHyQ1Zak,20241208 周杰倫 嘉年華 演唱會 - 點歌 楓,YC,UCCqh5kT1HhUCBTnN-BRedXQ,128,,,,7,周杰伦 JVR Music | 周杰伦 杰威尔音乐,2026-07-31T14:06:15.904475+00:00
uMjHCXYvZ6M,https://www.youtube.com/watch?v=uMjHCXYvZ6M,20241208 周杰倫 嘉年華 演唱會 - 點歌 浪漫手機,YC,UCCqh5kT1HhUCBTnN-BRedXQ,164,,,,17,周杰伦 JVR Music,2026-07-31T14:06:15.904475+00:00
f8cALwZ2HZg,https://www.youtube.com/watch?v=f8cALwZ2HZg,20241208 周杰倫 嘉年華 演唱會 - 點歌 煙花易冷,YC,UCCqh5kT1HhUCBTnN-BRedXQ,121,,,,12,周杰伦 JVR Music,2026-07-31T14:06:15.904475+00:00
rKRLOk0XU5o,https://www.youtube.com/watch?v=rKRLOk0XU5o,20241208 周杰倫嘉年華台北演唱會 嘉賓林志玲+山下智久+陳傑憲+五月天+阿妹,ruujer,UCM37YZWpP41pYGS6POQs2_g,2742,,,,211063,周杰伦 演唱会,2026-07-31T14:06:15.904475+00:00
bQHaLBD1fCE,https://www.youtube.com/watch?v=bQHaLBD1fCE,20241208周杰倫嘉年華演唱會 五月天 你不是真正的快樂,SoNice 的娛樂時間,UCfS2m09gcYT2aQWRzO6dIcg,263,,,,58665,周杰伦 演唱会,2026-07-31T14:06:15.904475+00:00
BJJIcX7lKGk,https://www.youtube.com/watch?v=BJJIcX7lKGk,20241208周杰倫嘉年華演唱會 五月天 我是如此相信,SoNice 的娛樂時間,UCfS2m09gcYT2aQWRzO6dIcg,254,,,,31043,周杰伦 现场 Live,2026-07-31T14:06:15.904475+00:00
9e4agZNoLN8,https://www.youtube.com/watch?v=9e4agZNoLN8,20241208周杰倫嘉年華演唱會 張惠妹 如果你也聽說,SoNice 的娛樂時間,UCfS2m09gcYT2aQWRzO6dIcg,129,,,,1098,周杰伦 现场 Live,2026-07-31T14:06:15.904475+00:00
oeCErYJpshc,https://www.youtube.com/watch?v=oeCErYJpshc,20241208周杰倫嘉年華演唱會 張惠妹 連名帶姓,SoNice 的娛樂時間,UCfS2m09gcYT2aQWRzO6dIcg,86,,,,2802,周杰伦 现场 Live,2026-07-31T14:06:15.904475+00:00
atedJ1Iu91g,https://www.youtube.com/watch?v=atedJ1Iu91g,2024周杰倫Jay Chou嘉年華演唱會 《青花瓷 》4k60fps 高音質 台北大巨蛋,周維澄 Chou ,UCy0pQUFHBxRs10j-EjDsd_g,30,,,,162,周杰伦 高音质,2026-07-31T14:06:15.904475+00:00
rns0lUPW324,https://www.youtube.com/watch?v=rns0lUPW324,2024周杰倫Jay Chou嘉年華演唱會 《青花瓷 》4k60fps 高音質 台北大巨蛋,周維澄 Chou ,UCy0pQUFHBxRs10j-EjDsd_g,33,,,,150,周杰伦 高音质,2026-07-31T14:06:15.904475+00:00
g9qnYwxf_Yk,https://www.youtube.com/watch?v=g9qnYwxf_Yk,2024周杰倫Jay Chou嘉年華演唱會《 明明就》4k60fps 高音質 台北大巨蛋,周維澄 Chou ,UCy0pQUFHBxRs10j-EjDsd_g,43,,,,281,周杰伦 高音质,2026-07-31T14:06:15.904475+00:00
FbH-c5KUlEE,https://www.youtube.com/watch?v=FbH-c5KUlEE,2024周杰倫Jay Chou嘉年華演唱會《彩虹 》4k60fps 高音質 台北大巨蛋,周維澄 Chou ,UCy0pQUFHBxRs10j-EjDsd_g,111,,,,152,周杰伦 高音质,2026-07-31T14:06:15.904475+00:00
NZUd7PwNAXg,https://www.youtube.com/watch?v=NZUd7PwNAXg,2024周杰倫Jay Chou嘉年華演唱會《我不配 》4k60fps 高音質 台北大巨蛋,周維澄 Chou ,UCy0pQUFHBxRs10j-EjDsd_g,40,,,,246,周杰伦 高音质,2026-07-31T14:06:15.904475+00:00
6Va77xcQDOE,https://www.youtube.com/watch?v=6Va77xcQDOE,2024周杰倫Jay Chou嘉年華演唱會《紅塵客棧 》4k60fps 高音質 台北大巨蛋,周維澄 Chou ,UCy0pQUFHBxRs10j-EjDsd_g,100,,,,230,周杰伦 高音质,2026-07-31T14:06:15.904475+00:00
H18IcPvTBoM,https://www.youtube.com/watch?v=H18IcPvTBoM,2024周杰倫Jay Chou嘉年華演唱會《花海》4k60fps 高音質 台北大巨蛋,周維澄 Chou ,UCy0pQUFHBxRs10j-EjDsd_g,163,,,,301,周杰伦 高音质,2026-07-31T14:06:15.904475+00:00
muHTjDS62KE,https://www.youtube.com/watch?v=muHTjDS62KE,2024周杰倫Jay Chou嘉年華演唱會《菊花台 》4k60fps 高音質 台北大巨蛋,周維澄 Chou ,UCy0pQUFHBxRs10j-EjDsd_g,260,,,,285,周杰伦 高音质,2026-07-31T14:06:15.904475+00:00
qZxJqHcvh4U,https://www.youtube.com/watch?v=qZxJqHcvh4U,2024周杰倫Jay Chou嘉年華演唱會《退後 》4k60fps 高音質 台北大巨蛋,周維澄 Chou ,UCy0pQUFHBxRs10j-EjDsd_g,91,,,,217,周杰伦 高音质,2026-07-31T14:06:15.904475+00:00
nKXy0EokeUA,https://www.youtube.com/watch?v=nKXy0EokeUA,2024周杰倫Jay Chou嘉年華演唱會《青花瓷 》4k60fps 高音質 台北大巨蛋,周維澄 Chou ,UCy0pQUFHBxRs10j-EjDsd_g,237,,,,736,周杰伦 高音质,2026-07-31T14:06:15.904475+00:00
bBtGLqVJS4M,https://www.youtube.com/watch?v=bBtGLqVJS4M,2024周杰倫嘉年華世界巡迴演唱會-點歌環節 退後,Ariel Chen,UCvrvPWD4OQj0T09YBcPaadA,95,,,,78373,周杰伦 现场 Live,2026-07-31T14:06:15.904475+00:00
cqzoQE5nSB4,https://www.youtube.com/watch?v=cqzoQE5nSB4,2024年10月12日｜周六｜Day 2｜周杰伦嘉年华演唱会｜🇸🇬 新加坡｜FULL  ｜🏟️✨ 感谢所有粉丝的热情！,Jerry Ong,UCz5mC3hLF7JHLIsqC9EX3Dg,8412,,,,12405,周杰伦 完整版 | 周杰伦 演唱会,2026-07-31T14:06:15.904475+00:00
0Du0AHcrfms,https://www.youtube.com/watch?v=0Du0AHcrfms,2024年4月7日，周杰伦横滨嘉年华,团子PAPA,UCn-l5LVO9rvOR4135HN5Z3Q,10383,,,,8214,周杰伦 演唱会,2026-07-31T14:06:15.904475+00:00
UQYszH0c2wg,https://www.youtube.com/watch?v=UQYszH0c2wg,2025年周杰伦“嘉年华”演唱会 南宁站,stephen wong,UCvva0s082NROCQ4TSAnzU-w,5925,,,,5004,周杰伦 演唱会,2026-07-31T14:06:15.904475+00:00
6eoSr21Qbdk,https://www.youtube.com/watch?v=6eoSr21Qbdk,2025年，刀郎、周杰伦、王杰，谁的新专辑更影响力？#王杰 #刀郎 #周杰伦,曹璐LuLu,UC-tk3nylMlq5H6USQ_v-qww,293,,,,37,周杰伦 专辑,2026-07-31T14:06:15.904475+00:00
I9y4Aoq2apM,https://www.youtube.com/watch?v=I9y4Aoq2apM,2026 04 05 周杰伦“烟花杭州”演唱会，演唱《七月的极光+明明就》,video qiaqiaqia,UCAefyEqKHF3s9ifjKE3IzKw,170,,,,1159,周杰伦 演唱会,2026-07-31T14:06:15.904475+00:00
Smq8nE4lNpo,https://www.youtube.com/watch?v=Smq8nE4lNpo,2026 04 05 周杰伦“烟花杭州”演唱会，演唱《你听得到+甜甜的》,video qiaqiaqia,UCAefyEqKHF3s9ifjKE3IzKw,197,,,,435,周杰伦 演唱会,2026-07-31T14:06:15.904475+00:00
7YYxERVVUQk,https://www.youtube.com/watch?v=7YYxERVVUQk,2026 04 05 周杰伦“烟花杭州”演唱会，演唱《断了的弦+太阳之子》,video qiaqiaqia,UCAefyEqKHF3s9ifjKE3IzKw,455,,,,1775,周杰伦 演唱会,2026-07-31T14:06:15.904475+00:00
6pC226GIDgI,https://www.youtube.com/watch?v=6pC226GIDgI,2026 04 05 周杰伦“烟花杭州”演唱会，演唱《瓜牛+黑色幽默+晴天》,video qiaqiaqia,UCAefyEqKHF3s9ifjKE3IzKw,463,,,,3698,周杰伦 演唱会,2026-07-31T14:06:15.904475+00:00
eC_UDwwwOpA,https://www.youtube.com/watch?v=eC_UDwwwOpA,2026 04 05 周杰伦“烟花杭州”演唱会，演唱《那天下雨了》,video qiaqiaqia,UCAefyEqKHF3s9ifjKE3IzKw,239,,,,2201,周杰伦 演唱会,2026-07-31T14:06:15.904475+00:00
wjnzIIvfRJ8,https://www.youtube.com/watch?v=wjnzIIvfRJ8,2026 04 05 周杰伦“烟花杭州”演唱会，演唱《飘移+一路向北》,video qiaqiaqia,UCAefyEqKHF3s9ifjKE3IzKw,396,,,,2522,周杰伦 演唱会,2026-07-31T14:06:15.904475+00:00
A-m0RCIebvs,https://www.youtube.com/watch?v=A-m0RCIebvs,"2026 七月 新歌 🌨 2026 KKBOX華語單曲排行週榜 | 愛就一個字，總會有人，花海，最偉大的作品，如果可以 孤勇者，門沒鎖|周杰倫 ,、Eric 、 JJ Lin,G.E.M.",4K Lyric - KKBOX,UCcQirKq_7ibz7qnlMtJmpOA,4198,,,was_live,1931,周杰伦 lyric video | 周杰伦 歌曲,2026-07-31T14:06:15.904475+00:00
Vd4kylXynmE,https://www.youtube.com/watch?v=Vd4kylXynmE,"2026 七月 新歌 🌨 2026 KKBOX華語單曲排行週榜 | 愛就一個字，總會有人，花海，最偉大的作品，如果可以 孤勇者，門沒鎖|周杰倫 ,、Eric 、 JJ Lin,G.E.M.",4K Lyric - KKBOX,UCcQirKq_7ibz7qnlMtJmpOA,4193,,,was_live,166,周杰伦 lyric video,2026-07-31T14:06:15.904475+00:00
ul0T4Np02_4,https://www.youtube.com/watch?v=ul0T4Np02_4,2026 七月新歌 ☂ KKBOX華語單曲排行週榜｜50首超好聽的流行歌曲 ☁ 愛總會有人，我會等，斷送青春愛錯人，跳楼机，會呼吸的痛｜周杰倫 、王嘉尔、周興哲、林俊傑 、G.E.M.鄧紫棋,青春之声,UCMoWVuhimBFfC0kO9aP-VkQ,13460,,,was_live,2159,周杰伦 高音质,2026-07-31T14:06:15.904475+00:00
6gFiEl8mwKk,https://www.youtube.com/watch?v=6gFiEl8mwKk,"2026 七月新歌 🎶 KKBOX華語單曲排行週榜 | 愛就一個字, 若月亮沒來, 花海, 最偉大的作品, Letting Go|王嘉尔、周興哲、林俊傑、鄧紫棋、周杰倫 🎧 2026抖音最最最火",青春之声,UCMoWVuhimBFfC0kO9aP-VkQ,13703,,,was_live,3038,周杰伦 高音质,2026-07-31T14:06:15.904475+00:00
AiXkN_4OOC4,https://www.youtube.com/watch?v=AiXkN_4OOC4,"2026 七月新歌 🎶 KKBOX華語單曲排行週榜 | 愛就一個字, 若月亮沒來, 花海, 最偉大的作品, Letting Go|王嘉尔、周興哲、林俊傑、鄧紫棋、周杰倫 🎧 2026抖音最最最火",4K Lyric - KKBOX,UCcQirKq_7ibz7qnlMtJmpOA,4189,,,was_live,417,周杰伦 lyric video,2026-07-31T14:06:15.904475+00:00
QuP_vAKYek0,https://www.youtube.com/watch?v=QuP_vAKYek0,"2026 七月新歌 🎶 KKBOX華語單曲排行週榜 | 愛就一個字, 若月亮沒來, 花海, 最偉大的作品, Letting Go|王嘉尔、周興哲、林俊傑、鄧紫棋、周杰倫 🎧 2026抖音最最最火",音乐盒,UCUT3S3DnVveGF114aPMXO4Q,4914,,,was_live,20572,周杰伦 官方 MV,2026-07-31T14:06:15.904475+00:00
VLhErJU90hw,https://www.youtube.com/watch?v=VLhErJU90hw,"2026 七月新歌 🎶 KKBOX華語單曲排行週榜 | 愛就一個字, 若月亮沒來, 花海, 最偉大的作品, Letting Go|王嘉尔、周興哲、林俊傑、鄧紫棋、周杰倫 🎧 2026抖音最最最火",4K Lyric - KKBOX,UCcQirKq_7ibz7qnlMtJmpOA,4193,,,was_live,55,周杰伦 lyric video,2026-07-31T14:06:15.904475+00:00
l-JjxOcTza0,https://www.youtube.com/watch?v=l-JjxOcTza0,"2026 七月新歌 🎶 KKBOX華語單曲排行週榜 | 愛就一個字, 若月亮沒來, 花海, 最偉大的作品, Letting Go|王嘉尔、周興哲、林俊傑、鄧紫棋、周杰倫 🎧 2026抖音最最最火",4K Lyric - KKBOX,UCcQirKq_7ibz7qnlMtJmpOA,4187,,,was_live,1273,周杰伦 lyric video,2026-07-31T14:06:15.904475+00:00
U_Rbh8EKZxg,https://www.youtube.com/watch?v=U_Rbh8EKZxg,"2026 七月新歌 🎶 KKBOX華語單曲排行週榜 | 愛就一個字, 若月亮沒來, 花海, 最偉大的作品, Letting Go|王嘉尔、周興哲、林俊傑、鄧紫棋、周杰倫 🎧 2026超好聽的中文歌單",音乐盒,UCUT3S3DnVveGF114aPMXO4Q,4570,,,was_live,15258,周杰伦 官方 MV,2026-07-31T14:06:15.904475+00:00
l0Lw-gKzYuQ,https://www.youtube.com/watch?v=l0Lw-gKzYuQ,"2026 七月新歌 🎶 KKBOX華語單曲排行週榜 | 愛就一個字, 若月亮沒來, 花海, 最偉大的作品, Letting Go|王嘉尔、周興哲、林俊傑、鄧紫棋、周杰倫 🎧 2026超好聽的中文歌單",青春之声,UCMoWVuhimBFfC0kO9aP-VkQ,4630,,,was_live,1106,周杰伦 高音质,2026-07-31T14:06:15.904475+00:00
OHnCLgFaItM,https://www.youtube.com/watch?v=OHnCLgFaItM,2026 七月熱門華語歌曲 ✨ KKBOX七月單曲排行週榜｜我會等、總會有人、跳楼机、斷送青春愛錯人、聽說你 🎵 周杰倫、王嘉爾、Eric周興哲、JJ林俊傑、G.E.M.鄧紫棋｜2026抖音爆紅神曲,4K 音樂瞬間,UCXmfWQWmUq4GDF1BQpHxc-Q,12155,,,was_live,33060,周杰伦 歌曲,2026-07-31T14:06:15.904475+00:00
N_hPnSU9ocg,https://www.youtube.com/watch?v=N_hPnSU9ocg,"2026 八月新歌 🎶 KKBOX華語單曲排行週榜 | 愛就一個字, 若月亮沒來, 花海, 最偉大的作品, Letting Go|王嘉尔、周興哲、林俊傑、鄧紫棋、周杰倫 🎧 2026抖音最最最火",青春之声,UCMoWVuhimBFfC0kO9aP-VkQ,,,,is_upcoming,,周杰伦 高音质,2026-07-31T14:06:15.904475+00:00
SMgT4FUTa5k,https://www.youtube.com/watch?v=SMgT4FUTa5k,"2026 八月新歌 🎶 KKBOX華語單曲排行週榜 | 愛就一個字, 若月亮沒來, 花海, 最偉大的作品, Letting Go|王嘉尔、周興哲、林俊傑、鄧紫棋、周杰倫 🎧 2026抖音最最最火",4K 音樂瞬間,UCXmfWQWmUq4GDF1BQpHxc-Q,12668,,,was_live,279,周杰伦 高音质,2026-07-31T14:06:15.904475+00:00
WY_Wt_UEN3U,https://www.youtube.com/watch?v=WY_Wt_UEN3U,2026 年 七月必聽新歌 | KKBOX華語單曲排行週榜 🎧 《跳樓機》《總會有人》《會呼吸的痛》一開口直接淪陷💔 周杰倫・林俊傑・G.E.M.鄧紫棋・王嘉爾｜全網單曲循環必聽歌單,4K 音樂瞬間,UCXmfWQWmUq4GDF1BQpHxc-Q,,,,is_live,,周杰伦 歌曲,2026-07-31T14:06:15.904475+00:00
t3DvwNHu8ng,https://www.youtube.com/watch?v=t3DvwNHu8ng,2026 年最好聽的浪漫情歌 |2026 七月熱門華語歌曲✨KKBOX五月單曲排行週榜｜我會等、總會有人、跳楼机、斷送青春愛錯人、聽說你🎵周杰倫、王嘉爾、Eric周興哲、JJ林俊傑、G.E.M.鄧紫棋,星语馆,UC1dcDkvvWXOBOizdmTRWvMg,,,,is_live,,周杰伦 歌曲 | 周杰伦 高音质,2026-07-31T14:06:15.904475+00:00
jaAZuLMHEb4,https://www.youtube.com/watch?v=jaAZuLMHEb4,2026 年最好聽的浪漫情歌 🎧 座位、有一种遗憾叫我们、 最熟悉的陌生人、大魚、年輪、不將就 、演員| 于冬然、周深、毛不易、Eric Chou、A-Lin、G.E.M、 Jay Chou 💔,聲潮製作所,UCS4TMjR6mUEV-rQpevLON-Q,,,,is_live,,Jay Chou Official MV,2026-07-31T14:06:15.904475+00:00
UZwRp8HRRHQ,https://www.youtube.com/watch?v=UZwRp8HRRHQ,"2026 年最好聽的浪漫情歌 🎵 看著我的眼睛說, 跳樓機, 若無你我欲去佗位, 怪我太貪心, 從前說｜最新華語傷感情歌排行榜 💔 2026新歌 🍀",4K 音樂瞬間,UCXmfWQWmUq4GDF1BQpHxc-Q,,,,is_live,,周杰伦 歌曲 | 周杰伦 高音质,2026-07-31T14:06:15.904475+00:00
1JzX_7WxwaA,https://www.youtube.com/watch?v=1JzX_7WxwaA,2026.07.15【翻唱】周杰倫&五月天-陽光宅男&我要夏天&乾杯 (壓軸),Jack 💕,UCwxxnCyR5PW9KvpYKrBhO_A,600,,,,57,周杰伦 完整版,2026-07-31T14:06:15.904475+00:00
Gsn6hnWvoGc,https://www.youtube.com/watch?v=Gsn6hnWvoGc,20260404周杰伦杭州嘉年华，演唱《那天下雨了》,video qiaqiaqia,UCAefyEqKHF3s9ifjKE3IzKw,469,,,,7104,周杰伦 演唱会,2026-07-31T14:06:15.904475+00:00
M1ZN9lqUomg,https://www.youtube.com/watch?v=M1ZN9lqUomg,2026七月新歌 ☂ 2026 KKBOX華語單曲排行週榜｜50首超好聽的流行歌曲 ☁ 愛總會有人，我會等，斷送青春愛錯人，跳楼机，會呼吸的痛｜周杰倫 、王嘉尔、周興哲、林俊傑 、G.E.M.,Douyin Song 2026,UCSmW-S-Qley8Me_9A52PHHg,7802,,,was_live,7671,周杰伦 歌曲,2026-07-31T14:06:15.904475+00:00
M4ebDH4lX-s,https://www.youtube.com/watch?v=M4ebDH4lX-s,2026七月新歌 ☂ 2026 KKBOX華語單曲排行週榜｜50首超好聽的流行歌曲 ☁ 愛總會有人，我會等，斷送青春愛錯人，跳楼机，會呼吸的痛｜周杰倫 、王嘉尔、周興哲、林俊傑 、G.E.M.,Moonlight Radio,UCaLsMRir4Xovv8VV8LSCuZw,4540,,,was_live,7226,周杰伦 歌曲,2026-07-31T14:06:15.904475+00:00
g9v9RRgMBoY,https://www.youtube.com/watch?v=g9v9RRgMBoY,2026七月新歌 ☂ 2026 KKBOX華語單曲排行週榜｜50首超好聽的流行歌曲 ☁ 愛總會有人，我會等，斷送青春愛錯人，跳楼机，會呼吸的痛｜周杰倫 、王嘉尔、周興哲、林俊傑 、G.E.M.,Douyin Song 2026,UCSmW-S-Qley8Me_9A52PHHg,7808,,,was_live,2652,周杰伦 歌曲,2026-07-31T14:06:15.904475+00:00
w-2L8tgnsY4,https://www.youtube.com/watch?v=w-2L8tgnsY4,2026七月新歌 ☂ 2026 KKBOX華語單曲排行週榜｜50首超好聽的流行歌曲 ☁ 愛總會有人，我會等，斷送青春愛錯人，跳楼机，會呼吸的痛｜周杰倫 、王嘉尔、周興哲、林俊傑 、G.E.M.,4K Lyric - KKBOX,UCcQirKq_7ibz7qnlMtJmpOA,4198,,,was_live,91,周杰伦 lyric video,2026-07-31T14:06:15.904475+00:00
CF5pVtwIvgg,https://www.youtube.com/watch?v=CF5pVtwIvgg,"2026七月新歌 🎶 KKBOX華語單曲排行週榜 | 愛就一個字, 若月亮沒來, 花海, 最偉大的作品, Letting Go|王嘉尔、周興哲、林俊傑、鄧紫棋、周杰倫 🎧 2026超好聽的中文歌單",4K Lyric - KKBOX,UCcQirKq_7ibz7qnlMtJmpOA,4197,,,was_live,448,周杰伦 lyric video,2026-07-31T14:06:15.904475+00:00
UlK50P8Tsig,https://www.youtube.com/watch?v=UlK50P8Tsig,"2026七月新歌 🎶 KKBOX華語單曲排行週榜 | 愛就一個字, 若月亮沒來, 花海, 最偉大的作品, Letting Go|王嘉尔、周興哲、林俊傑、鄧紫棋、周杰倫 🎧 2026超好聽的中文歌單",4K Lyric - KKBOX,UCcQirKq_7ibz7qnlMtJmpOA,4186,,,was_live,20,周杰伦 lyric video,2026-07-31T14:06:15.904475+00:00
aDY2aaQePwU,https://www.youtube.com/watch?v=aDY2aaQePwU,"2026七月新歌 🎶 KKBOX華語單曲排行週榜 | 愛就一個字, 若月亮沒來, 花海, 最偉大的作品, Letting Go|王嘉尔、周興哲、林俊傑、鄧紫棋、周杰倫 🎧 2026超好聽的中文歌單",4K Lyric - KKBOX,UCcQirKq_7ibz7qnlMtJmpOA,4189,,,was_live,62,周杰伦 lyric video,2026-07-31T14:06:15.904475+00:00
hjekO519PMI,https://www.youtube.com/watch?v=hjekO519PMI,"2026七月新歌 🎶 KKBOX華語單曲排行週榜 | 愛就一個字, 若月亮沒來, 花海, 最偉大的作品, Letting Go|王嘉尔、周興哲、林俊傑、鄧紫棋、周杰倫 🎧 2026超好聽的中文歌單",4K Lyric - KKBOX,UCcQirKq_7ibz7qnlMtJmpOA,4197,,,was_live,25,周杰伦 lyric video,2026-07-31T14:06:15.904475+00:00
rDs86VAxOhE,https://www.youtube.com/watch?v=rDs86VAxOhE,"2026七月新歌 🎶 KKBOX華語單曲排行週榜 | 愛就一個字, 若月亮沒來, 花海, 最偉大的作品, Letting Go|王嘉尔、周興哲、林俊傑、鄧紫棋、周杰倫 🎧 2026超好聽的中文歌單",4K Lyric - KKBOX,UCcQirKq_7ibz7qnlMtJmpOA,4193,,,was_live,605,周杰伦 lyric video,2026-07-31T14:06:15.904475+00:00
VA46Um2n0LI,https://www.youtube.com/watch?v=VA46Um2n0LI,2026周杰伦杭州嘉年华，演唱《 女儿殿下》，全球首唱,video qiaqiaqia,UCAefyEqKHF3s9ifjKE3IzKw,200,,,,1040,周杰伦 1080P MV | 周杰伦 现场 Live,2026-07-31T14:06:15.904475+00:00
wdj-QLO4j38,https://www.youtube.com/watch?v=wdj-QLO4j38,2026周杰伦杭州嘉年华，演唱《 晴天》,video qiaqiaqia,UCAefyEqKHF3s9ifjKE3IzKw,255,,,,1695,周杰伦 现场 Live,2026-07-31T14:06:15.904475+00:00
tuzM4vgxFRk,https://www.youtube.com/watch?v=tuzM4vgxFRk,2026周杰伦杭州嘉年华，演唱《 说好的幸福呢》,video qiaqiaqia,UCAefyEqKHF3s9ifjKE3IzKw,306,,,,7794,周杰伦 演唱会,2026-07-31T14:06:15.904475+00:00
ESABPJjfhTU,https://www.youtube.com/watch?v=ESABPJjfhTU,2026周杰伦杭州嘉年华，演唱《不能说的秘密》,video qiaqiaqia,UCAefyEqKHF3s9ifjKE3IzKw,212,,,,2567,周杰伦 演唱会,2026-07-31T14:06:15.904475+00:00
0gtzI5tkn3Q,https://www.youtube.com/watch?v=0gtzI5tkn3Q,2026周杰伦杭州嘉年华，演唱《夜曲》,video qiaqiaqia,UCAefyEqKHF3s9ifjKE3IzKw,177,,,,1962,周杰伦 演唱会,2026-07-31T14:06:15.904475+00:00
bcS2oDx1uKA,https://www.youtube.com/watch?v=bcS2oDx1uKA,2026周杰伦杭州嘉年华，演唱《枫》,video qiaqiaqia,UCAefyEqKHF3s9ifjKE3IzKw,259,,,,3966,周杰伦 演唱会,2026-07-31T14:06:15.904475+00:00
dQ_EM1xPb0I,https://www.youtube.com/watch?v=dQ_EM1xPb0I,2026周杰伦杭州嘉年华，演唱《湘女多情》全球首唱,video qiaqiaqia,UCAefyEqKHF3s9ifjKE3IzKw,234,,,,7979,周杰伦 演唱会,2026-07-31T14:06:15.904475+00:00
oE4rVpViJM0,https://www.youtube.com/watch?v=oE4rVpViJM0,2026周杰伦杭州嘉年华，演唱《爱琴海》,video qiaqiaqia,UCAefyEqKHF3s9ifjKE3IzKw,98,,,,2044,周杰伦 1080P MV | 周杰伦 演唱会 | 周杰伦 现场 Live,2026-07-31T14:06:15.904475+00:00
yvu0wKTMNEw,https://www.youtube.com/watch?v=yvu0wKTMNEw,2026周杰伦杭州嘉年华，演唱《花海》,video qiaqiaqia,UCAefyEqKHF3s9ifjKE3IzKw,144,,,,894,周杰伦 演唱会,2026-07-31T14:06:15.904475+00:00
2cvxWsqRRW4,https://www.youtube.com/watch?v=2cvxWsqRRW4,2026周杰伦杭州嘉年华，演唱《谁稀罕》,video qiaqiaqia,UCAefyEqKHF3s9ifjKE3IzKw,229,,,,2795,周杰伦 1080P MV | 周杰伦 现场 Live,2026-07-31T14:06:15.904475+00:00
W8lATiUAtaE,https://www.youtube.com/watch?v=W8lATiUAtaE,2026周杰伦杭州嘉年华，演唱《飘移》,video qiaqiaqia,UCAefyEqKHF3s9ifjKE3IzKw,156,,,,769,周杰伦 演唱会,2026-07-31T14:06:15.904475+00:00
dGsdLJ0HCDU,https://www.youtube.com/watch?v=dGsdLJ0HCDU,2026周杰伦杭州演唱会，全球首唱《女儿殿下》,video qiaqiaqia,UCAefyEqKHF3s9ifjKE3IzKw,202,,,,10115,周杰伦 演唱会 | 周杰伦 现场 Live,2026-07-31T14:06:15.904475+00:00
GiHUcRQFUMo,https://www.youtube.com/watch?v=GiHUcRQFUMo,2026年 6 月必聽新歌 | KKBOX華語單曲排行週榜 🎧 總會有人，我會等，斷送青春愛錯人，跳楼机，會呼吸的痛｜周杰倫 、王嘉尔、周興哲、林俊傑 、G.E.M.鄧紫棋 6月強檔新曲🍀,爆红旋律,UC8g0QjY9F9UHO30rwn8TODQ,,,,is_live,,周杰伦 高音质,2026-07-31T14:06:15.904475+00:00
E8vR0pGex-E,https://www.youtube.com/watch?v=E8vR0pGex-E,2026年 7 月必聽新歌 | 2026 KKBOX華語單曲排行週榜 🎧 總會有人，我會等，斷送青春愛錯人，跳楼机，會呼吸的痛｜周杰倫 、王嘉尔、周興哲、林俊傑 、G.E.M.鄧紫棋 | 七月 新歌,青春之声,UCMoWVuhimBFfC0kO9aP-VkQ,,,,is_live,,周杰伦 歌曲,2026-07-31T14:06:15.904475+00:00
eY_XhssqBK8,https://www.youtube.com/watch?v=eY_XhssqBK8,2026年 7 月必聽新歌 | 2026 KKBOX華語單曲排行週榜 🎧 總會有人，我會等，斷送青春愛錯人，跳楼机，會呼吸的痛｜周杰倫 、王嘉尔、周興哲、林俊傑 、G.E.M.鄧紫棋 | 七月 新歌,青春之声,UCMoWVuhimBFfC0kO9aP-VkQ,,,,is_live,,周杰伦 歌曲,2026-07-31T14:06:15.904475+00:00
upOvndYPfaY,https://www.youtube.com/watch?v=upOvndYPfaY,2026年 7 月必聽新歌 | 2026 KKBOX華語單曲排行週榜 🎧 總會有人，我會等，斷送青春愛錯人，跳楼机，會呼吸的痛｜周杰倫 、王嘉尔、周興哲、林俊傑 、G.E.M.鄧紫棋 | 七月 新歌,星语馆,UC1dcDkvvWXOBOizdmTRWvMg,,,,is_live,,周杰伦 歌曲,2026-07-31T14:06:15.904475+00:00
w-CpGtuHmdU,https://www.youtube.com/watch?v=w-CpGtuHmdU,2026年 7 月必聽新歌 | 2026 KKBOX華語單曲排行週榜 🎧 總會有人，我會等，斷送青春愛錯人，跳楼机，會呼吸的痛｜周杰倫 、王嘉尔、周興哲、林俊傑 、G.E.M.鄧紫棋 | 七月 新歌,星语馆,UC1dcDkvvWXOBOizdmTRWvMg,,,,is_live,,周杰伦 歌曲,2026-07-31T14:06:15.904475+00:00
OGIsnwhvjzI,https://www.youtube.com/watch?v=OGIsnwhvjzI,2026年 7 月必聽新歌 | 2026 KKBOX華語單曲排行週榜🎧 總會有人，我會等，斷送青春愛錯人，跳楼机，會呼吸的痛｜周杰倫 、王嘉尔、周興哲、林俊傑 、G.E.M.鄧紫棋 7月強檔新曲,星语馆,UC1dcDkvvWXOBOizdmTRWvMg,,,,is_live,,周杰伦 歌曲,2026-07-31T14:06:15.904475+00:00
YZPvCHA_zk8,https://www.youtube.com/watch?v=YZPvCHA_zk8,2026年 7 月必聽新歌 | 2026 KKBOX華語單曲排行週榜🎧 總會有人，我會等，斷送青春愛錯人，跳楼机，會呼吸的痛｜周杰倫 、王嘉尔、周興哲、林俊傑 、G.E.M.鄧紫棋 7月強檔新曲,星语馆,UC1dcDkvvWXOBOizdmTRWvMg,,,,is_live,,周杰伦 歌曲,2026-07-31T14:06:15.904475+00:00
n0obmYN7j8I,https://www.youtube.com/watch?v=n0obmYN7j8I,2026年 7 月必聽新歌 | 2026超好聽的中文歌單 🎧 總會有人，我會等，斷送青春愛錯人，跳楼机，會呼吸的痛｜周杰倫 、王嘉尔、周興哲、林俊傑 、G.E.M.鄧紫棋 | 七月 新歌,流星旋律,UCxbadzmDbwdPP4YamoUVFTw,,,,is_live,,周杰伦 歌曲,2026-07-31T14:06:15.904475+00:00
0IZRiuvXuig,https://www.youtube.com/watch?v=0IZRiuvXuig,2026年 7月必聽新歌 | 2026 KKBOX華語單曲排行週榜 🎧 總會有人，我會等，斷送青春愛錯人，跳楼机，會呼吸的痛｜周杰倫 、王嘉尔、周興哲、林俊傑 、G.E.M.鄧紫棋 | 七月 新歌,4K Lyric - KKBOX,UCcQirKq_7ibz7qnlMtJmpOA,4188,,,was_live,77,周杰伦 lyric video,2026-07-31T14:06:15.904475+00:00
9YqoAiBuYaI,https://www.youtube.com/watch?v=9YqoAiBuYaI,2026年 7月必聽新歌 | 2026 KKBOX華語單曲排行週榜 🎧 總會有人，我會等，斷送青春愛錯人，跳楼机，會呼吸的痛｜周杰倫 、王嘉尔、周興哲、林俊傑 、G.E.M.鄧紫棋 | 七月 新歌,4K Lyric - KKBOX,UCcQirKq_7ibz7qnlMtJmpOA,4193,,,was_live,50,周杰伦 lyric video,2026-07-31T14:06:15.904475+00:00
GCBYNnMqT4k,https://www.youtube.com/watch?v=GCBYNnMqT4k,2026年 7月最新歌曲 | 2026 KKBOX華語單曲排行週榜 🎧 總會有人，我會等，斷送青春愛錯人，跳楼机，會呼吸的痛｜周杰倫 、王嘉尔、周興哲、林俊傑 、G.E.M.鄧紫棋 7月強檔新曲,青春之声,UCMoWVuhimBFfC0kO9aP-VkQ,13568,,,was_live,2405,周杰伦 高音质,2026-07-31T14:06:15.904475+00:00
OZD8k6I_dxc,https://www.youtube.com/watch?v=OZD8k6I_dxc,2026年 7月最新歌曲 | 2026 KKBOX華語單曲排行週榜 🎧 總會有人，我會等，斷送青春愛錯人，跳楼机，會呼吸的痛｜周杰倫 、王嘉尔、周興哲、林俊傑 、G.E.M.鄧紫棋 六月強檔新曲,4K Lyric - KKBOX,UCcQirKq_7ibz7qnlMtJmpOA,4187,,,was_live,1319,周杰伦 lyric video,2026-07-31T14:06:15.904475+00:00
tFPv98ZBC-Y,https://www.youtube.com/watch?v=tFPv98ZBC-Y,2026年 7月最新歌曲 | 2026 KKBOX華語單曲排行週榜 🎧 總會有人，我會等，斷送青春愛錯人，跳楼机，會呼吸的痛｜周杰倫 、王嘉尔、周興哲、林俊傑 、G.E.M.鄧紫棋 六月強檔新曲,4K Lyric - KKBOX,UCcQirKq_7ibz7qnlMtJmpOA,4187,,,was_live,168,周杰伦 lyric video,2026-07-31T14:06:15.904475+00:00
iDQVak3qQaU,https://www.youtube.com/watch?v=iDQVak3qQaU,2026年 七 月最新熱門單曲 | KKBOX華語單曲排行週榜 🎧 總會有人，我會等，斷送青春愛錯人，跳楼机，會呼吸的痛｜周杰倫 、王嘉尔、周興哲、林俊傑 、G.E.M.鄧紫棋 六月強檔新曲🍀,4K Lyric - KKBOX,UCcQirKq_7ibz7qnlMtJmpOA,4183,,,was_live,220,周杰伦 lyric video,2026-07-31T14:06:15.904475+00:00
EhbMix5vKRQ,https://www.youtube.com/watch?v=EhbMix5vKRQ,2026年5月必聽新歌 | KKBOX華語單曲排行週榜 🎧 總會有人，我會等，斷送青春愛錯人，跳楼机，會呼吸的痛｜周杰倫 、王嘉尔、周興哲、林俊傑 、G.E.M.鄧紫棋 2026 行进新歌,4K抖音音樂,UCufOcsNsrZVOTIh3sJpXV4g,4013,,,,493301,周杰伦 歌曲,2026-07-31T14:06:15.904475+00:00
VRTX5Uq-eNk,https://www.youtube.com/watch?v=VRTX5Uq-eNk,2026年6月必聽新歌 | KKBOX華語單曲排行週榜 🎧 總會有人，我會等，斷送青春愛錯人，跳楼机，會呼吸的痛｜周杰倫 、王嘉尔、周興哲、林俊傑 、G.E.M.鄧紫棋 6月強檔新曲🍀,爆红旋律,UC8g0QjY9F9UHO30rwn8TODQ,,,,is_live,,周杰伦 歌曲,2026-07-31T14:06:15.904475+00:00
Cut2pXGUxWY,https://www.youtube.com/watch?v=Cut2pXGUxWY,2026年7月必聽新歌 | KKBOX華語單曲排行週榜 🎧 總會有人，我會等，斷送青春愛錯人，跳楼机，會呼吸的痛｜周杰倫 、王嘉尔、周興哲、林俊傑 、G.E.M.鄧紫棋 2026 行进新歌,4K Lyric - KKBOX,UCcQirKq_7ibz7qnlMtJmpOA,4192,,,was_live,1346,周杰伦 lyric video,2026-07-31T14:06:15.904475+00:00
LWrlKOSb8A4,https://www.youtube.com/watch?v=LWrlKOSb8A4,2026年7月必聽新歌 | KKBOX華語單曲排行週榜 🎧 總會有人，我會等，斷送青春愛錯人，跳楼机，會呼吸的痛｜周杰倫 、王嘉尔、周興哲、林俊傑 、G.E.M.鄧紫棋 2026 行进新歌,音乐盒,UCUT3S3DnVveGF114aPMXO4Q,5155,,,was_live,19761,周杰伦 lyric video | 周杰伦 官方 MV | 周杰伦 歌曲,2026-07-31T14:06:15.904475+00:00
TErKJOhRLxE,https://www.youtube.com/watch?v=TErKJOhRLxE,2026年7月必聽新歌 | KKBOX華語單曲排行週榜 🎧 總會有人，我會等，斷送青春愛錯人，跳楼机，會呼吸的痛｜周杰倫 、王嘉尔、周興哲、林俊傑 、G.E.M.鄧紫棋 2026 行进新歌,4K Lyric - KKBOX,UCcQirKq_7ibz7qnlMtJmpOA,4193,,,was_live,235,周杰伦 lyric video,2026-07-31T14:06:15.904475+00:00
qC1Yv7l33rY,https://www.youtube.com/watch?v=qC1Yv7l33rY,2026年7月必聽新歌 | KKBOX華語單曲排行週榜 🎧 總會有人，我會等，斷送青春愛錯人，跳楼机，會呼吸的痛｜周杰倫 、王嘉尔、周興哲、林俊傑 、G.E.M.鄧紫棋 2026 行进新歌,音乐盒,UCUT3S3DnVveGF114aPMXO4Q,4831,,,was_live,37500,周杰伦 官方 MV | 周杰伦 歌曲,2026-07-31T14:06:15.904475+00:00
UeCnrvhAYv4,https://www.youtube.com/watch?v=UeCnrvhAYv4,2026年7月必聽新歌 | KKBOX華語單曲排行週榜 🎧 總會有人，我會等，斷送青春愛錯人，跳楼机，會呼吸的痛｜周杰倫 、王嘉尔、周興哲、林俊傑 、G.E.M.鄧紫棋 七月強檔新曲 🍀,青春之声,UCMoWVuhimBFfC0kO9aP-VkQ,,,,is_live,,周杰伦 歌曲,2026-07-31T14:06:15.904475+00:00
1oPgffmS4G0,https://www.youtube.com/watch?v=1oPgffmS4G0,2026年7月必聽新歌 | KKBOX華語單曲排行週榜 🎧 離開我的依賴，我會等，别让爱凋落，最後一頁，會呼吸的痛｜周杰倫 、王嘉尔、周興哲、林俊傑 、G.E.M.鄧紫棋 2026 行进新歌,4K Lyric - KKBOX,UCcQirKq_7ibz7qnlMtJmpOA,4170,,,was_live,263,周杰伦 lyric video,2026-07-31T14:06:15.904475+00:00
YV8OETB47zc,https://www.youtube.com/watch?v=YV8OETB47zc,2026年7月必聽新歌 | KKBOX華語單曲排行週榜 🎧 離開我的依賴，我會等，别让爱凋落，最後一頁，會呼吸的痛｜周杰倫 、王嘉尔、周興哲、林俊傑 、G.E.M.鄧紫棋 2026 行进新歌,4K Lyric - KKBOX,UCcQirKq_7ibz7qnlMtJmpOA,4198,,,was_live,239,周杰伦 lyric video,2026-07-31T14:06:15.904475+00:00
_yC8aD4IPvo,https://www.youtube.com/watch?v=_yC8aD4IPvo,2026年7月必聽新歌 | KKBOX華語單曲排行週榜 🎧 離開我的依賴，我會等，别让爱凋落，最後一頁，會呼吸的痛｜周杰倫 、王嘉尔、周興哲、林俊傑 、G.E.M.鄧紫棋 2026 行进新歌,青春之声,UCMoWVuhimBFfC0kO9aP-VkQ,4961,,,was_live,3943,周杰伦 高音质,2026-07-31T14:06:15.904475+00:00
8EaOf_aXc8E,https://www.youtube.com/watch?v=8EaOf_aXc8E,2026年7月必聽新歌 🎧 KKBOX華語單曲排行週榜｜總會有人、我會等、斷送青春愛錯人、跳楼机、會呼吸的痛｜周杰倫、王嘉尔、周興哲、林俊傑、G.E.M.鄧紫棋｜2026七月新歌,4K Lyric - KKBOX,UCcQirKq_7ibz7qnlMtJmpOA,4198,,,was_live,172,周杰伦 lyric video,2026-07-31T14:06:15.904475+00:00
NjwFVKYvUeY,https://www.youtube.com/watch?v=NjwFVKYvUeY,2026年7月必聽新歌 🎧 KKBOX華語單曲排行週榜｜總會有人、我會等、斷送青春愛錯人、跳楼机、會呼吸的痛｜周杰倫、王嘉尔、周興哲、林俊傑、G.E.M.鄧紫棋｜2026七月新歌,4Dreamer Music,UC8Hm2yp-y4KbnNIuUX-z5Sw,4291,,,was_live,5,周杰伦 官方 MV,2026-07-31T14:06:15.904475+00:00
p2HyspM49o8,https://www.youtube.com/watch?v=p2HyspM49o8,2026年7月必聽新歌 🎧 KKBOX華語單曲排行週榜｜總會有人、我會等、斷送青春愛錯人、跳楼机、會呼吸的痛｜周杰倫、王嘉尔、周興哲、林俊傑、G.E.M.鄧紫棋｜2026七月新歌,4K Lyric - KKBOX,UCcQirKq_7ibz7qnlMtJmpOA,4188,,,was_live,115,周杰伦 lyric video,2026-07-31T14:06:15.904475+00:00
mSK7FJYE5pw,https://www.youtube.com/watch?v=mSK7FJYE5pw,2026年8月必聽新歌 🎧 KKBOX華語單曲排行週榜｜總會有人、我會等、斷送青春愛錯人、跳楼机、會呼吸的痛｜周杰倫、王嘉尔、周興哲、林俊傑、G.E.M.鄧紫棋｜2026二月新歌,KKBOX流行歌曲,UCoZTmxmtoY3gCWFGmGNEqyw,,,,is_live,,周杰伦 歌曲,2026-07-31T14:06:15.904475+00:00
VFp0B3ipoXI,https://www.youtube.com/watch?v=VFp0B3ipoXI,2026年8月必聽新歌 🎧 KKBOX華語單曲排行週榜｜總會有人、我會等、斷送青春愛錯人、跳楼机、會呼吸的痛｜周杰倫、王嘉尔、周興哲、林俊傑、G.E.M.鄧紫棋｜2026八月新歌,青春之声,UCMoWVuhimBFfC0kO9aP-VkQ,,,,is_live,,周杰伦 高音质,2026-07-31T14:06:15.904475+00:00
kcT0tT7Z-vk,https://www.youtube.com/watch?v=kcT0tT7Z-vk,2026年8月必聽新歌 🎧 KKBOX華語單曲排行週榜｜總會有人、我會等、斷送青春愛錯人、跳楼机、會呼吸的痛｜周杰倫、王嘉尔、周興哲、林俊傑、G.E.M.鄧紫棋｜2026八月新歌,音乐盒,UCUT3S3DnVveGF114aPMXO4Q,4996,,,was_live,25322,周杰伦 官方 MV,2026-07-31T14:06:15.904475+00:00
-LbJTdadNf4,https://www.youtube.com/watch?v=-LbJTdadNf4,"2026年七月必聽新歌 | KKBOX華語單曲排行週榜 , 總會有人，我會等，斷送青春愛錯人，跳楼机，會呼吸的痛｜🍀周杰倫 、王嘉尔、周興哲、林俊傑 、G.E.M.鄧紫棋 5月強檔新曲",4K Lyric - KKBOX,UCcQirKq_7ibz7qnlMtJmpOA,,,,is_live,,周杰伦 lyric video | 周杰伦 歌曲,2026-07-31T14:06:15.904475+00:00
59MIU-Q1d1o,https://www.youtube.com/watch?v=59MIU-Q1d1o,2026年七月最新歌曲 🎵 2026最新華語單曲排行榜 🎧 總會有人，我會等，斷送青春愛錯人，跳楼机，會呼吸的痛｜周杰倫 、王嘉尔、周興哲、林俊傑 、G.E.M.鄧紫棋 七月強檔新曲,4K Lyric - KKBOX,UCcQirKq_7ibz7qnlMtJmpOA,4193,,,was_live,60,周杰伦 lyric video,2026-07-31T14:06:15.904475+00:00
I4Sz5pi1baA,https://www.youtube.com/watch?v=I4Sz5pi1baA,2026年七月最新歌曲 🎵 2026最新華語單曲排行榜 🎧 總會有人，我會等，斷送青春愛錯人，跳楼机，會呼吸的痛｜周杰倫 、王嘉尔、周興哲、林俊傑 、G.E.M.鄧紫棋 七月強檔新曲,4K Lyric - KKBOX,UCcQirKq_7ibz7qnlMtJmpOA,4197,,,was_live,105,周杰伦 lyric video,2026-07-31T14:06:15.904475+00:00
fVTXWfAfl18,https://www.youtube.com/watch?v=fVTXWfAfl18,2026年七月最新歌曲 🎵 2026最新華語單曲排行榜 🎧 總會有人，我會等，斷送青春愛錯人，跳楼机，會呼吸的痛｜周杰倫 、王嘉尔、周興哲、林俊傑 、G.E.M.鄧紫棋 七月強檔新曲,4K Lyric - KKBOX,UCcQirKq_7ibz7qnlMtJmpOA,4194,,,was_live,993,周杰伦 lyric video,2026-07-31T14:06:15.904475+00:00
yg3ahcGA_G4,https://www.youtube.com/watch?v=yg3ahcGA_G4,2026年七月最新歌曲 🎵 2026最新華語單曲排行榜 🎧 總會有人，我會等，斷送青春愛錯人，跳楼机，會呼吸的痛｜周杰倫 、王嘉尔、周興哲、林俊傑 、G.E.M.鄧紫棋 七月強檔新曲,4K Lyric - KKBOX,UCcQirKq_7ibz7qnlMtJmpOA,4200,,,was_live,1494,周杰伦 lyric video,2026-07-31T14:06:15.904475+00:00
2ilv2xzX1Gs,https://www.youtube.com/watch?v=2ilv2xzX1Gs,2026年新歌推荐🍀 KKBOX七月中文单曲榜 | 《爱只是一个字》、《如果月亮没有升起》、《花海》、《最伟大的作品》、王嘉尔、周志强、林俊杰、邓紫棋、周杰伦🎧 KKBOX 2026年中文单曲榜,4K Lyric - KKBOX,UCcQirKq_7ibz7qnlMtJmpOA,4200,,,was_live,24,周杰伦 lyric video | 周杰伦 歌曲,2026-07-31T14:06:15.904475+00:00
994fOE2itmI,https://www.youtube.com/watch?v=994fOE2itmI,2026年新歌推荐🍀 KKBOX七月中文单曲榜 | 《爱只是一个字》、《如果月亮没有升起》、《花海》、《最伟大的作品》、王嘉尔、周志强、林俊杰、邓紫棋、周杰伦🎧 KKBOX 2026年中文单曲榜,4K Lyric - KKBOX,UCcQirKq_7ibz7qnlMtJmpOA,4187,,,was_live,173,周杰伦 lyric video | 周杰伦 歌曲,2026-07-31T14:06:15.904475+00:00
M7z-xQ6wjFQ,https://www.youtube.com/watch?v=M7z-xQ6wjFQ,2026年新歌推荐🍀 KKBOX七月中文单曲榜 | 《爱只是一个字》、《如果月亮没有升起》、《花海》、《最伟大的作品》、王嘉尔、周志强、林俊杰、邓紫棋、周杰伦🎧 KKBOX 2026年中文单曲榜,4K Lyric - KKBOX,UCcQirKq_7ibz7qnlMtJmpOA,4192,,,was_live,41,周杰伦 lyric video | 周杰伦 歌曲,2026-07-31T14:06:15.904475+00:00
lsT1qTaX6bw,https://www.youtube.com/watch?v=lsT1qTaX6bw,2026年新歌推荐🍀 KKBOX七月中文单曲榜 | 《爱只是一个字》、《如果月亮没有升起》、《花海》、《最伟大的作品》、王嘉尔、周志强、林俊杰、邓紫棋、周杰伦🎧 KKBOX 2026年中文单曲榜,4K Lyric - KKBOX,UCcQirKq_7ibz7qnlMtJmpOA,4198,,,was_live,38,周杰伦 lyric video | 周杰伦 歌曲,2026-07-31T14:06:15.904475+00:00
1pzpAO7kvO8,https://www.youtube.com/watch?v=1pzpAO7kvO8,"2026新歌 🍀 七月 KKBOX華語單曲排行週榜 | 愛就一個字, 若月亮沒來, 花海, 最偉大的作品, 王嘉尔、周興哲、林俊傑、鄧紫棋、周杰倫 🎧 2026 KKBOX華語單曲排行週榜",4K Lyric - KKBOX,UCcQirKq_7ibz7qnlMtJmpOA,4189,,,was_live,40,周杰伦 lyric video,2026-07-31T14:06:15.904475+00:00
3g9FQ0hizJ4,https://www.youtube.com/watch?v=3g9FQ0hizJ4,"2026新歌 🍀 七月 KKBOX華語單曲排行週榜 | 愛就一個字, 若月亮沒來, 花海, 最偉大的作品, 王嘉尔、周興哲、林俊傑、鄧紫棋、周杰倫 🎧 2026 KKBOX華語單曲排行週榜",4K Lyric - KKBOX,UCcQirKq_7ibz7qnlMtJmpOA,4192,,,was_live,262,周杰伦 lyric video,2026-07-31T14:06:15.904475+00:00
XCRI7ioo05g,https://www.youtube.com/watch?v=XCRI7ioo05g,"2026新歌 🍀 七月 KKBOX華語單曲排行週榜 | 愛就一個字, 若月亮沒來, 花海, 最偉大的作品, 王嘉尔、周興哲、林俊傑、鄧紫棋、周杰倫 🎧 2026 KKBOX華語單曲排行週榜",4K Lyric - KKBOX,UCcQirKq_7ibz7qnlMtJmpOA,4046,,,was_live,25,周杰伦 lyric video,2026-07-31T14:06:15.904475+00:00
cwHLTu0_Yw0,https://www.youtube.com/watch?v=cwHLTu0_Yw0,"2026新歌 🍀 七月 KKBOX華語單曲排行週榜 | 愛就一個字, 若月亮沒來, 花海, 最偉大的作品, 王嘉尔、周興哲、林俊傑、鄧紫棋、周杰倫 🎧 2026 KKBOX華語單曲排行週榜",4K Lyric - KKBOX,UCcQirKq_7ibz7qnlMtJmpOA,4187,,,was_live,72,周杰伦 lyric video,2026-07-31T14:06:15.904475+00:00
qD2mGd-p4Y0,https://www.youtube.com/watch?v=qD2mGd-p4Y0,"2026新歌 🍀 七月 KKBOX華語單曲排行週榜 | 愛就一個字, 若月亮沒來, 花海, 最偉大的作品, 王嘉尔、周興哲、林俊傑、鄧紫棋、周杰倫 🎧 2026 KKBOX華語單曲排行週榜",音乐盒,UCUT3S3DnVveGF114aPMXO4Q,5032,,,was_live,16709,周杰伦 官方 MV,2026-07-31T14:06:15.904475+00:00
ET0Oo3h-MOg,https://www.youtube.com/watch?v=ET0Oo3h-MOg,"2026新歌 🍀 三月 KKBOX華語單曲排行週榜 | 愛就一個字, 若月亮沒來, 花海, 最偉大的作品, 王嘉尔、周興哲、林俊傑、鄧紫棋、周杰倫 🎧 2026 KKBOX華語單曲排行週榜",音乐盒 and Yīnyuè Playlist,,4943,,,was_live,1159766,周杰伦 专辑,2026-07-31T14:06:15.904475+00:00
yHL2E5rmrg0,https://www.youtube.com/watch?v=yHL2E5rmrg0,"2026新歌 🔥 七月 KKBOX華語單曲排行週榜 | 愛就一個字, 若月亮沒來, 花海, 最偉大的作品, 王嘉尔、周興哲、林俊傑、鄧紫棋、周杰倫 🎧 2026 抖音最最最火",青春之声,UCMoWVuhimBFfC0kO9aP-VkQ,4658,,,,1789,周杰伦 高音质,2026-07-31T14:06:15.904475+00:00
UU48Z3pYMMI,https://www.youtube.com/watch?v=UU48Z3pYMMI,20年過後一樣神的專輯，周杰倫如何用他改變華語樂壇？【范特西】,小牛講正經,UCd80WC6xVkClEFayCqRIRYg,1071,,,,94785,周杰伦 专辑,2026-07-31T14:06:15.904475+00:00
GC75GqPuUQQ,https://www.youtube.com/watch?v=GC75GqPuUQQ,241205 周杰倫 - 點歌環節 | 周杰倫嘉年華世界巡迴演唱會,𝖞𝖚𝖓,UCO6WFbKW9yIx_J_8jgw_jEg,3267,,,,493893,周杰伦 演唱会,2026-07-31T14:06:15.904475+00:00
QMDkpNQivDM,https://www.youtube.com/watch?v=QMDkpNQivDM,241208 周杰倫 嘉年華世界巡迴演唱會 台北最終場 ft.張惠妹,純醬油 shoyu,UCOVuW4VwsB-tCK0oElBJYDg,908,,,,154900,周杰伦 演唱会,2026-07-31T14:06:15.904475+00:00
bxgrENjga2k,https://www.youtube.com/watch?v=bxgrENjga2k,250628 山下智久Yamashita Tomohisa - Loveless l 周杰倫《嘉年華世界巡迴演唱會2025 – 香港站》,Holssi_lje,UCL9RbaD_YOQiodK3TTZymcg,221,,,,511111,周杰伦 Official Music Video | 周杰伦 演唱会,2026-07-31T14:06:15.904475+00:00
j2Ivqnpivlc,https://www.youtube.com/watch?v=j2Ivqnpivlc,26.10 Jay Chou Carnival World Tour 2024 - Malaysia周杰伦嘉年华演唱会2024 搁浅来了 乱舞春秋也来了,Kelvin Kwa,UCsrjR9Gz3DBPBEIT9RgzIfA,1366,,,,1670,周杰伦 演唱会,2026-07-31T14:06:15.904475+00:00
l7ChnIU_ips,https://www.youtube.com/watch?v=l7ChnIU_ips,26_周杰伦2024嘉年华巡演深圳站（2024.9.15）4K60帧高清完整版演唱会视频录像时长161分钟#周杰伦 #周杰伦演唱会 #周杰伦深圳站演唱会 #周杰伦嘉年华世界巡回演唱会 #周杰伦音乐,bing liu,UCqkFRVBJRb9L21w0Qm4AVBQ,9694,,,,342,周杰伦 完整版 | 周杰伦 演唱会,2026-07-31T14:06:15.904475+00:00
gn6G-BwLDHM,https://www.youtube.com/watch?v=gn6G-BwLDHM,26年周杰伦杭州演唱会被吐槽敷衍了事!,卷毛方,UCS7R4iq-WMAfwYREoOdxkSQ,1055,,,,421,周杰伦 演唱会,2026-07-31T14:06:15.904475+00:00
d_voUCIDxLo,https://www.youtube.com/watch?v=d_voUCIDxLo,365 Tian (OT: Ilnyeon Sambaekyuksiboil (1nyeon 365 Il)),JPM - Topic,UCS6pPZcybRMjiEbBjl4ajPA,200,,,,1846857,周杰伦 Sony Music Taiwan,2026-07-31T14:06:15.904475+00:00
VByCkPO6xzs,https://www.youtube.com/watch?v=VByCkPO6xzs,4. 叶惠美專輯 (2003專輯) Jay Chou Ye Hui Mei Full Album | 周杰倫好聽的10首歌 Best Songs Of Jay Chou 周杰倫最偉大的命中,杰威爾歌詞MV頻道JVR Lyric MV,UCsMWXIFViw8KxCl1i7X8deA,2838,,,,753819,周杰伦 专辑,2026-07-31T14:06:15.904475+00:00
K98A--1tB3g,https://www.youtube.com/watch?v=K98A--1tB3g,40首 周杰伦 Jay Chou‘s Piano Collection Relaxing Music | 全钢琴版 | Mindful Music for Study & Work,44°C Café,UCSdIlB0reHzp34BqE4Nyq8g,8434,,,,563988,周杰伦 4K MV | 周杰伦 完整版 | 周杰伦 歌曲,2026-07-31T14:06:15.904475+00:00
AtmtnUDoK48,https://www.youtube.com/watch?v=AtmtnUDoK48,45分钟周杰伦Live🎵合集#周杰伦 #周杰伦演唱会 #音乐分享 #音乐 #音乐推荐,娱乐情报局,UCntxGtDw4ea-4MKq-qBDqQg,2710,,,,5,周杰伦 演唱会,2026-07-31T14:06:15.904475+00:00
D5Uq2gDewVU,https://www.youtube.com/watch?v=D5Uq2gDewVU,45分钟周杰伦Live🎵合集#周杰伦 #周杰伦演唱会 #音乐分享 #音乐 #音乐推荐,Bobaya,UCJ-inSmjZdcU5Q6RdZIFQnA,2717,,,,374,周杰伦 演唱会,2026-07-31T14:06:15.904475+00:00
vV_mpe5_nzQ,https://www.youtube.com/watch?v=vV_mpe5_nzQ,4K 周杰伦20年嘉年华世界巡回演唱会 新加坡站 2019,BojioGadget,UCgqDhe3YQNK-QgMaly5z3Mw,5065,,,,33942,周杰伦 演唱会,2026-07-31T14:06:15.904475+00:00
gBvqGRDwGSo,https://www.youtube.com/watch?v=gBvqGRDwGSo,"4K 重剪修复】周杰伦,路小雨,Try,纽约地铁 #音乐mv",喜鹊,UCqHH5PKX4c1AJuqVGf84YEQ,431,,,,2,周杰伦 4K MV,2026-07-31T14:06:15.904475+00:00
dHbkh1yFssU,https://www.youtube.com/watch?v=dHbkh1yFssU,4K-HDR-周杰伦嘉年华演唱会-海口站-2023.6.30-Day 2 Jay Chou‘s Carnival show -Haikou-Day 2   PART Ⅰ,Qinsh Xiao,UCEP3KrmOmiBOGeDeyZdOWbQ,2143,,,,70,周杰伦 4K MV,2026-07-31T14:06:15.904475+00:00
zsu1D-ciFxc,https://www.youtube.com/watch?v=zsu1D-ciFxc,4kmv 主唱者：周杰倫  作詞：方文山  作曲：周杰倫   演唱者  陳米可,米可,UCzP-vnOcVOLpIrKMFJgn4rg,296,,,,465,周杰伦 4K MV,2026-07-31T14:06:15.904475+00:00
K6XhbjJ6tgU,https://www.youtube.com/watch?v=K6XhbjJ6tgU,4Kmv 演唱者：陳米可  作詞 ：宋健彰  作曲：周杰倫 原唱者：周杰倫,米可,UCzP-vnOcVOLpIrKMFJgn4rg,217,,,,350,周杰伦 4K MV,2026-07-31T14:06:15.904475+00:00
_n37jBZmmKw,https://www.youtube.com/watch?v=_n37jBZmmKw,4K【晴天】周杰伦JAY CHOU香港演唱会2023.5.14,灰灰灰啊,UC5RqpKF2C6hUbWwlyQc24dA,87,,,,191,周杰伦 4K MV | 周杰伦 演唱会,2026-07-31T14:06:15.904475+00:00
m69XQEyl4ag,https://www.youtube.com/watch?v=m69XQEyl4ag,4K修复丨CP感挺高】周杰伦《白色风车》MV 2160p修复版,4K流年,UCKq3pHCnxwpcBA6wAb5N__A,284,,,,1086,周杰伦 4K MV,2026-07-31T14:06:15.904475+00:00
D8C6XqDJoKc,https://www.youtube.com/watch?v=D8C6XqDJoKc,4K修復《擱淺》【周杰倫2004無與倫比演唱會】,Kilun,UCVB2mC4FyicvsjfQJLbyuxw,243,,,,989022,周杰伦 1080P MV | 周杰伦 4K MV | 周杰伦 Official Music Video | 周杰伦 完整版 | 周杰伦 演唱会 | 周杰伦 现场 Live | 周杰伦 高音质,2026-07-31T14:06:15.904475+00:00
4elwSVIJSDM,https://www.youtube.com/watch?v=4elwSVIJSDM,4K首发丨HiRes顶级音质周杰伦蒲公英的约定真MV重制修复,Music private storage tube,UCE6uvosg59v_Y0JhDdinqkg,249,,,,18288,周杰伦 4K MV,2026-07-31T14:06:15.904475+00:00
XV91jAI9kxU,https://www.youtube.com/watch?v=XV91jAI9kxU,4分40秒看完【周杰伦演唱会日本横滨站】,范大宝在日本,UCb5CWC9uDTwde0R2CBjqJqQ,328,,,,23878,周杰伦 演唱会,2026-07-31T14:06:15.904475+00:00
nhJsUzRbtyU,https://www.youtube.com/watch?v=nhJsUzRbtyU,6.29周杰伦香港演唱会，周董想问郭天王两个藏在心里二十多年的问题。 #周杰伦香港演唱会嘉宾郭富城,知情识趣 Fun Facts ,UCO6XGSWCJDsHan5HjVwGfrg,407,,,,30789,周杰伦 演唱会,2026-07-31T14:06:15.904475+00:00
rsIykfGESYw,https://www.youtube.com/watch?v=rsIykfGESYw,60 年一遇丙午年！周杰伦新专辑《太阳之子》藏着多少命理玄机？,力总说八字命理,UC2ClGcxDBuW3RZnEw1RjYTw,811,,,,83,周杰伦 专辑,2026-07-31T14:06:15.904475+00:00
jVfYcAbcxZ0,https://www.youtube.com/watch?v=jVfYcAbcxZ0,617 & 熊仔｜EP8 周杰倫是mumble rap始祖？從嘻哈角度看周杰倫｜三不五時就七步成詩,熊仔,UCSAZdUcsKr4AC5c65iA4RlA,4259,,,,38761,周杰伦 Sony Music Taiwan,2026-07-31T14:06:15.904475+00:00
G0KU9kKjsvw,https://www.youtube.com/watch?v=G0KU9kKjsvw,7. 依然范特西 (2006專輯) yi ran fan te xi | Jay Chou - Still Fantasy Full Album | 周杰倫好聽的10首歌,Amparo Marshall,UCQ42UnlZQagjSVED-SrxWbg,2582,,,,75,周杰伦 专辑,2026-07-31T14:06:15.904475+00:00
EhPT6TSqT_A,https://www.youtube.com/watch?v=EhPT6TSqT_A,7/28  【《蜘蛛人》：重生日】 周興哲Eric Chou - 《All for you》電影片尾曲 18:41全球首唱 - 台北大巨蛋-秀泰       VID 20260728 184446 1,玄彥翔,UCOmL5Fd2Mjc0bWLEbbQ2EEA,222,,,,75,Jay Chou Official MV,2026-07-31T14:06:15.904475+00:00
1scNLsyM9xE,https://www.youtube.com/watch?v=1scNLsyM9xE,8 在深圳酒馆门口唱周杰伦《白色风车》 1080P 高码率 HEVC,4K流年,UCKq3pHCnxwpcBA6wAb5N__A,268,,,,15,周杰伦 1080P MV,2026-07-31T14:06:15.904475+00:00
tyMNbrGMcOA,https://www.youtube.com/watch?v=tyMNbrGMcOA,8. 很忙 (2007專輯)  Wo Hen Mang | Jay Chou - On The Run Full Album 周杰倫好聽的10首歌,Katelyn Todd,UCCKhLLtg4Sst1SNMcAoPU-A,2355,,,,316,周杰伦 专辑,2026-07-31T14:06:15.904475+00:00
U7NfWZdcLw8,https://www.youtube.com/watch?v=U7NfWZdcLw8,8视界娱乐生活志｜周杰伦演唱会　观众不认识王俊凯！,8world,UCUqUtr0w-K8W4AfpbHiYSaQ,51,,,,555,周杰伦 演唱会,2026-07-31T14:06:15.904475+00:00
U5sV-O753n4,https://www.youtube.com/watch?v=U5sV-O753n4,9 在深圳街头听到女生翻唱周杰伦《星晴》 1080P 高码率 HEVC,4K流年,UCKq3pHCnxwpcBA6wAb5N__A,234,,,,105,周杰伦 1080P MV,2026-07-31T14:06:15.904475+00:00
0tGlyDaialo,https://www.youtube.com/watch?v=0tGlyDaialo,[ By Your Side ] Jerry Yan ╳ Van Ness Wu ╳ Vic Chou ╳ Mayday Ashin｜Official Stage Video,相信音樂BinMusic,UC7ovu6a8ydIbDy0fAKmoZ9A,293,,,,5083848,周杰伦 Sony Music Taiwan,2026-07-31T14:06:15.904475+00:00
RcSEn-9CMvE,https://www.youtube.com/watch?v=RcSEn-9CMvE,[ CLIP ] S.H.E《热带雨林》任家萱Selina 田馥甄Hebe 陈嘉桦Ella /浙江卫视官方HD/,浙江卫视音乐频道 ZJSTV Music Channel - 欢迎订阅 -,UCp8cPvx_Od76EL66vvCnhRA,152,,,,661526,周杰伦 现场 Live,2026-07-31T14:06:15.904475+00:00
0LCakuCM8Ik,https://www.youtube.com/watch?v=0LCakuCM8Ik,[ CLIP ] 张惠妹《默》《梦想的声音》第1期 20161104 /浙江卫视官方HD/,浙江卫视音乐频道 ZJSTV Music Channel - 欢迎订阅 -,UCp8cPvx_Od76EL66vvCnhRA,282,,,,12183412,周杰伦 现场 Live,2026-07-31T14:06:15.904475+00:00
1q6si4Vg_9s,https://www.youtube.com/watch?v=1q6si4Vg_9s,[ Forever Forever ] F✦Forever 周杰倫Jay Chou ╳ 言承旭Jerry Yan ╳ 吳建豪VanNess Wu ╳ 周渝民Vic Zhou ╳ 五月天阿信 Ashin,RENAISSANCE,UCA4ginE0CpUxxKyX5k69iGw,300,,,,62936,Jay Chou Official MV | 周杰伦 Official Music Video,2026-07-31T14:06:15.904475+00:00
cigl1YLvCjo,https://www.youtube.com/watch?v=cigl1YLvCjo,[ Kimpt cover ] Nữ tiếp viên hàng không Hiphop | 周杰倫 Jay Chou【嘻哈空姐 Hip-hop Flight Attendant】,Kimpt Storytelling Music,UC4lE9Iyn30W2P-RMGC9WKNw,171,,,,22,周杰伦 JVR Music,2026-07-31T14:06:15.904475+00:00
dIt1DNKOK3Y,https://www.youtube.com/watch?v=dIt1DNKOK3Y,[ 全YT最完整Live版 ] 周杰倫 Jay Chou - 晴天 - 2017地表最強演唱會 - 台北站 (特別來賓：林俊傑 JJ Lin ）,JC,UC9P7LkhD0zWRBwJk3Uo_WIQ,253,,,,104980,周杰伦 完整版 | 周杰伦 演唱会,2026-07-31T14:06:15.904475+00:00
yZZQtaPpesQ,https://www.youtube.com/watch?v=yZZQtaPpesQ,[ 周杰伦 Jay Chou - 安静 An Jing ] 伴奏 KTV Karaoke pinyin lyrics,SuzFilea Channel,UCUWgMtEK8CYhohj0c8OlfdQ,337,,,,351991,周杰伦 lyric video,2026-07-31T14:06:15.904475+00:00
blxa3ox3c5Y,https://www.youtube.com/watch?v=blxa3ox3c5Y,"[ 無廣告 ] 2010-2026年經典流行歌曲 | 80分鐘串燒系列 | 八年級生50首經典流行歌曲 || 我好嗎,雪落下的聲音,不曾回來過,信爱成瘾,月牙湾",KKBOX 华语新歌周榜,UC0ddc7OdhOx2QU0VWHGEK8g,,,,is_live,,周杰伦 完整版 | 周杰伦 歌词版,2026-07-31T14:06:15.904475+00:00
bVmBREuYe-k,https://www.youtube.com/watch?v=bVmBREuYe-k,[ 现场 𝐋𝐈𝐕𝐄 💿] 韩语版，周杰伦 《稻香》 前奏一响 青春就回来了｜Toyota 高都汽车 X OUBA MUSIC,OUBA MUSIC 오뮤,UCH6YO7WH6BZaNSuHt9GVLTg,196,,,,178866,周杰伦 现场 Live,2026-07-31T14:06:15.904475+00:00
YeM6RZnUpPE,https://www.youtube.com/watch?v=YeM6RZnUpPE,[ 精华版 ] 谭维维大秀性感舞蹈 林俊杰翻唱周杰伦歌曲 王嘉尔不满自己的表演《梦想的声音3》EP1 Sound of My Dream S3 /浙江卫视官方HD/,浙江卫视音乐频道 ZJSTV Music Channel - 欢迎订阅 -,UCp8cPvx_Od76EL66vvCnhRA,2277,,,,14060,周杰伦 歌曲,2026-07-31T14:06:15.904475+00:00
VRFq6h9pUAs,https://www.youtube.com/watch?v=VRFq6h9pUAs,[2019/02/10] 周杰伦 演唱会 Las Vegas站,Jeffrey Chen,UCdkYEY5Fps7xV5GsPIQ_X1Q,1811,,,,371,周杰伦 演唱会,2026-07-31T14:06:15.904475+00:00
zrkwGhJo4U0,https://www.youtube.com/watch?v=zrkwGhJo4U0,[4k60]周杰倫 嘉年華演唱會 臺北大巨蛋壓軸場 現場原音 原key 楓,markj馬克籃球頻道,UCg4r5rVendtYEa9GCrOEJ_g,122,,,,3150,周杰伦 现场 Live,2026-07-31T14:06:15.904475+00:00
8iXIC5zpVjg,https://www.youtube.com/watch?v=8iXIC5zpVjg,[4K] #JayChou Carnival II World Tour Concert Wenzhou Part 1｜A Second Back to Youth,BRO ROLL,UCh9RoDVSjxnG-6XiNAPwJPw,3028,,,,1953,周杰伦 演唱会,2026-07-31T14:06:15.904475+00:00
hUmt4taUIQw,https://www.youtube.com/watch?v=hUmt4taUIQw,[4K] #JayChou Carnival II World Tour Concert Wenzhou Part 2,BRO ROLL,UCh9RoDVSjxnG-6XiNAPwJPw,3346,,,,1116,周杰伦 演唱会,2026-07-31T14:06:15.904475+00:00
DtqO3RSAz-M,https://www.youtube.com/watch?v=DtqO3RSAz-M,"[4K] #JayChou Carnival World Tour II Wenzhou Part 3 | Breathtaking 10,000-Person Singalong #jaych...",BRO ROLL,UCh9RoDVSjxnG-6XiNAPwJPw,3163,,,,1758,周杰伦 演唱会,2026-07-31T14:06:15.904475+00:00
g6tGkuJOR2s,https://www.youtube.com/watch?v=g6tGkuJOR2s,"[4K] 221218 Jay Chou 周杰倫 Carnival World Tour, Singapore - 夜的第七章 + 威廉古堡 + 错过的烟火 + 给我一首歌的时间 + 枫 + 安静",a s (ꈍ ᴗ ꈍ),UCqR3pF9WhrJ-vHkGLB4-egQ,894,,,,197,周杰伦 4K MV,2026-07-31T14:06:15.904475+00:00
ozkKEKLk5zg,https://www.youtube.com/watch?v=ozkKEKLk5zg,[60帧][1080P修复]晴天-周杰伦 MV,Jwins Pan,UC2ERzpg-Pd4RPgsNa0LFPyQ,317,,,,483,周杰伦 1080P MV,2026-07-31T14:06:15.904475+00:00
NAODcPQcy9U,https://www.youtube.com/watch?v=NAODcPQcy9U,[avex官方] 王心凌 Cyndi Wang – 愛你 官方完整版MV,愛貝克思 avex taiwan,UCH1AHDav6J-2XYkl243Uj3Q,221,,,,24468578,周杰伦 Sony Music Taiwan,2026-07-31T14:06:15.904475+00:00
chLgO1NidH8,https://www.youtube.com/watch?v=chLgO1NidH8,[Beginners Dance Workout] 周杰伦   阳光宅男|Sino Afro Dance Workout(Coreografia)|Easy Dance Fitness，Zumba,Sino Afro,UCy13q__RPZ-sgktUePcfxCA,218,,,,26212,周杰伦 Official Music Video,2026-07-31T14:06:15.904475+00:00
GRaUJ9uKaYc,https://www.youtube.com/watch?v=GRaUJ9uKaYc,"[Chinese Podcast] Thời gian ơi, chậm lại một chút, tôi chưa sẵn sàng già đi!",HSK Listening Space,UCVVGi9ZjHHCDmE0PquMD9pQ,5338,,,,106,周杰伦 专辑 | 周杰伦 歌曲 | 周杰伦 演唱会,2026-07-31T14:06:15.904475+00:00
v6jLJtIl_HM,https://www.youtube.com/watch?v=v6jLJtIl_HM,[Collaboration Cover] ENHYPEN JAY & Yuuri - Dry Flower (원곡: Yuuri),ENHYPEN,UCArLZtok93cO5R9RI4_Y5Jw,261,,,,12916197,Jay Chou Official MV,2026-07-31T14:06:15.904475+00:00
_LoFUqGRdl8,https://www.youtube.com/watch?v=_LoFUqGRdl8,[DVD發行] 周杰倫 Jay Chou 【地表最強演唱會 The Invincible Concert】11/01 DVD Release,周杰倫 Jay Chou,UC8CU5nVhCQIdAGrFFp4loOQ,21,,,,42863,Jay Chou Official MV | 周杰伦 Official Music Video | 周杰伦 lyric video | 周杰伦 完整版 | 周杰伦 官方 MV | 周杰伦 歌曲 | 周杰伦 演唱会,2026-07-31T14:06:15.904475+00:00
VObHY3CyI6w,https://www.youtube.com/watch?v=VObHY3CyI6w,[ENG SUB] (Best Chinese Rock Song)  Greenhouse Girl by Cui Jian 花房姑娘,栗樹街大妹妹,UCreyQ0kWMPIuVviek6qg_cg,421,,,,2457,Jay Chou Official MV | 周杰伦 Official Music Video | 周杰伦 官方 MV | 周杰伦 歌曲,2026-07-31T14:06:15.904475+00:00
mriqHK1W5Z0,https://www.youtube.com/watch?v=mriqHK1W5Z0,[ENG SUB] 搁浅 Ge Qian - Jay Chou 周杰伦 (Chinese/Pinyin/English Lyrics 歌词),Angela Deng Again,UCt3zbxV6mhi0WWC8QKu_g2w,239,,,,91609,周杰伦 1080P MV | 周杰伦 lyric video,2026-07-31T14:06:15.904475+00:00
92HLK_yLju8,https://www.youtube.com/watch?v=92HLK_yLju8,"[ENG SUB] 💕 He rejected 765 heiresses, only to fall for the wild girl who graffitied his $7,500 l...",꽃바다 단편극,UCUTs3qt7SXyLXiaj1qAPGZA,6547,,,,5260,周杰伦 现场 Live,2026-07-31T14:06:15.904475+00:00
Ym8Qe8DSc5s,https://www.youtube.com/watch?v=Ym8Qe8DSc5s,[ENGSUB+VIETSUB] Vì Yêu Khởi Hành | 為愛啟程 | Love Voyage  - Dương Thừa Lâm | Rainie Yang 楊丞琳,HelloRainie VNFC,UCeCP0w-Os_zXDgypOu-BaTw,438,,,,553,周杰伦 Sony Music Taiwan,2026-07-31T14:06:15.904475+00:00
BWPJL15h0A4,https://www.youtube.com/watch?v=BWPJL15h0A4,[EP9] Ivana Wong's Singing-and-Dancing Debut on a Music Variety Show! #mandarincantoneseunrivaled,浙江卫视国乐无双官方频道-欢迎订阅,UCCAe_cPkABsX_bu2aU2X0Ww,8011,,,,22017,周杰伦 Official Music Video | 周杰伦 lyric video | 周杰伦 专辑 | 周杰伦 完整版 | 周杰伦 官方 MV | 周杰伦 歌曲 | 周杰伦 歌词版 | 周杰伦 演唱会 | 周杰伦 现场 Live,2026-07-31T14:06:15.904475+00:00
Hx4A30Qngec,https://www.youtube.com/watch?v=Hx4A30Qngec,[Fanmade] 一点点 Một chút - Jay Chou 周杰伦 MV 混剪,Qing Hua Ci,UC2Jfj4x3tda9PGUBvxr5piA,227,,,,4555,周杰伦 1080P MV,2026-07-31T14:06:15.904475+00:00
-XHGanDvcjM,https://www.youtube.com/watch?v=-XHGanDvcjM,[Fanmade] 烟花易冷 中国风 Jay Chou 周杰伦 MV混剪,Qing Hua Ci,UC2Jfj4x3tda9PGUBvxr5piA,287,,,,138,周杰伦 4K MV,2026-07-31T14:06:15.904475+00:00
8f7POxapf3Y,https://www.youtube.com/watch?v=8f7POxapf3Y,[Fanmade] 舔屏向/燃向/ Exodus - Jay Chou 周杰伦 MV 混剪,Qing Hua Ci,UC2Jfj4x3tda9PGUBvxr5piA,188,,,,193,周杰伦 1080P MV,2026-07-31T14:06:15.904475+00:00
PPWeKici4XQ,https://www.youtube.com/watch?v=PPWeKici4XQ,"[Full Live Broadcast] March 24th, Jay Chou's New Album MV Global Premiere and Album Press Confere...",民視新聞網 Formosa TV News network,UC2VmWn8dAqkzlQqvy02E1PA,628,,,was_live,6271,周杰伦 专辑 | 周杰伦 完整版,2026-07-31T14:06:15.904475+00:00
CYfm5SECjwQ,https://www.youtube.com/watch?v=CYfm5SECjwQ,[Girls Solo Latin Dance] Jay Chou (周杰伦) - Mojito | StyleMe,StyleMe,UC5TqpF7ToTEdydml0e8Emwg,123,,,,49246,周杰伦 4K MV,2026-07-31T14:06:15.904475+00:00
8jdVzF16NoA,https://www.youtube.com/watch?v=8jdVzF16NoA,[Guitar cover] Jay Chou周杰倫-公主病Princess Syndrome《杰威爾官方》,CHAN KWOKWAI,UC_mM3eWGmgErA4vPv-elNrg,194,,,,1899,周杰伦 杰威尔音乐,2026-07-31T14:06:15.904475+00:00
U9aPbj5oD58,https://www.youtube.com/watch?v=U9aPbj5oD58,[HD]歲月如歌+淘汰 陳奕迅 x 周杰倫演唱會,Hothk 香港熱門,UCSg3_unXjl8_iF-ftNM-U0Q,722,,,,1781312,周杰伦 演唱会,2026-07-31T14:06:15.904475+00:00
v6GUW3PcSIo,https://www.youtube.com/watch?v=v6GUW3PcSIo,[HD高畫質] 戴愛玲 X YouTube Music Day演唱會「對的人」,台灣索尼音樂 Sony Music Taiwan,UCFtUq0ml-coWmD70Pt_urRA,284,,,,2789,周杰伦 Sony Music Taiwan,2026-07-31T14:06:15.904475+00:00
dIYx5Xn4YKg,https://www.youtube.com/watch?v=dIYx5Xn4YKg,[Highlights] Japanese men certified! The coolest profession in Taiwan is this!,國興衛視,UCO0duacfzWdhHdgyCmlctAA,714,,,,2033,周杰伦 杰威尔音乐,2026-07-31T14:06:15.904475+00:00
phd4XbRrvTk,https://www.youtube.com/watch?v=phd4XbRrvTk,[HQ] 周杰倫 - 晴天 / Jay Chou - Clear Day (Live '04),duckjai852,UC3pce38SSUQw1wvhuFexMEg,360,,,,223254,周杰伦 现场 Live,2026-07-31T14:06:15.904475+00:00
f_wQPFawHXk,https://www.youtube.com/watch?v=f_wQPFawHXk,[Jay Chou Reveals the Secrets of Filming 13 Music Videos: Was the Budget Left Over After the Firs...,台灣達人秀,UCIECJyQ6meDyN-UnVHgXAMA,163,,,,1384,周杰伦 JVR Music | 周杰伦 杰威尔音乐,2026-07-31T14:06:15.904475+00:00
tSQYrV1Zu8k,https://www.youtube.com/watch?v=tSQYrV1Zu8k,[Jay Chou] Full-Subtitled Interview | True to His Word! Jay Chou's First Close-Up Media Interview...,八大電視娛樂百分百,UCR2NvuBypJZl9n11qLAauWQ,290,,,,60597,周杰伦 Sony Music Taiwan | 周杰伦 完整版,2026-07-31T14:06:15.904475+00:00
b40qGTXcdKs,https://www.youtube.com/watch?v=b40qGTXcdKs,[KTV字幕]誰稀罕 - 周杰倫,mirushi,UCduoq8KGM1t69R-H9FVfPLQ,263,,,,3368,周杰伦 官方 MV,2026-07-31T14:06:15.904475+00:00
7Y9N5o20YNg,https://www.youtube.com/watch?v=7Y9N5o20YNg,[LIVE] Jay Chou - In The Name Of The Father (以父之名),Mei Wang,UCdgzCJ1mBv2QDvh-kvxDKPw,324,,,,54933,周杰伦 Sony Music Taiwan,2026-07-31T14:06:15.904475+00:00
AGoFQh6YNjc,https://www.youtube.com/watch?v=AGoFQh6YNjc,[LIVE] Jay Chou 周杰倫 - Waiting For You 等你下課,Kai Seng,UCzntomtiG9uTUHqLRXryeKw,285,,,,80167,周杰伦 现场 Live,2026-07-31T14:06:15.904475+00:00
cnst4s5PCrU,https://www.youtube.com/watch?v=cnst4s5PCrU,[LIVE]周杰伦 地表最强2 世界巡回演唱会伦敦场 26.04.2019,Ziyu Qiu,UCaW0HL9iahYXo3wfSUglHDw,3995,,,,139688,周杰伦 演唱会,2026-07-31T14:06:15.904475+00:00
SZuHEQIAHc0,https://www.youtube.com/watch?v=SZuHEQIAHc0,[MP4 1080p] 周杰倫 Jay Chou【算什麼男人 What Kind of Man】Official MV (ft. 林依晨),FON The Fisher,UCxncenY76q5-ULiQgOpq-CA,288,,,,25,周杰伦 1080P MV,2026-07-31T14:06:15.904475+00:00
UXRhH17KsIg,https://www.youtube.com/watch?v=UXRhH17KsIg,[MP4 1080p] 周杰倫 Jay Chou【聽見下雨的聲音 Rhythm of the Rain】Official MV,FON The Fisher,UCxncenY76q5-ULiQgOpq-CA,284,,,,48,周杰伦 1080P MV,2026-07-31T14:06:15.904475+00:00
ZKpCgdUyOBw,https://www.youtube.com/watch?v=ZKpCgdUyOBw,[MV] Try - Patrick Brasca x Jay Chou,Hui Ning Low,UC7F8Cx5bFzTOLcwjndcZS3Q,248,,,,2066,Jay Chou Official MV,2026-07-31T14:06:15.904475+00:00
ljd9ISixsWo,https://www.youtube.com/watch?v=ljd9ISixsWo,[MV] 陳華 HuaChen【想和你看五月的晚霞 Sunset In May】feat. LCY呂植宇 | Official Music Video,鮪魚肚影音 TheWayWeDo Productions,UCCZu42y2x2xIl3ani-jkNuA,250,,,,45155533,周杰伦 Sony Music Taiwan,2026-07-31T14:06:15.904475+00:00
G-Isjy4FsNE,https://www.youtube.com/watch?v=G-Isjy4FsNE,[MV]周杰倫 Jay Chou [杰威爾官方] - 世界未末日,donotgoaway27,UCIip_rathMjeb3GfUecJJTA,268,,,,1075,周杰伦 1080P MV,2026-07-31T14:06:15.904475+00:00
unlMubrO1wY,https://www.youtube.com/watch?v=unlMubrO1wY,[MV]周杰倫 Jay Chou [杰威爾官方] - 公主病,donotgoaway27,UCIip_rathMjeb3GfUecJJTA,216,,,,1239,周杰伦 1080P MV | 周杰伦 Sony Music Taiwan | 周杰伦 杰威尔音乐,2026-07-31T14:06:15.904475+00:00
LBtt8dguUVo,https://www.youtube.com/watch?v=LBtt8dguUVo,[New Song Update] “Children of the Sun” — Jay Chou Self-Made AI MV Version | NihaoMusic #JayChou,Nihao Music,UCNsUv6Mm0j0bAvoKFxD-P7Q,333,,,,5539,周杰伦 官方 MV | 周杰伦 歌曲,2026-07-31T14:06:15.904475+00:00
TG5dZaMH9wY,https://www.youtube.com/watch?v=TG5dZaMH9wY,[Piano Tutorial] Rainbow | 彩虹 (Cai Hong) - Jay Chou | 周傑倫,Piano Tutorial,UCMlZ4aOHBJnPGJAM5s-7b4w,212,,,,14162,周杰伦 Sony Music Taiwan,2026-07-31T14:06:15.904475+00:00
KGAnsj0jN2w,https://www.youtube.com/watch?v=KGAnsj0jN2w,[Piano Tutorial] Wandering Poet | 流浪詩人 - Jay Chou | 周傑倫,Piano Tutorial,UCMlZ4aOHBJnPGJAM5s-7b4w,184,,,,446,周杰伦 Sony Music Taiwan,2026-07-31T14:06:15.904475+00:00
_ugFuOLsTzU,https://www.youtube.com/watch?v=_ugFuOLsTzU,[Piano Tutorial] You Are Everywhere | 哪裏都是你 (The Rooftop | 天台) - Jay Chou | 周傑倫,Piano Tutorial,UCMlZ4aOHBJnPGJAM5s-7b4w,234,,,,7873,周杰伦 Sony Music Taiwan,2026-07-31T14:06:15.904475+00:00
QzD1VhXregI,https://www.youtube.com/watch?v=QzD1VhXregI,"[Qiu Shiqing x Zhai Xuan] China's 3 Major Industries Rising, US Impose Total Ban? Jensen Huang Ur...",新西兰中文电视台Channel33,UChbwE3bGmhIMRWDkLubi-WQ,4181,,,was_live,14311,周杰伦 演唱会,2026-07-31T14:06:15.904475+00:00
MoJq9rznnRA,https://www.youtube.com/watch?v=MoJq9rznnRA,[Shanghai] Tips for blindbox and Longhua Temple | Famous Soup dumplings and sesame noodle! Day 2,假姐妹旅行团 TJS Club,UCfxEIJDXWpnCY5pC6qBNJeQ,1853,,,,13941,周杰伦 专辑 | 周杰伦 歌曲,2026-07-31T14:06:15.904475+00:00
M8befme0Y_Y,https://www.youtube.com/watch?v=M8befme0Y_Y,"[Son of the Sun] Jay Chou's new album is released, and JJ Lin and Ashin are also picked! Fans pra...",八大電視娛樂百分百,UCR2NvuBypJZl9n11qLAauWQ,108,,,,9751,周杰伦 专辑,2026-07-31T14:06:15.904475+00:00
ZxGuGn54VDw,https://www.youtube.com/watch?v=ZxGuGn54VDw,[Taipei Tour] 西門町街頭表演薩克斯風包括周杰倫【蒲公英的約定 】Ximen Pedestrian Area Playing Saxophone full,Snowman World雪文世界,UCYINfrUOw3xF8QIp22ihWQg,178,,,,48,周杰伦 Sony Music Taiwan,2026-07-31T14:06:15.904475+00:00
WFIwUTP0nSo,https://www.youtube.com/watch?v=WFIwUTP0nSo,[Trending News] Jay Chou's new album is here! A-Ken hosts MV premiere with non-stop laughs | FTV ...,民視新聞網 Formosa TV News network,UC2VmWn8dAqkzlQqvy02E1PA,103,,,,883,周杰伦 专辑,2026-07-31T14:06:15.904475+00:00
OzqjbV7H50A,https://www.youtube.com/watch?v=OzqjbV7H50A,[Vietsub + Kara] An Tĩnh 安靜 Soyeon (T ARA) @ 170513 T ara Concert Live in Taipei,Elisa Frank,UCWQ8iQofujmk5_T3jgArc3w,433,,,,74,周杰伦 Sony Music Taiwan,2026-07-31T14:06:15.904475+00:00
wcEodIf5Lxs,https://www.youtube.com/watch?v=wcEodIf5Lxs,[Vietsub + Kara] Mưa Bão,White Myan,UCun-RPZs7f6SW60x_ust7EA,261,,,,715,Jay Chou Official MV,2026-07-31T14:06:15.904475+00:00
DVRGsEOfKEo,https://www.youtube.com/watch?v=DVRGsEOfKEo,[Vietsub + Kara] Mảnh ghép đã vỡ - Minh Vương,White Myan,UCun-RPZs7f6SW60x_ust7EA,280,,,,5233,Jay Chou Official MV,2026-07-31T14:06:15.904475+00:00
y-0ESMvevTw,https://www.youtube.com/watch?v=y-0ESMvevTw,[Vietsub + Pinyin] Dạ Khúc (夜曲) | Châu Kiệt Luân (周杰倫),Cỏ dại - Nhạc trung channel,UChAGPOCOseoMnPeCsC4dj0A,231,,,,245425,周杰伦 Official Music Video,2026-07-31T14:06:15.904475+00:00
It_0lKN0VL0,https://www.youtube.com/watch?v=It_0lKN0VL0,[Vietsub LIVE] Hương lúa - Jay Chou | 稻香 - 周杰伦,Mê Mụi,UCRz14KyP5CGBZDRAmoZt_qg,178,,,,279510,周杰伦 JVR Music,2026-07-31T14:06:15.904475+00:00
JCpsfSqfkaY,https://www.youtube.com/watch?v=JCpsfSqfkaY,[Vietsub] Không Thuyền - Kha Dĩ Mẫn - Thất Kiếm Hạ Thiên Sơn OST,sky_dr,UCENGO19pb4s2mz_c5XqmExA,305,,,,34326,Jay Chou Official MV,2026-07-31T14:06:15.904475+00:00
EcnY0DjMBGg,https://www.youtube.com/watch?v=EcnY0DjMBGg,[Vietsub][t aravn.net] 170513 I Don't Know (Mollayo) T ara @ concert in Taipei,Elisa Frank,UCWQ8iQofujmk5_T3jgArc3w,380,,,,128,周杰伦 Sony Music Taiwan,2026-07-31T14:06:15.904475+00:00
w7L1rnZc2yM,https://www.youtube.com/watch?v=w7L1rnZc2yM,[周杰伦] 新专辑2022《最伟大的作品》全专辑12首合辑 ‖还在流浪 说好不哭 红颜如霜 错过的烟火 倒影 ‖ Jay Chou Latest New Album 2022,simple steps,UC4YuHJZImCA5OZqL26FemxQ,2666,,,,1631,周杰伦 专辑,2026-07-31T14:06:15.904475+00:00
Il_OGgICFTE,https://www.youtube.com/watch?v=Il_OGgICFTE,[日常vlog]周杰伦演唱会/全家旅行,Clairelittlec,UCrFoGzDwRBU8fbx1tDXZEXg,267,,,,43,周杰伦 演唱会,2026-07-31T14:06:15.904475+00:00
migZH5LJ-D0,https://www.youtube.com/watch?v=migZH5LJ-D0,[鄭中基 - 無賴] 歌词 Lyrics,Day_13y_Day,UCrRuAY2WdnpsgGWexWIk-HQ,241,,,,17091218,周杰伦 lyric video,2026-07-31T14:06:15.904475+00:00
TVCeiegbNMg,https://www.youtube.com/watch?v=TVCeiegbNMg,[開口跪] 周杰倫 2008 MusicRadio中國TOP排行榜 彩虹 live,music live video,UCPFz0Ln8lQEs0ge1zkA8E8w,327,,,,8224,周杰伦 现场 Live,2026-07-31T14:06:15.904475+00:00
O5RZbceF7Io,https://www.youtube.com/watch?v=O5RZbceF7Io,[音频] 周杰伦 - 稻香 电台完整版,Joe Hu,UCN9jNhNibGzfq-av89EbUWw,226,,,,13110,周杰伦 完整版,2026-07-31T14:06:15.904475+00:00
9GAg8iGv3q8,https://www.youtube.com/watch?v=9GAg8iGv3q8,[音频] 周杰伦 Jay Chou - 稻香 电台完整版 with Lyrics,threesixtydegree,UCcDAHfS_shnTapKR49Gc1zA,226,,,,53008,周杰伦 完整版,2026-07-31T14:06:15.904475+00:00
cl0h-OXizaM,https://www.youtube.com/watch?v=cl0h-OXizaM,[驚嘆號] - 周杰倫 (字幕歌詞完整版),mark74681,UC4Oaq-FKP_CmLSRQ7LEww3w,231,,,,42440,周杰伦 完整版,2026-07-31T14:06:15.904475+00:00
qFCcTIRdGbo,https://www.youtube.com/watch?v=qFCcTIRdGbo,"[高音质] 周杰伦《天台》电影原声带 Jay Chou ""The Rooftop"" Film OST",Terry Qu,UC7wy7rhJ9k-9HOf7e1xbw3A,3846,,,,48098,周杰伦 高音质,2026-07-31T14:06:15.904475+00:00
HPfYHnyWjTc,https://www.youtube.com/watch?v=HPfYHnyWjTc,A Perfect Day,孫燕姿 Sun Yanzi,UCZtX_KMZ4RQ6lQ_e52zOyZA,246,,,,299451,周杰伦 Sony Music Taiwan,2026-07-31T14:06:15.904475+00:00
ZqbjJa4UWBY,https://www.youtube.com/watch?v=ZqbjJa4UWBY,A-Lin - A Kind of Sorrow 有一種悲傷 / THE FIRST TAKE,THE FIRST TAKE,UC9zY_E8mcAo_Oq772LEZq8Q,262,,,,3278405,周杰伦 Sony Music Taiwan,2026-07-31T14:06:15.904475+00:00
a9L3w5-Jb2U,https://www.youtube.com/watch?v=a9L3w5-Jb2U,A-Lin 黃麗玲《愛》-《我是歌手3》第十一期 (無雜音純享版),A-Lin影音資訊站,UCTIOuJLDn5_3y6QYUszbmoQ,252,,,,7080743,周杰伦 Sony Music Taiwan,2026-07-31T14:06:15.904475+00:00
d681A0X14X8,https://www.youtube.com/watch?v=d681A0X14X8,A-Lin 黃麗玲《我是歌手3》全部演唱合輯 A-Lin songs collection of I Am A Singer 3,A-Lin影音資訊站,UCTIOuJLDn5_3y6QYUszbmoQ,3909,,,,5316113,周杰伦 Sony Music Taiwan,2026-07-31T14:06:15.904475+00:00
vBk9s8V3nq0,https://www.youtube.com/watch?v=vBk9s8V3nq0,A-Lin 黃麗玲《我等到花兒也謝了》-《我是歌手3》第五期,A-Lin影音資訊站,UCTIOuJLDn5_3y6QYUszbmoQ,339,,,,27347883,周杰伦 Sony Music Taiwan,2026-07-31T14:06:15.904475+00:00
cvf_HMkTk14,https://www.youtube.com/watch?v=cvf_HMkTk14,A-Lin《 平衡感 Ping Heng Gan 》Official MV HD,A-Lin官方專屬頻道,UCURRzgKx4DkVozbOjFflMpg,244,,,,1340362,周杰伦 Sony Music Taiwan,2026-07-31T14:06:15.904475+00:00
2UArpayTTGA,https://www.youtube.com/watch?v=2UArpayTTGA,A-Lin《 幸福太短 Fleeting Happiness 》 Official Music Video 電視劇《奇妙的時光之旅》片尾曲,A-Lin官方專屬頻道,UCURRzgKx4DkVozbOjFflMpg,261,,,,11024181,周杰伦 Sony Music Taiwan,2026-07-31T14:06:15.904475+00:00
pI-M6QdNj2I,https://www.youtube.com/watch?v=pI-M6QdNj2I,A-Lin《All In》Official MV HD,A-Lin官方專屬頻道,UCURRzgKx4DkVozbOjFflMpg,313,,,,2202259,周杰伦 Sony Music Taiwan,2026-07-31T14:06:15.904475+00:00
2q0M6emwgJA,https://www.youtube.com/watch?v=2q0M6emwgJA,A-Lin《一直走 GO》Official Music Video,A-Lin官方專屬頻道,UCURRzgKx4DkVozbOjFflMpg,199,,,,4979652,周杰伦 Sony Music Taiwan,2026-07-31T14:06:15.904475+00:00
m6kiNlnJ2Uk,https://www.youtube.com/watch?v=m6kiNlnJ2Uk,A-Lin《忘記擁抱 Forget Love》 Official Music Video HD - 電影『234說愛你』主題曲,A-Lin官方專屬頻道,UCURRzgKx4DkVozbOjFflMpg,282,,,,21809648,周杰伦 Sony Music Taiwan,2026-07-31T14:06:15.904475+00:00
vGqpGFH3vh8,https://www.youtube.com/watch?v=vGqpGFH3vh8,A-Lin《摯友 Best Friend》Official Music Video,A-Lin官方專屬頻道,UCURRzgKx4DkVozbOjFflMpg,333,,,,42698811,Jay Chou Official MV | 周杰伦 Sony Music Taiwan,2026-07-31T14:06:15.904475+00:00
BRcudpJzy1I,https://www.youtube.com/watch?v=BRcudpJzy1I,A-Lin《有一種悲傷 A Kind of Sorrow》Official Music Video - 電影『比悲傷更悲傷的故事 More Than Blue 』主題曲,A-Lin官方專屬頻道,UCURRzgKx4DkVozbOjFflMpg,241,,,,113372285,周杰伦 Sony Music Taiwan | 周杰伦 lyric video,2026-07-31T14:06:15.904475+00:00
OGZMnx2iuKU,https://www.youtube.com/watch?v=OGZMnx2iuKU,A-Lin《盡情旋轉 Turn》Visual Teaser,A-Lin官方專屬頻道,UCURRzgKx4DkVozbOjFflMpg,16,,,,6852,周杰伦 Sony Music Taiwan,2026-07-31T14:06:15.904475+00:00
mcJB9H0Nvbc,https://www.youtube.com/watch?v=mcJB9H0Nvbc,A-Lin《繞路 Detour》Official Music Video,A-Lin官方專屬頻道,UCURRzgKx4DkVozbOjFflMpg,293,,,,10741585,周杰伦 Sony Music Taiwan,2026-07-31T14:06:15.904475+00:00
6ix-UfJe_YM,https://www.youtube.com/watch?v=6ix-UfJe_YM,A-Lin《罪惡感 Guilt》MV首播預告,A-Lin官方專屬頻道,UCURRzgKx4DkVozbOjFflMpg,18,,,,12885,周杰伦 Sony Music Taiwan,2026-07-31T14:06:15.904475+00:00
yRWXRTcfnhk,https://www.youtube.com/watch?v=yRWXRTcfnhk,A-Lin《罪惡感 Guilt》Official MV HD（韓劇 [布穀鳥之窩] 片尾曲）,A-Lin官方專屬頻道,UCURRzgKx4DkVozbOjFflMpg,296,,,,7013406,周杰伦 Sony Music Taiwan,2026-07-31T14:06:15.904475+00:00
RgNPJO8HEmY,https://www.youtube.com/watch?v=RgNPJO8HEmY,A-Lin【罪惡感 GUILT】專輯預購簽唱會Teaser,A-Lin官方專屬頻道,UCURRzgKx4DkVozbOjFflMpg,16,,,,7795,周杰伦 Sony Music Taiwan,2026-07-31T14:06:15.904475+00:00
yHzga1XQiso,https://www.youtube.com/watch?v=yHzga1XQiso,"ABCs React to JAY CHOU | 美國華裔看周杰倫 (床邊故事, 算什麼男人, 不能說的秘密)",Foreign On Campus,UCB3Mlhh8h9phTPK9R1i7RKA,393,,,,1132504,Jay Chou Official MV,2026-07-31T14:06:15.904475+00:00
WY6FHdJyZYs,https://www.youtube.com/watch?v=WY6FHdJyZYs,ABCs watch Jay Chou 周杰倫【聽媽媽的話 Listen to Mom】-Official Music Video | Australian Asians,Asians Down Under,UCDikY0fBFXGCFA_0Fr2azYg,377,,,,49441,Jay Chou Official MV | 周杰伦 Official Music Video,2026-07-31T14:06:15.904475+00:00
BD7yEq0-hUE,https://www.youtube.com/watch?v=BD7yEq0-hUE,"After 8 years of marriage, she left her cheating husband. The city's top CEO fell for her instantly.",爆爆恋剧社,UC3GAYp0nGuwBcORJbgfhYrw,9274,,,,29576,周杰伦 Official Music Video | 周杰伦 lyric video | 周杰伦 完整版,2026-07-31T14:06:15.904475+00:00
qdwrz00f8Wc,https://www.youtube.com/watch?v=qdwrz00f8Wc,"After a 3-year and 8-month wait, Jay Chou's 19-second teaser for his new song has been released! ...",台視新聞 TTV NEWS,UC8ROUUjHzEQm-ndb69CX8Ww,80,,,,27972,周杰伦 专辑,2026-07-31T14:06:15.904475+00:00
DnqShViO69s,https://www.youtube.com/watch?v=DnqShViO69s,"After an 8-year hiatus, Wu Zongxian's concert was packed with non-stop entertainment, featuring n...",三立新聞LIVE,UC2TuODJhC03pLgd6MpWP0iw,107,,,,21794,周杰伦 演唱会,2026-07-31T14:06:15.904475+00:00
sIC_wnPX0K4,https://www.youtube.com/watch?v=sIC_wnPX0K4,"After an 8-year hiatus, Wu Zongxian's concert was packed with non-stop entertainment, featuring n...",三立新聞網SETN,UCIU8ha-NHmLjtUwU7dFiXUA,107,,,,7625,周杰伦 演唱会,2026-07-31T14:06:15.904475+00:00
Z-UbDR0nopI,https://www.youtube.com/watch?v=Z-UbDR0nopI,Ai Ni,Kimberley Chen,UC3ePO05Z8DUw-w9F59p5Mjg,208,,,,23240338,周杰伦 Sony Music Taiwan,2026-07-31T14:06:15.904475+00:00
gxCg6n8nSQw,https://www.youtube.com/watch?v=gxCg6n8nSQw,Ai Qing 36 Ji,JOLIN 蔡依林,UCZxdOVXIBEnJUQkhZgeOTTg,216,,,,2002919,周杰伦 Sony Music Taiwan,2026-07-31T14:06:15.904475+00:00
roIxF6BIuic,https://www.youtube.com/watch?v=roIxF6BIuic,Ai Ru Chao Shui,Jeff Chang - Topic,UC37Uu5Sk6MCBFJNSDPNbZ5w,271,,,,10152269,周杰伦 Sony Music Taiwan,2026-07-31T14:06:15.904475+00:00
BMI5Deo2iew,https://www.youtube.com/watch?v=BMI5Deo2iew,Always Remember Us This Way (A Star Is Born) -  Lady Gaga (Cover by Eric周興哲),周興哲 Eric Chou,UC7S48XRADBqamQbgLxpBFcQ,192,,,,900638,周杰伦 Sony Music Taiwan,2026-07-31T14:06:15.904475+00:00
qf09H2xFq2s,https://www.youtube.com/watch?v=qf09H2xFq2s,aMEI張惠妹 [ Full Name 連名帶姓 ] Official Music Video,aMEI張惠妹_阿密特,UCI1ApqO0j1KU2M9iZR1cc8A,360,,,,108371710,周杰伦 4K MV | 周杰伦 Official Music Video,2026-07-31T14:06:15.904475+00:00
siQJhIp-UTU,https://www.youtube.com/watch?v=siQJhIp-UTU,Angela Aki - 手紙~拜啟 給十五歲的你~ 電影《再會吧！青春小鳥》主題曲,台灣索尼音樂 Sony Music Taiwan,UCFtUq0ml-coWmD70Pt_urRA,374,,,,18186413,周杰伦 Sony Music Taiwan,2026-07-31T14:06:15.904475+00:00
EdxBC_PtlrQ,https://www.youtube.com/watch?v=EdxBC_PtlrQ,Appreciation of Hua Chenyu and Jay Chou's 2022 albums 【高音质】华晨宇周杰伦 2022  专辑对比欣赏,华宇乐坛 ,UC4LxiUCSv4WV92mDMOWKP0Q,2282,,,,311,周杰伦 高音质,2026-07-31T14:06:15.904475+00:00
aQXqTgS2VXM,https://www.youtube.com/watch?v=aQXqTgS2VXM,"Ashin jokingly said he'd wear a deep U-neck sweater to compete with F3 and Jay Chou, and revealed...",FTNN 新聞網,UCSiS_dpGh_mArJcFqr64O6g,129,,,,29394,周杰伦 演唱会,2026-07-31T14:06:15.904475+00:00
OHq_9WZH4dc,https://www.youtube.com/watch?v=OHq_9WZH4dc,ASUS N43SL Jay Chou Edition Notebook Hands-on Review,ASUS North America,UChSWQIeSsJkacsJyYjPNTFw,409,,,,19156,Jay Chou Official MV,2026-07-31T14:06:15.904475+00:00
0bLzxTyjiZ4,https://www.youtube.com/watch?v=0bLzxTyjiZ4,Audition Crazy 4k Dạ Khúc Ye Qu   夜曲   Jay Chou 周杰倫,Oxrt 3,UCJc8lugp0QbMr1P90Z8gepA,228,,,,159,周杰伦 4K MV,2026-07-31T14:06:15.904475+00:00
y4J6G6Y555Y,https://www.youtube.com/watch?v=y4J6G6Y555Y,Autographed cards!!! I'm here!!! Jay Chou Carnival Series Collector's Card Unboxing!!,鹽巴王子,UCgMCJPdOcl0cSIOkofwtNmw,543,,,,1129,周杰伦 专辑,2026-07-31T14:06:15.904475+00:00
NymZnH4snjo,https://www.youtube.com/watch?v=NymZnH4snjo,B.A.P 台灣專輯發行廣告,台灣索尼音樂 Sony Music Taiwan,UCFtUq0ml-coWmD70Pt_urRA,31,,,,3666,周杰伦 Sony Music Taiwan,2026-07-31T14:06:15.904475+00:00
Aa_5gqwz9D4,https://www.youtube.com/watch?v=Aa_5gqwz9D4,Bai Jing Ting 白敬亭 × Mayday 五月天 – “ Willful ” Official Stage Video｜Theme Song of “The First Frost”,相信音樂BinMusic,UC7ovu6a8ydIbDy0fAKmoZ9A,266,,,,20182559,周杰伦 4K MV | 周杰伦 Sony Music Taiwan,2026-07-31T14:06:15.904475+00:00
-YfKlqFD1ao,https://www.youtube.com/watch?v=-YfKlqFD1ao,Bii畢書盡 & 徐暐翔Vash Hsu《想要保護的 As Long As》Official Music Video - 電影「功夫」主題曲,台灣索尼音樂 Sony Music Taiwan and 3 more,,261,,,,552403,周杰伦 Sony Music Taiwan,2026-07-31T14:06:15.904475+00:00
oLbZq3lET3c,https://www.youtube.com/watch?v=oLbZq3lET3c,Bitter Coffee·Only One,Narchy Wolff,UC2lrD9S--reqE6CSSBNiqdw,184,,,,10411532,周杰伦 Sony Music Taiwan,2026-07-31T14:06:15.904475+00:00
oVj2GrWQQug,https://www.youtube.com/watch?v=oVj2GrWQQug,"Breaking the ice of the century! Wu Zongxian choked up as he confessed his love for Jay Chou, sin...",民視新聞網 Formosa TV News network,UC2VmWn8dAqkzlQqvy02E1PA,132,,,,42594,周杰伦 完整版 | 周杰伦 演唱会,2026-07-31T14:06:15.904475+00:00
C7Id3g_YUAA,https://www.youtube.com/watch?v=C7Id3g_YUAA,Breaking the Ice! Jay Chou Surprises At Wu Zongxian's Concert with a Flower Basket | CTS News 202...,華視新聞 CH52,UCDCJyLpbfgeVE9iZiEam-Kg,133,,,,1925,周杰伦 演唱会,2026-07-31T14:06:15.904475+00:00
PBxY--Fs6Aw,https://www.youtube.com/watch?v=PBxY--Fs6Aw,Cabbage Like My Mom Used To Make It | Simple Recipe,BeautifulTooCreationsWithDonna,UCFXBqTss97ZMwvSZJg_rcPQ,934,,,,1637472,Jay Chou Official MV,2026-07-31T14:06:15.904475+00:00
9eGFRk1Ws_k,https://www.youtube.com/watch?v=9eGFRk1Ws_k,Can We Guess The GENIUS Meaning Behind Jay Chou's Songs?,Cantomando,UCX6J_d8wN4teUGjyVEcplSg,704,,,,210379,Jay Chou Official MV | 周杰伦 lyric video,2026-07-31T14:06:15.904475+00:00
FrNPUqQkg5k,https://www.youtube.com/watch?v=FrNPUqQkg5k,Can You Learn To Speak Indonesian in 7 DAYS? 😳,Kurt Hugo Schneider,UCplkk3J5wrEl0TNrthHjq4Q,749,,,,815488,Jay Chou Official MV,2026-07-31T14:06:15.904475+00:00
5__-MqpLlRk,https://www.youtube.com/watch?v=5__-MqpLlRk,"CES 2011: Seth Rogen, Jay Chou and Sony CEO Howard Stringer",TECHtalk,UCyhpw4-Etc79Sq77Swre5KA,209,,,,24508,Jay Chou Official MV,2026-07-31T14:06:15.904475+00:00
ujPU76WMR00,https://www.youtube.com/watch?v=ujPU76WMR00,Charm,J.Sheon,UC6zFATnplJUo81fH64InI4g,203,,,,464700,周杰伦 Sony Music Taiwan,2026-07-31T14:06:15.904475+00:00
bBnzibFy0WE,https://www.youtube.com/watch?v=bBnzibFy0WE,Chege Feat. Diamond Platnumz | Waache Waoane | Official Video,Chege Chigunda,UCJQoy260QVLziGRvbjfRc7A,232,,,,46555603,Jay Chou Official MV,2026-07-31T14:06:15.904475+00:00
4NtZRNYXd3g,https://www.youtube.com/watch?v=4NtZRNYXd3g,"Chinese Apps Indian Alternative | Tiktok, Zoom, WPS, Shareit  का भारतीय विकल्प |  INDIANSUMIT",SONMIT FAMILY (Vlogs)💕,UCQEEswtNa0NlOTVGtS8d6wg,695,,,,381,Jay Chou Official MV | 周杰伦 Official Music Video,2026-07-31T14:06:15.904475+00:00
0wB6SWLzWfU,https://www.youtube.com/watch?v=0wB6SWLzWfU,Choose the No. 1 for Your Hair,Cream Silk Philippines,UCMUr8l8IoMrHwplQroxgwzg,37,,,,656349,周杰伦 Official Music Video | 周杰伦 lyric video,2026-07-31T14:06:15.904475+00:00
rSojry19bOA,https://www.youtube.com/watch?v=rSojry19bOA,Cindy袁詠琳【畫沙 Sand Painting】Official MV (ft. @周杰倫 Jay Chou ),袁詠琳 Cindy Yen,UCy9LXAlu3hleTpAsNJ7pdJQ,273,,,,7392832,Jay Chou Official MV | 周杰伦 4K MV,2026-07-31T14:06:15.904475+00:00
q3Mk6MQvxU0,https://www.youtube.com/watch?v=q3Mk6MQvxU0,Collin Chou at the CAPE Holiday Soiree,Pacific Rim Video,UCWWT9QZPgN00VWp1SJ2lWGQ,192,,,,10638,Jay Chou Official MV,2026-07-31T14:06:15.904475+00:00
4MgqXe4fOdI,https://www.youtube.com/watch?v=4MgqXe4fOdI,Common Jasmine Orange 《七里香》 — Jay Chou (周杰伦) | Piano Cover,Gustavo Bianchi | 谷墨清 Pianist,UCgR-MMKQGi2-F6-iLt-7wIg,307,,,,144,周杰伦 专辑,2026-07-31T14:06:15.904475+00:00
9VqEQUXzBXs,https://www.youtube.com/watch?v=9VqEQUXzBXs,Complete Core Workout | Sweat the Details | Under Armour,Under Armour,UCsjmH-FH4KbZMR3_AT8egWQ,71,,,,501429,周杰伦 Official Music Video | 周杰伦 lyric video,2026-07-31T14:06:15.904475+00:00
sxepXNT7y_g,https://www.youtube.com/watch?v=sxepXNT7y_g,"COVID-19 Canceled Their Senior Seasons, But They Got a Life-Changing Second Chance",Under Armour,UCsjmH-FH4KbZMR3_AT8egWQ,285,,,,2404231,周杰伦 lyric video,2026-07-31T14:06:15.904475+00:00
N2_TYqlMLtQ,https://www.youtube.com/watch?v=N2_TYqlMLtQ,Crazy In Love,GALIGALIGALI,UCWUVk2e7lOT8MNTrd9jbGfA,195,,,,2011887,周杰伦 Sony Music Taiwan,2026-07-31T14:06:15.904475+00:00
ioIBx8YyRgk,https://www.youtube.com/watch?v=ioIBx8YyRgk,"CTWANT Entertainment News / Jay Chou's new song ""Son of the Sun"" cost over 100 million NTD and co...",CTWANT,UCZtUbkty-OfR4_AQ4B0GtQA,121,,,,1226,周杰伦 专辑,2026-07-31T14:06:15.904475+00:00
r_H9gtEsrQo,https://www.youtube.com/watch?v=r_H9gtEsrQo,"Dahong wants to buy Jay Chou's album and asks his wife for 1000 bucks, but she quizzes him instea...",崩牙红,UCaUiU8Otrquu2c0l_8SkJbg,191,,,,247,周杰伦 专辑,2026-07-31T14:06:15.904475+00:00
Ss5G3sc_gg0,https://www.youtube.com/watch?v=Ss5G3sc_gg0,Day3 周杰倫嘉年華香港演唱會《浪漫手機+說愛你+粉色海洋》,Kilun,UCVB2mC4FyicvsjfQJLbyuxw,123,,,,10087,周杰伦 现场 Live,2026-07-31T14:06:15.904475+00:00
uaqRnVRvfbA,https://www.youtube.com/watch?v=uaqRnVRvfbA,Director Reacts - Jay Chou - 'Children Of The Sun' MV,Roscoe,UCRn0MtwWeW_Nw3ug-Wez-6A,917,,,,3659,Jay Chou Official MV,2026-07-31T14:06:15.904475+00:00
_-w5RizhnaY,https://www.youtube.com/watch?v=_-w5RizhnaY,DJ HoLend【 全周杰伦专辑 Nonstop 串烧 】Y2W V1,YES2WIN PARTY NIGHT,UCwOewtLg3xeMXU02_z-Qc4A,3858,,,,77,周杰伦 专辑,2026-07-31T14:06:15.904475+00:00
2D_oT7O7Lfc,https://www.youtube.com/watch?v=2D_oT7O7Lfc,DJ ILHAM DIGIDI - DIGIDI VIRAL TIKTOK VERSI KOPLO AGAIN TERBARU 2026,Koplo Again,UCKsTiatr6IVZwT_XcyiSfSQ,201,,,,579870,Jay Chou Official MV,2026-07-31T14:06:15.904475+00:00
FpAfgHWzaEs,https://www.youtube.com/watch?v=FpAfgHWzaEs,DJGao-全国语 Lak House-「周杰伦专辑7」DJ Gao Remix(no.197串烧-2024),gao liao,UCTCZZTwD7SFqbkLsON1c0vQ,4135,,,,1156,周杰伦 专辑,2026-07-31T14:06:15.904475+00:00
jUD8-8VNQ8I,https://www.youtube.com/watch?v=jUD8-8VNQ8I,Doctor Checkup Song + More ChuChu TV Baby Nursery Rhymes & Kids Songs,ChuChu TV Nursery Rhymes & Kids Songs,UCBnZ16ahKA2DZ_T5W0FPUXg,2194,,,,95625528,Jay Chou Official MV,2026-07-31T14:06:15.904475+00:00
F-Dmcl55rpg,https://www.youtube.com/watch?v=F-Dmcl55rpg,"El joven acudió solo a la banda, sin saber que poseía extraordinarias habilidades para tasar tesoros",Selva Teatro_dramaclub,UCfAqC2GeV4J031oEu-eH_dg,7280,,,,764,周杰伦 Official Music Video | 周杰伦 杰威尔音乐 | 周杰伦 现场 Live,2026-07-31T14:06:15.904475+00:00
oxWz_j2JDuA,https://www.youtube.com/watch?v=oxWz_j2JDuA,en - 愛錯『我從來沒想過 我會這樣做，從來沒愛過 所以愛錯。』【高音質|動態歌詞Lyrics】♫·流行音樂 hit china song,4K Music Make,UCiQKucVFHucBp11xTdROjlw,209,,,,18627870,周杰伦 4K MV | 周杰伦 Sony Music Taiwan,2026-07-31T14:06:15.904475+00:00
c6EKsyFmWmQ,https://www.youtube.com/watch?v=c6EKsyFmWmQ,en - 爱错『我从来没想过我会这样做，从来没爱过所以爱错。』【4k无损|动态歌词 Lyrics】,Aurora music,UC4h9Kd7tyTXiNb8JOhDr0Pw,208,,,,3934917,周杰伦 4K MV,2026-07-31T14:06:15.904475+00:00
k0AV7cL9qSc,https://www.youtube.com/watch?v=k0AV7cL9qSc,English musician Listens to Jonathon Lee for the FIRST TIME!,Joe Creator,UCT626JYR7grxQFlCs5nuqJA,920,,,,601316,周杰伦 Sony Music Taiwan,2026-07-31T14:06:15.904475+00:00
JfDqizoSyhE,https://www.youtube.com/watch?v=JfDqizoSyhE,EP06｜真芳吐司怎麼開到11家？台北早餐大王 ft. 阿瘦,肯親會,UC7eNBzeKOk5-lN0RXudTwcQ,2784,,,,25,周杰伦 完整版,2026-07-31T14:06:15.904475+00:00
ro9kR04ejrs,https://www.youtube.com/watch?v=ro9kR04ejrs,"Eric Chou & Sony Music Family Artists ""Forever Beautiful"" (All For One ver.) MV",周興哲 Eric Chou,UC7S48XRADBqamQbgLxpBFcQ,288,,,,795052,周杰伦 Sony Music Taiwan,2026-07-31T14:06:15.904475+00:00
_lSH-XylQJM,https://www.youtube.com/watch?v=_lSH-XylQJM,Eric Chou 周興哲 Belgian Girl Reaction - 怎麼了 What's Wrong 反應,Charmless Charmander,UCNGrNV5QPF4Ptw2H6D-TYSg,450,,,,53424,Jay Chou Official MV,2026-07-31T14:06:15.904475+00:00
7dZgDVUJbbU,https://www.youtube.com/watch?v=7dZgDVUJbbU,Eric周興哲 2020台北粉絲見面會 LIVE直播,周興哲 Eric Chou,UC7S48XRADBqamQbgLxpBFcQ,6110,,,was_live,72310,周杰伦 Sony Music Taiwan,2026-07-31T14:06:15.904475+00:00
9xO4Hc7ASeo,https://www.youtube.com/watch?v=9xO4Hc7ASeo,Eric周興哲 feat.許瑋甯《黏黏 The Way You Make Me Feel》Official Music Video,周興哲 Eric Chou,UC7S48XRADBqamQbgLxpBFcQ,269,,,,14915948,周杰伦 Sony Music Taiwan,2026-07-31T14:06:15.904475+00:00
zVYFYnHYWno,https://www.youtube.com/watch?v=zVYFYnHYWno,Eric周興哲- E Life#1 -｜千金難買早知道，興哲要買找不到｜,周興哲 Eric Chou,UC7S48XRADBqamQbgLxpBFcQ,390,,,,79545,周杰伦 Sony Music Taiwan,2026-07-31T14:06:15.904475+00:00
eb3qz5V-4TQ,https://www.youtube.com/watch?v=eb3qz5V-4TQ,Eric周興哲- E STUDIO#2 -｜Making of That's Why I Like You｜,周興哲 Eric Chou,UC7S48XRADBqamQbgLxpBFcQ,623,,,,44034,周杰伦 Sony Music Taiwan,2026-07-31T14:06:15.904475+00:00
6dq71BFjg1U,https://www.youtube.com/watch?v=6dq71BFjg1U,Eric周興哲《Me and You》Official Music Video,周興哲 Eric Chou,UC7S48XRADBqamQbgLxpBFcQ,244,,,,1986159,周杰伦 Sony Music Taiwan,2026-07-31T14:06:15.904475+00:00
snrotHXRssQ,https://www.youtube.com/watch?v=snrotHXRssQ,Eric周興哲《Something About You》Official Music Video,周興哲 Eric Chou,UC7S48XRADBqamQbgLxpBFcQ,195,,,,728626,周杰伦 Sony Music Taiwan,2026-07-31T14:06:15.904475+00:00
KhstPM1ShjY,https://www.youtube.com/watch?v=KhstPM1ShjY,Eric周興哲《That's Why I Like You》Official Music Video,周興哲 Eric Chou,UC7S48XRADBqamQbgLxpBFcQ,213,,,,3610243,周杰伦 Sony Music Taiwan,2026-07-31T14:06:15.904475+00:00
HV9SQ3ZTGSA,https://www.youtube.com/watch?v=HV9SQ3ZTGSA,Eric周興哲《This Is Love》Official Music Video,周興哲 Eric Chou,UC7S48XRADBqamQbgLxpBFcQ,293,,,,22853264,周杰伦 Sony Music Taiwan,2026-07-31T14:06:15.904475+00:00
-GD5oWucV3Y,https://www.youtube.com/watch?v=-GD5oWucV3Y,Eric周興哲《一樣美麗 Forever Beautiful》Official Music Video,周興哲 Eric Chou,UC7S48XRADBqamQbgLxpBFcQ,279,,,,10264154,周杰伦 Sony Music Taiwan,2026-07-31T14:06:15.904475+00:00
Ew4VvF0DPMc,https://www.youtube.com/watch?v=Ew4VvF0DPMc,Eric周興哲《以後別做朋友 The Distance of Love》Official Music Video,周興哲 Eric Chou,UC7S48XRADBqamQbgLxpBFcQ,265,,,,230144990,周杰伦 Sony Music Taiwan,2026-07-31T14:06:15.904475+00:00
Z84E-lQdU0w,https://www.youtube.com/watch?v=Z84E-lQdU0w,Eric周興哲《你，好不好》2019亞洲巡迴演唱會 台北小巨蛋首站,周興哲 Eric Chou,UC7S48XRADBqamQbgLxpBFcQ,147,,,,64479,周杰伦 Sony Music Taiwan,2026-07-31T14:06:15.904475+00:00
a-oGu6ve4DM,https://www.youtube.com/watch?v=a-oGu6ve4DM,Eric周興哲《你，好不好》2019亞洲巡迴演唱會 高雄巨蛋站,周興哲 Eric Chou,UC7S48XRADBqamQbgLxpBFcQ,31,,,,159081,周杰伦 Sony Music Taiwan,2026-07-31T14:06:15.904475+00:00
ws9bw44mh1U,https://www.youtube.com/watch?v=ws9bw44mh1U,Eric周興哲《你，好不好》2019台北小巨蛋首站 亞洲巡迴演唱會,周興哲 Eric Chou,UC7S48XRADBqamQbgLxpBFcQ,33,,,,144794,周杰伦 Sony Music Taiwan,2026-07-31T14:06:15.904475+00:00
wSBXfzgqHtE,https://www.youtube.com/watch?v=wSBXfzgqHtE,Eric周興哲《你，好不好？ How Have You Been?》Official Music Video《遺憾拼圖》片尾曲,周興哲 Eric Chou,UC7S48XRADBqamQbgLxpBFcQ,289,,,,280175956,Jay Chou Official MV | 周杰伦 Official Music Video | 周杰伦 Sony Music Taiwan | 周杰伦 lyric video,2026-07-31T14:06:15.904475+00:00
9rlo5K2r3Sg,https://www.youtube.com/watch?v=9rlo5K2r3Sg,Eric周興哲《受夠 Enough》Official Music Video,周興哲 Eric Chou,UC7S48XRADBqamQbgLxpBFcQ,337,,,,27121248,周杰伦 Sony Music Taiwan,2026-07-31T14:06:15.904475+00:00
gdGdO6KjF1I,https://www.youtube.com/watch?v=gdGdO6KjF1I,Eric周興哲《如果雨之後 The Chaos After You》Official Music Video,周興哲 Eric Chou,UC7S48XRADBqamQbgLxpBFcQ,333,,,,144503029,Jay Chou Official MV | 周杰伦 Sony Music Taiwan,2026-07-31T14:06:15.904475+00:00
Y2ge3KrdeWs,https://www.youtube.com/watch?v=Y2ge3KrdeWs,Eric周興哲《怎麼了 What's Wrong》Official Music Video - 華劇【你有念大學嗎？】片尾曲,周興哲 Eric Chou,UC7S48XRADBqamQbgLxpBFcQ,318,,,,206985535,Jay Chou Official MV | 周杰伦 Official Music Video | 周杰伦 Sony Music Taiwan | 周杰伦 lyric video | 周杰伦 官方 MV,2026-07-31T14:06:15.904475+00:00
u8L20-PLWgw,https://www.youtube.com/watch?v=u8L20-PLWgw,Eric周興哲《愛在身邊 Unbreakable Love 》Official Music Video LG V20微電影《愛在你聲邊》主題曲,周興哲 Eric Chou,UC7S48XRADBqamQbgLxpBFcQ,318,,,,18589720,周杰伦 Sony Music Taiwan,2026-07-31T14:06:15.904475+00:00
k8A3aQhOfqc,https://www.youtube.com/watch?v=k8A3aQhOfqc,Eric周興哲《愛情教會我們的事 What love has taught us…》Official Music Video,周興哲 Eric Chou,UC7S48XRADBqamQbgLxpBFcQ,296,,,,38285626,周杰伦 Sony Music Taiwan,2026-07-31T14:06:15.904475+00:00
22qqJcOzTfg,https://www.youtube.com/watch?v=22qqJcOzTfg,Eric周興哲《我很快樂 I'm Happy》MV Teaser,周興哲 Eric Chou,UC7S48XRADBqamQbgLxpBFcQ,30,,,,101302,周杰伦 Sony Music Taiwan,2026-07-31T14:06:15.904475+00:00
Ezd_DLawfHI,https://www.youtube.com/watch?v=Ezd_DLawfHI,Eric周興哲《我很快樂 I'm Happy》Official Music Video,周興哲 Eric Chou,UC7S48XRADBqamQbgLxpBFcQ,312,,,,57062834,Jay Chou Official MV | 周杰伦 Sony Music Taiwan,2026-07-31T14:06:15.904475+00:00
WJK8486VjfU,https://www.youtube.com/watch?v=WJK8486VjfU,Eric周興哲《永不失聯的愛 Unbreakable Love》『原創概念版』Official Music Video 《小妖的金色城堡》主題曲,周興哲 Eric Chou,UC7S48XRADBqamQbgLxpBFcQ,280,,,,100866910,Jay Chou Official MV | 周杰伦 Sony Music Taiwan,2026-07-31T14:06:15.904475+00:00
lZeuJTv-3fI,https://www.youtube.com/watch?v=lZeuJTv-3fI,Eric周興哲《相信愛 Always Believe in Love》MV Teaser,周興哲 Eric Chou,UC7S48XRADBqamQbgLxpBFcQ,34,,,,99925,周杰伦 Sony Music Taiwan,2026-07-31T14:06:15.904475+00:00
HnBbSvha988,https://www.youtube.com/watch?v=HnBbSvha988,Eric周興哲《終於了解自由 Freedom 》MV Making Film,周興哲 Eric Chou,UC7S48XRADBqamQbgLxpBFcQ,188,,,,126101,周杰伦 Sony Music Taiwan,2026-07-31T14:06:15.904475+00:00
BVK_Q6KZSUI,https://www.youtube.com/watch?v=BVK_Q6KZSUI,Eric周興哲《終於了解自由 Freedom》Official Music Video,周興哲 Eric Chou,UC7S48XRADBqamQbgLxpBFcQ,321,,,,62845654,周杰伦 Sony Music Taiwan,2026-07-31T14:06:15.904475+00:00
jIzOIsQWMfg,https://www.youtube.com/watch?v=jIzOIsQWMfg,Eric周興哲《至少我還記得 At Least I Remember》Official Music Video,周興哲 Eric Chou,UC7S48XRADBqamQbgLxpBFcQ,304,,,,49988856,周杰伦 Sony Music Taiwan,2026-07-31T14:06:15.904475+00:00
LIfhQzYR3cE,https://www.youtube.com/watch?v=LIfhQzYR3cE,Esse Cover 周杰倫《青花瓷》天青色等烟雨，而我在等你 ，17年前的歌曲到現在仍可以震撼亞洲 #songcover #翻唱 #華語音樂, Esse Music,UCBJJTbvLRjAXG-mvUtBeElw,235,,,,2212607,周杰伦 完整版 | 周杰伦 歌曲 | 周杰伦 歌词版,2026-07-31T14:06:15.904475+00:00
ntUpvRo5LRg,https://www.youtube.com/watch?v=ntUpvRo5LRg,Everyone Avoids Sick Cold CEO 🤫 Poor Girl Sleeps On Him — He Won’t Let Her Go! ✨,Soul Beat Dramas,UC8bgPm-8iNcGXx1NVWlEAlQ,15609,,,,4389,周杰伦 lyric video | 周杰伦 现场 Live,2026-07-31T14:06:15.904475+00:00
SuuVKTqRM3M,https://www.youtube.com/watch?v=SuuVKTqRM3M,F4 - 我是真的真的很愛妳,F4VEVO,UCH6QlUrXHHwCI8u_65BijlQ,323,,,,9439521,Jay Chou Official MV,2026-07-31T14:06:15.904475+00:00
vxXy6rAVors,https://www.youtube.com/watch?v=vxXy6rAVors,F4 - 第一時間,F4VEVO,UCH6QlUrXHHwCI8u_65BijlQ,284,,,,12558628,Jay Chou Official MV,2026-07-31T14:06:15.904475+00:00
T--M_M2NvhM,https://www.youtube.com/watch?v=T--M_M2NvhM,F4 × MAYDAY ' Meteor Rain ' – 5525 Version Official Stage Video,相信音樂BinMusic,UC7ovu6a8ydIbDy0fAKmoZ9A,305,,,,15826436,周杰伦 4K MV,2026-07-31T14:06:15.904475+00:00
HxXqQEnN0LI,https://www.youtube.com/watch?v=HxXqQEnN0LI,FAQ #2 I ANSWER YOUR QUESTIONS!!,Jules en Asie,UCsSrPXZ5r5N2OINXBIGHJ6Q,1440,,,,12066,周杰伦 Sony Music Taiwan,2026-07-31T14:06:15.904475+00:00
HibaLYDE6cA,https://www.youtube.com/watch?v=HibaLYDE6cA,Fiona Lee - 园游会 周杰伦 (Live Cover) 动态歌词 Lyrics Video,echo by michaeleaf,UCroxo6ilWMA0VmmDgxS2eNw,218,,,,223,周杰伦 杰威尔音乐,2026-07-31T14:06:15.904475+00:00
lSoIeIFDR0Q,https://www.youtube.com/watch?v=lSoIeIFDR0Q,FIRST LISTEN to 周杰伦 JAY CHOU 太阳之子 Children of the Sun (We were NOT expecting this!),The Journey Of Jake,UCa0_hMdbPD4tNrNsTe91xpg,2097,,,,4095,Jay Chou Official MV,2026-07-31T14:06:15.904475+00:00
UhzX33MoGNU,https://www.youtube.com/watch?v=UhzX33MoGNU,FIRST TIME Reacting to a LEGEND! 👑 Jay Chou (周杰倫) ‘Children of the Sun’ MV ☀️,Frankie Biggz,UCtNYLvCq8nf_6j9kSPwoWMQ,896,,,,487,Jay Chou Official MV,2026-07-31T14:06:15.904475+00:00
FWtbGkpdoP4,https://www.youtube.com/watch?v=FWtbGkpdoP4,G.E.M.【來自天堂的魔鬼 AWAY】Official MV [HD] 鄧紫棋,GEM鄧紫棋,UCsLWG2t7n9LFsvH0wR2rtpw,257,,,,144968010,Jay Chou Official MV,2026-07-31T14:06:15.904475+00:00
T4SimnaiktU,https://www.youtube.com/watch?v=T4SimnaiktU,G.E.M.【光年之外 LIGHT YEARS AWAY 】MV (電影《太空潛航者 Passengers》中文主題曲) [HD] 鄧紫棋,GEM鄧紫棋,UCsLWG2t7n9LFsvH0wR2rtpw,236,,,,306239244,周杰伦 4K MV | 周杰伦 Sony Music Taiwan | 周杰伦 lyric video,2026-07-31T14:06:15.904475+00:00
D9ksLn6hZ7Q,https://www.youtube.com/watch?v=D9ksLn6hZ7Q,G.E.M.【多遠都要在一起 LONG DISTANCE】Official MV [HD] 鄧紫棋,GEM鄧紫棋,UCsLWG2t7n9LFsvH0wR2rtpw,324,,,,70256172,周杰伦 lyric video,2026-07-31T14:06:15.904475+00:00
xXr4Z7HAZCE,https://www.youtube.com/watch?v=xXr4Z7HAZCE,G.E.M.鄧紫棋【唯一 Only One】LIVE現場版 (時光音樂會 · 老友記 EP.4),GEM鄧紫棋,UCsLWG2t7n9LFsvH0wR2rtpw,260,,,,32336221,周杰伦 4K MV,2026-07-31T14:06:15.904475+00:00
BG6p-7zBkvY,https://www.youtube.com/watch?v=BG6p-7zBkvY,G.E.M.鄧紫棋【天空沒有極限 THE SKY】Feat. MAYDAY五月天 Official Live Video,GEM鄧紫棋,UCsLWG2t7n9LFsvH0wR2rtpw,282,,,,15545821,周杰伦 4K MV,2026-07-31T14:06:15.904475+00:00
2BEFukvLZfI,https://www.youtube.com/watch?v=2BEFukvLZfI,G.E.M.鄧紫棋【很久以後 Long After】MV （電影《可不可以，你也剛好喜歡我》主題曲),GEM鄧紫棋,UCsLWG2t7n9LFsvH0wR2rtpw,287,,,,72645142,周杰伦 4K MV,2026-07-31T14:06:15.904475+00:00
5wxVPdribdU,https://www.youtube.com/watch?v=5wxVPdribdU,G.E.M.鄧紫棋【李香蘭 Don't Go】LIVE現場版 (時光音樂會 · 老友記 EP.6),GEM鄧紫棋,UCsLWG2t7n9LFsvH0wR2rtpw,261,,,,6916019,周杰伦 4K MV,2026-07-31T14:06:15.904475+00:00
OfIFA-V6Zec,https://www.youtube.com/watch?v=OfIFA-V6Zec,G.E.M.鄧紫棋【海闊天空 Infinite】LIVE現場版 (時光音樂會 · 老友記 EP.12),GEM鄧紫棋,UCsLWG2t7n9LFsvH0wR2rtpw,268,,,,19107104,周杰伦 4K MV,2026-07-31T14:06:15.904475+00:00
Pto5FaSUIjw,https://www.youtube.com/watch?v=Pto5FaSUIjw,G4轟炸！周杰倫《2023嘉年華演唱會海口站》一點點 Live,麥摳 Michael,UCLf0AUU5JC04GnZkS5vS-Vw,96,,,,15384,周杰伦 现场 Live,2026-07-31T14:06:15.904475+00:00
YSFn2EyLQeg,https://www.youtube.com/watch?v=YSFn2EyLQeg,GAI Questions Jay Chou’s Rap? The Moment JAY Opens His Mouth—The Gap Is Brutal! 😱🔥,高能综现场,UCx0Hc8U2tnNVzk8NDpHocCw,3344,,,,44032,周杰伦 现场 Live,2026-07-31T14:06:15.904475+00:00
5wuF1rHql6k,https://www.youtube.com/watch?v=5wuF1rHql6k,GAI太狂：周杰伦不会说唱！一开口GAI秒变小弟！！#周杰伦#GAI#说唱,综艺大本营,UClkJdbgkL2eP_sv7WoWcuWg,1585,,,,295564,周杰伦 专辑 | 周杰伦 完整版 | 周杰伦 歌曲 | 周杰伦 演唱会 | 周杰伦 现场 Live,2026-07-31T14:06:15.904475+00:00
1DRgl4JVsRo,https://www.youtube.com/watch?v=1DRgl4JVsRo,Girl predicted 250 murders but no one believed her,蘇蘇追劇,UCDlwrq7GP4j0m3kMBiIU5UA,319,,,,0,周杰伦 完整版,2026-07-31T14:06:15.904475+00:00
803V__fRBdA,https://www.youtube.com/watch?v=803V__fRBdA,GJ蔣卓嘉 - 遠距離 Long Distance (Official Music Video)  - 三立 / 台視偶像劇「浪漫輸給你」插曲,GJ蔣卓嘉,UCSg4D2G6zhCgpAL17tVLVRQ,222,,,,1003548,周杰伦 Sony Music Taiwan,2026-07-31T14:06:15.904475+00:00
mPDGk0gpWG0,https://www.youtube.com/watch?v=mPDGk0gpWG0,"GREEN HORNET interview with JAY CHOU, SETH ROGEN & CAMERON DIAZ",Movies Ireland,UCsAgyTkuoKotY1AdXbOdIMA,373,,,,84756,Jay Chou Official MV,2026-07-31T14:06:15.904475+00:00
y3bQfOAsnY0,https://www.youtube.com/watch?v=y3bQfOAsnY0,Guchi - Jennifer (Official video),Guchi,UCvE8j8JVoJ9OlrbXUjgNIbQ,178,,,,88847295,Jay Chou Official MV,2026-07-31T14:06:15.904475+00:00
5ImViPIiOz4,https://www.youtube.com/watch?v=5ImViPIiOz4,h 7 31 第二条 36 40,次元综艺局,UC_4TabZYYCroDvKRhJWBaow,6177,,,,1,周杰伦 完整版,2026-07-31T14:06:15.904475+00:00
guNSvKEXe3A,https://www.youtube.com/watch?v=guNSvKEXe3A,"Hannah Quinlivan on Beauty, Babies & Jay Chou",The Singapore Women's Weekly,UCzrU7b6Kk7W3k5PIQAGDwKA,189,,,,38392,Jay Chou Official MV,2026-07-31T14:06:15.904475+00:00
PBHLMJaCF78,https://www.youtube.com/watch?v=PBHLMJaCF78,Happy Times  舞曲大集合(2CD),台灣索尼音樂 Sony Music Taiwan,UCFtUq0ml-coWmD70Pt_urRA,194,,,,5259,周杰伦 Sony Music Taiwan,2026-07-31T14:06:15.904475+00:00
4SW9GOmvTlw,https://www.youtube.com/watch?v=4SW9GOmvTlw,Haruka Ayase: The Secret to Crystal Clear Skin | SK-II Facial Treatment Essence,SK-II Taiwan,UC6PikCyA4o4-ZC9YR1GDHmA,46,,,,3350040,周杰伦 Official Music Video,2026-07-31T14:06:15.904475+00:00
TZWI1Qv6zkY,https://www.youtube.com/watch?v=TZWI1Qv6zkY,HBF Health Insurance | Flex 50 Extras,HBF,UCOmdjeG1QfS9sE9uZ8hskUg,15,,,,548514,周杰伦 lyric video,2026-07-31T14:06:15.904475+00:00
hegN-lKOkIg,https://www.youtube.com/watch?v=hegN-lKOkIg,"He promised responsibility, cared for her ten months, then confessed his love.",Vibe-Adore Drama,UCxWChaOvGfCa-GQZHJeToXw,7942,,,,187,周杰伦 杰威尔音乐 | 周杰伦 现场 Live,2026-07-31T14:06:15.904475+00:00
GsKbnsUN2RE,https://www.youtube.com/watch?v=GsKbnsUN2RE,HEBE TIEN 田馥甄 [你就不要想起我 You Better Not Think About Me] Official MV HD,華研國際,UCCsUQXwhDj4iVlhG4VCq6Kg,318,,,,103236848,周杰伦 4K MV,2026-07-31T14:06:15.904475+00:00
w3Q2DeuTfK0,https://www.youtube.com/watch?v=w3Q2DeuTfK0,Hero Music Video: Huo Yuan Jia ~ Jay Chou,mvno1,UC8D-_Ht0p5nx1jcUuWp_MMQ,228,,,,58468,Jay Chou Official MV,2026-07-31T14:06:15.904475+00:00
rxZv9Znw8Qs,https://www.youtube.com/watch?v=rxZv9Znw8Qs,Hit Fm 年度百首單曲票選《周杰倫》歷年演唱及創作進榜歌曲 (2000~2025),ifthereisany,UCO1tBVdfsKBBrU8-RPA9b0w,601,,,,36719,周杰伦 歌曲,2026-07-31T14:06:15.904475+00:00
svj7RuTVMRU,https://www.youtube.com/watch?v=svj7RuTVMRU,HOTWHEELS HW DRIFT [1/5] | Toyota Ae86 Sprinter Trueno,ransmo5  ,UCnyyPznNtldq6_zane_irhg,61,,,,150,Jay Chou Official MV | 周杰伦 Official Music Video,2026-07-31T14:06:15.904475+00:00
v5_Pe_4-rRs,https://www.youtube.com/watch?v=v5_Pe_4-rRs,How good is Dilraba's English? You might be surprised!,Teacher Mike 麦克老师,UCsOeo1CtwMwF95aBr-RawyA,652,,,,1521078,周杰伦 Official Music Video,2026-07-31T14:06:15.904475+00:00
RkEI00vmEAc,https://www.youtube.com/watch?v=RkEI00vmEAc,How Jay Chou's NFT Dethroned Bored Ape Yacht Club | The Daily Forkast,CryptoSlam,UCu35E1yzOGlW1Lw7M_8gwQg,538,,,,3928,Jay Chou Official MV,2026-07-31T14:06:15.904475+00:00
UdDTV5j-PJM,https://www.youtube.com/watch?v=UdDTV5j-PJM,How To Design A Proper Advertising Experiment,Strategy Tips - Julian Cole ,UCzT_OoQYtzy5XvA6Z0vG_vQ,240,,,,894,周杰伦 Sony Music Taiwan,2026-07-31T14:06:15.904475+00:00
mlqpbx4gQUA,https://www.youtube.com/watch?v=mlqpbx4gQUA,How To Use an Emergency Generator | Severe Weather Guide,Lowe's Home Improvement,UCqd2hbtE2N9fb0D2nTrLT1w,232,,,,4366623,Jay Chou Official MV | 周杰伦 Official Music Video | 周杰伦 lyric video,2026-07-31T14:06:15.904475+00:00
qEYzunRx11E,https://www.youtube.com/watch?v=qEYzunRx11E,"Hsiao Chung's 39-second dolphin-like high note rendition of ""In the Name of the Father"" prompts J...",鏡新聞,UC4LjkybVKXCDlneVXlKAbmw,54,,,,3961,周杰伦 Official Music Video,2026-07-31T14:06:15.904475+00:00
0b-LSOeizcg,https://www.youtube.com/watch?v=0b-LSOeizcg,Hua Hai (花海) - 周杰倫 Jay Chou Carnival World Tour Singapore 2024,JustineT22,UCiQkF7fw5prrYVwzwmnYSdA,259,,,,4589,周杰伦 现场 Live,2026-07-31T14:06:15.904475+00:00
0GzLgn2fgcI,https://www.youtube.com/watch?v=0GzLgn2fgcI,Huang Brothers [Not Attentive] First Single MV | Official Music Video,黃氏兄弟,UCV_S2S-Zs8LeuJxK-T3RQQg,252,,,,27606788,周杰伦 Sony Music Taiwan,2026-07-31T14:06:15.904475+00:00
5HbfTDB_7dQ,https://www.youtube.com/watch?v=5HbfTDB_7dQ,Huo Yuan Jia 铽妒睲 (Fearless) MV - Jay Chou 周杰倫 高清,voldemortwillkillu,UCMnpJ88UdU7-1oWA3K_nGOw,278,,,,40065,周杰伦 1080P MV,2026-07-31T14:06:15.904475+00:00
nKDEu_5BODE,https://www.youtube.com/watch?v=nKDEu_5BODE,I CAN’T BELIEVE THIS EXISTS! Jay Chou 周杰倫【Gold Rush Town 淘金小鎮】MV – First Time Reaction,Andrew Fulgham,UCrSL8o2pMdTlzSGbONxwruQ,776,,,,3291,Jay Chou Official MV,2026-07-31T14:06:15.904475+00:00
6mYhC4kebNc,https://www.youtube.com/watch?v=6mYhC4kebNc,I Shouldn't Have Fallen in Love | Mandarin Song Cover,Xing Ok,UCHYLeAarWDOF_IUy_sILvAQ,209,,,,4895,周杰伦 官方 MV | 周杰伦 歌曲,2026-07-31T14:06:15.904475+00:00
NPAOEoSbATU,https://www.youtube.com/watch?v=NPAOEoSbATU,Intro,周杰倫 Jay Chou,UC8CU5nVhCQIdAGrFFp4loOQ,30,,,,1512920,周杰伦 JVR Music,2026-07-31T14:06:15.904475+00:00
lq0Zt-Dnd1o,https://www.youtube.com/watch?v=lq0Zt-Dnd1o,Introducing our first and only Flexi-Move Pad -- The New Modess Body Adapt Longs!,ModessPH,UCPhwWe5Ft-gd3wlfuI6JhmA,21,,,,10066221,周杰伦 lyric video | 周杰伦 杰威尔音乐,2026-07-31T14:06:15.904475+00:00
ZhlpAJfgBSY,https://www.youtube.com/watch?v=ZhlpAJfgBSY,Italian Reacts To 蔡依林 Jolin Tsai - I'm Not Yours Feat. 安室奈美惠 NAMIE AMURO,Mauro Nicolo ,UCI8XEWmffjG7fTLOH7n8GDg,501,,,,5726,周杰伦 Sony Music Taiwan,2026-07-31T14:06:15.904475+00:00
tRa3fOlnN7k,https://www.youtube.com/watch?v=tRa3fOlnN7k,J.Sheon - Don't Ask 別問很可怕 (Official Music Video),J.Sheon,UC6zFATnplJUo81fH64InI4g,248,,,,51296449,周杰伦 Sony Music Taiwan,2026-07-31T14:06:15.904475+00:00
oqurcqbFkLs,https://www.youtube.com/watch?v=oqurcqbFkLs,J2X 'EDEWUP' Official Performance Video,1Z ENTERTAINMENT and J2X,,180,,,,40481,Jay Chou Official MV,2026-07-31T14:06:15.904475+00:00
g6kSD2dZC9g,https://www.youtube.com/watch?v=g6kSD2dZC9g,Jacky Cheung 张学友 '等风雨经过' Official MV (Jay Chou 周杰伦作曲、Vincent Fang 方文山填词),Universal Music Malaysia,UCNO_HN4PCwAIjlGBZiv8_6A,175,,,,41948,Jay Chou Official MV | 周杰伦 官方 MV,2026-07-31T14:06:15.904475+00:00
zWd__w5UWVc,https://www.youtube.com/watch?v=zWd__w5UWVc,Jane Child - Don't Wanna Fall In Love (Official Music Video),RHINO,UCWEtnEiVwUy7mwFeshyAWLA,250,,,,23355021,Jay Chou Official MV,2026-07-31T14:06:15.904475+00:00
JAwOZvvGsRs,https://www.youtube.com/watch?v=JAwOZvvGsRs,Janey Cutler - Britain's Got Talent 2010 - Auditions Week 4,Britain's Got Talent,UCUtZaxDF3hD5VK4xRYFBePQ,368,,,,24311425,Jay Chou Official MV,2026-07-31T14:06:15.904475+00:00
4hLs7OXA3fA,https://www.youtube.com/watch?v=4hLs7OXA3fA,JAY #JAY #周杰伦 #周杰伦专辑 #周杰伦专辑拼图 #周杰伦专辑全球销量第一,乐感音乐楚老师,UCScsA--8wclcfZzV9Jt0_bw,58,,,,13,周杰伦 专辑,2026-07-31T14:06:15.904475+00:00
fLRYlgJqT0s,https://www.youtube.com/watch?v=fLRYlgJqT0s,Jay Chou  周杰伦 《可爱女人》（高音质中文歌词版）,99 music,UC55GBAEJMA0v2MxgXHQBnCg,241,,,,204,周杰伦 高音质,2026-07-31T14:06:15.904475+00:00
3Zz7CVPoXis,https://www.youtube.com/watch?v=3Zz7CVPoXis,Jay Chou  周杰伦 《断了的弦》（高音质中文歌词版）,99 music,UC55GBAEJMA0v2MxgXHQBnCg,298,,,,874,周杰伦 高音质,2026-07-31T14:06:15.904475+00:00
Iro5koV0xgE,https://www.youtube.com/watch?v=Iro5koV0xgE,Jay Chou  周杰伦— Time machine 时光机MV   周小董 导演剪辑版本 （田馥甄hebe tien 友情出演）,杰伦Hebe频道,UCx8z8QH_EURrw4cDOo_jAsA,309,,,,346,周杰伦 1080P MV,2026-07-31T14:06:15.904475+00:00
Ehxx7DuvEoI,https://www.youtube.com/watch?v=Ehxx7DuvEoI,Jay Chou  周杰伦《发如雪》（高音质中文歌词版）,99 music,UC55GBAEJMA0v2MxgXHQBnCg,302,,,,393,周杰伦 高音质,2026-07-31T14:06:15.904475+00:00
o9rMIbpO-Pw,https://www.youtube.com/watch?v=o9rMIbpO-Pw,"Jay Chou ""The Invincible"" Taipei Concert: Ticketing starts June 17, 2017",周杰倫 Jay Chou,UC8CU5nVhCQIdAGrFFp4loOQ,16,,,,146155,Jay Chou Official MV | 周杰伦 Official Music Video | 周杰伦 lyric video | 周杰伦 专辑 | 周杰伦 官方 MV | 周杰伦 杰威尔音乐 | 周杰伦 演唱会,2026-07-31T14:06:15.904475+00:00
myE-D0daAeM,https://www.youtube.com/watch?v=myE-D0daAeM,Jay Chou & G.E.M. Flip a Cringy Banger: Can the Beat Outshine Bad Lyrics? Fang Wenshan Speechless,下饭音乐官方频道,UCYVSEcCybChTSITlrNJzXSg,181,,,,8267,周杰伦 歌曲,2026-07-31T14:06:15.904475+00:00
-h5t_UFsi38,https://www.youtube.com/watch?v=-h5t_UFsi38,JAY CHOU (周杰伦) - FA RU XUE (髮如雪),MUSICBOX,UCP1FOY2IO_yAByjBwFiCm6g,301,,,,133969,周杰伦 4K MV,2026-07-31T14:06:15.904475+00:00
nPKTCLj28tU,https://www.youtube.com/watch?v=nPKTCLj28tU,Jay Chou (周杰伦)《周大侠(Master Chou)》[Audio],J.One7,UCt7oGx2qU0O5wqVsMlEzESA,136,,,,84,周杰伦 JVR Music | 周杰伦 杰威尔音乐,2026-07-31T14:06:15.904475+00:00
N_1YST_o8ZM,https://www.youtube.com/watch?v=N_1YST_o8ZM,Jay Chou (周杰倫) - Qi Li Xiang (七里香) Chinese + Pinyin Lyrics,Adilah A,UCooTSaSzPArseId9HvaU9PQ,296,,,,340369,Jay Chou Official MV | 周杰伦 Official Music Video | 周杰伦 lyric video,2026-07-31T14:06:15.904475+00:00
dw7tC6qVKGo,https://www.youtube.com/watch?v=dw7tC6qVKGo,Jay Chou - Blue and White Porcelain (Audio),Pinyin Learner,UCcX0TICA4sIxGZC_swRSFPg,235,,,,2226442,Jay Chou Official MV | 周杰伦 歌词版,2026-07-31T14:06:15.904475+00:00
nSW3Q9FYF0o,https://www.youtube.com/watch?v=nSW3Q9FYF0o,Jay Chou - Cowboy Is Very Busy,Jay Chou,UCYrPdQonkZ4sTE7_u14zVjg,170,,,,67763,Jay Chou Official MV,2026-07-31T14:06:15.904475+00:00
-3738ky5fCQ,https://www.youtube.com/watch?v=-3738ky5fCQ,Jay Chou - Fa Ru Xue Ringtone,coologoolo,UCLaQceEuuAVWTJFOgA-kxiA,36,,,,3566,周杰伦 Sony Music Taiwan,2026-07-31T14:06:15.904475+00:00
OTZtyCQnFyk,https://www.youtube.com/watch?v=OTZtyCQnFyk,Jay Chou - Fearless,Jay Chou,UCYrPdQonkZ4sTE7_u14zVjg,278,,,,176445,Jay Chou Official MV,2026-07-31T14:06:15.904475+00:00
PHLjnifoSOk,https://www.youtube.com/watch?v=PHLjnifoSOk,Jay Chou - Fearless Official Music Video|Reaction,Dahkid Jameek,UCMkeXrFDGi1gjN2iZ4TTZyQ,406,,,,6563,Jay Chou Official MV,2026-07-31T14:06:15.904475+00:00
VS3jOwmLsTY,https://www.youtube.com/watch?v=VS3jOwmLsTY,Jay Chou - Her Eyelashes,Jay Chou,UCYrPdQonkZ4sTE7_u14zVjg,231,,,,10525,周杰伦 Sony Music Taiwan,2026-07-31T14:06:15.904475+00:00
JzqgR9vm7WY,https://www.youtube.com/watch?v=JzqgR9vm7WY,Jay Chou - Huo Yuan Jia (霍元甲) Lyrics [Color Coded |Chn|Pin|Eng],eclairbear,UC7XvGXvFgcRYfly0yCmmftw,279,,,,95947,周杰伦 lyric video,2026-07-31T14:06:15.904475+00:00
iNiDc_bfKxI,https://www.youtube.com/watch?v=iNiDc_bfKxI,Jay Chou - Lu Xiao Yu,Jay Chou,UCYrPdQonkZ4sTE7_u14zVjg,127,,,,606574,Jay Chou Official MV,2026-07-31T14:06:15.904475+00:00
5FzC5V70eJw,https://www.youtube.com/watch?v=5FzC5V70eJw,Jay Chou - Orange Jasmin 周杰倫【七里香】Pinyin Eng Lyrics,Alex Tse,UCosEpJgF-6LFulwP2dZYPug,298,,,,48157,周杰伦 lyric video,2026-07-31T14:06:15.904475+00:00
xuCncfgV6H0,https://www.youtube.com/watch?v=xuCncfgV6H0,Jay Chou - Qian Shan Wan Shui Official MV,Bọ phấn nhã nhặn,UCH8IG7bzuz02ItLeLVEhCwQ,243,,,,20549,Jay Chou Official MV,2026-07-31T14:06:15.904475+00:00
HyPFd7enzx4,https://www.youtube.com/watch?v=HyPFd7enzx4,Jay Chou - Qing Hua Ci (Lyrics Translation + Pinyin)  周杰伦 - 青花瓷【中英文歌词】,ChEnMusic,UC6BF3-9uoXEXT2DpbRY3fdQ,239,,,,574987,Jay Chou Official MV | 周杰伦 1080P MV | 周杰伦 Official Music Video | 周杰伦 lyric video | 周杰伦 完整版 | 周杰伦 官方 MV | 周杰伦 歌曲 | 周杰伦 歌词版,2026-07-31T14:06:15.904475+00:00
J6qHT-yfBUI,https://www.youtube.com/watch?v=J6qHT-yfBUI,Jay Chou - Self-directed Act (Audio),Pinyin Learner,UCcX0TICA4sIxGZC_swRSFPg,256,,,,1406,Jay Chou Official MV,2026-07-31T14:06:15.904475+00:00
2a8Xf7uKMrE,https://www.youtube.com/watch?v=2a8Xf7uKMrE,Jay Chou - Still Wandering Official MV Reaction - Young Meechy Reacts (Bay Area Reaction),D.J's 1Heart,UClF_Vl20xGXp8_rUD0XzNRw,526,,,,553,Jay Chou Official MV,2026-07-31T14:06:15.904475+00:00
-EVwSLc5-k0,https://www.youtube.com/watch?v=-EVwSLc5-k0,Jay Chou - You Are The Firework I Missed Official MV Reaction - Young Meechy Reacts (Bay Area React),D.J's 1Heart,UClF_Vl20xGXp8_rUD0XzNRw,451,,,,221,Jay Chou Official MV,2026-07-31T14:06:15.904475+00:00
-gFIeid9hno,https://www.youtube.com/watch?v=-gFIeid9hno,Jay Chou - 义父之名 ( short Cover),AHarrr,UCsOWenb0J7Ygf6IoRDdEEOw,114,,,,204,周杰伦 Sony Music Taiwan,2026-07-31T14:06:15.904475+00:00
u2okgULbWkQ,https://www.youtube.com/watch?v=u2okgULbWkQ,Jay Chou - 周杰倫 Violin: 世界末日 End of the World (Shi Jie Mo Ri),busking jay,UCKCR2EN3LH029yuOFkSynvw,249,,,,837,周杰伦 Sony Music Taiwan,2026-07-31T14:06:15.904475+00:00
c8sLrBGE8pk,https://www.youtube.com/watch?v=c8sLrBGE8pk,Jay Chou - 周杰倫 Violin: 东风破 East Wind Breaks (Dong Feng Po),busking jay,UCKCR2EN3LH029yuOFkSynvw,307,,,,2021,周杰伦 Sony Music Taiwan,2026-07-31T14:06:15.904475+00:00
m2fS4rwS_Ac,https://www.youtube.com/watch?v=m2fS4rwS_Ac,Jay Chou - 周杰倫 Violin: 夜曲 Nocturne Intro (Ye Qu),busking jay,UCKCR2EN3LH029yuOFkSynvw,29,,,,9213,周杰伦 Sony Music Taiwan,2026-07-31T14:06:15.904475+00:00
i9hrHwMkomg,https://www.youtube.com/watch?v=i9hrHwMkomg,Jay Chou - 周杰倫 Violin: 妳聽得到 You Can Hear (Ni Ting De Dao),busking jay,UCKCR2EN3LH029yuOFkSynvw,254,,,,823,周杰伦 Sony Music Taiwan,2026-07-31T14:06:15.904475+00:00
Y5Js8SNQCVI,https://www.youtube.com/watch?v=Y5Js8SNQCVI,Jay Chou - 周杰倫 Violin: 彩虹 Rainbow (Cai Hong),busking jay,UCKCR2EN3LH029yuOFkSynvw,320,,,,1855,周杰伦 Sony Music Taiwan,2026-07-31T14:06:15.904475+00:00
nPVn8FMAlA4,https://www.youtube.com/watch?v=nPVn8FMAlA4,Jay Chou - 周杰倫 Violin: 星晴 Starry Mood (Xing Qing),busking jay,UCKCR2EN3LH029yuOFkSynvw,256,,,,2815,周杰伦 Sony Music Taiwan,2026-07-31T14:06:15.904475+00:00
ApnHgOyyhUI,https://www.youtube.com/watch?v=ApnHgOyyhUI,Jay Chou - 周杰倫 Violin: 晴天 Clear Day (Qing Tian),busking jay,UCKCR2EN3LH029yuOFkSynvw,247,,,,4753,周杰伦 Sony Music Taiwan,2026-07-31T14:06:15.904475+00:00
CqhCLyNbgTI,https://www.youtube.com/watch?v=CqhCLyNbgTI,Jay Chou - 周杰倫 Violin: 楓 Maple (Feng),busking jay,UCKCR2EN3LH029yuOFkSynvw,268,,,,3643,周杰伦 Sony Music Taiwan,2026-07-31T14:06:15.904475+00:00
HbSYHnXjptQ,https://www.youtube.com/watch?v=HbSYHnXjptQ,Jay Chou - 周杰倫 Violin: 花海 Flower Ocean (Hua Hai),busking jay,UCKCR2EN3LH029yuOFkSynvw,270,,,,2064,周杰伦 Sony Music Taiwan,2026-07-31T14:06:15.904475+00:00
L0QKglcpevQ,https://www.youtube.com/watch?v=L0QKglcpevQ,Jay Chou - 周杰倫 Violin: 菊花台 Chrysanthemum Terrace (Ju Hua Tai),busking jay,UCKCR2EN3LH029yuOFkSynvw,295,,,,2837,周杰伦 Sony Music Taiwan,2026-07-31T14:06:15.904475+00:00
B7o0cdAYoOY,https://www.youtube.com/watch?v=B7o0cdAYoOY,Jay Chou - 周杰倫 Violin: 蘭亭序 Orchid Pavilion (Lan Ting Xu),busking jay,UCKCR2EN3LH029yuOFkSynvw,288,,,,1206,周杰伦 Sony Music Taiwan,2026-07-31T14:06:15.904475+00:00
dMFFLoadCB4,https://www.youtube.com/watch?v=dMFFLoadCB4,Jay Chou - 周杰倫 Violin: 蝸牛 Snail (Wo Niu),busking jay,UCKCR2EN3LH029yuOFkSynvw,188,,,,1123,周杰伦 Sony Music Taiwan,2026-07-31T14:06:15.904475+00:00
oQ8xAYcVQHE,https://www.youtube.com/watch?v=oQ8xAYcVQHE,Jay Chou - 周杰倫 Violin: 黑色幽默 Black Humour (Hei Se You Mo),busking jay,UCKCR2EN3LH029yuOFkSynvw,277,,,,1436,周杰伦 Sony Music Taiwan,2026-07-31T14:06:15.904475+00:00
zGj797F_IB0,https://www.youtube.com/watch?v=zGj797F_IB0,Jay Chou - 周杰倫 Violin: 龍捲風 Tornado (Long Juan Feng),busking jay,UCKCR2EN3LH029yuOFkSynvw,240,,,,5847,周杰伦 Sony Music Taiwan,2026-07-31T14:06:15.904475+00:00
fTcg37bW45A,https://www.youtube.com/watch?v=fTcg37bW45A,Jay Chou -【Greatest Works of Art】| REACTION | Official MV | 周杰倫 -【最偉大的作品】,Emma and Farris,UCO2CVRvpo3n6fLZv7hUPR-g,694,,,,27090,Jay Chou Official MV,2026-07-31T14:06:15.904475+00:00
zEKr-_rVX00,https://www.youtube.com/watch?v=zEKr-_rVX00,Jay Chou 2017 周杰倫地表最強巡演-台北站9/30 李聖傑包廂飆唱《安靜》,Willy Chua,UC-1p17RLLzh5nZGHPjWAz9Q,180,,,,4694976,周杰伦 现场 Live,2026-07-31T14:06:15.904475+00:00
yvdNRWIj-9Y,https://www.youtube.com/watch?v=yvdNRWIj-9Y,Jay Chou 2024 Melbourne Concert 周杰伦2024年墨尔本历史首次演唱会 — 东风破，红颜如霜,Katelin Yan,UCcKG12a2mv0Kh4lUpM2sGyA,225,,,,2171,周杰伦 演唱会,2026-07-31T14:06:15.904475+00:00
tdaTXdhTaR8,https://www.youtube.com/watch?v=tdaTXdhTaR8,Jay Chou 2024 Melbourne Concert 周杰伦墨尔本历史首次演唱会 — 彩虹，稻香，Mojito,Katelin Yan,UCcKG12a2mv0Kh4lUpM2sGyA,618,,,,6830,周杰伦 演唱会,2026-07-31T14:06:15.904475+00:00
DNXXsr399t8,https://www.youtube.com/watch?v=DNXXsr399t8,Jay Chou 2024 Melbourne Concert 周杰伦墨尔本历史首次演唱会 —邀请嘉宾曹杨 — 不能说的秘密，微光,Katelin Yan,UCcKG12a2mv0Kh4lUpM2sGyA,377,,,,3390,周杰伦 演唱会,2026-07-31T14:06:15.904475+00:00
Ow9dNAdNIO0,https://www.youtube.com/watch?v=Ow9dNAdNIO0,Jay Chou [Initial D - Movie Ost] All The Way North (Yi Lu Xiang Bei) Lyrics Indonesia,Jay Chen,UC88hVpBiKffbhUNgz3yxVew,365,,,,10916,Jay Chou Official MV,2026-07-31T14:06:15.904475+00:00
_VvHLlmhfOs,https://www.youtube.com/watch?v=_VvHLlmhfOs,"Jay Chou Aiyo, Not Bad. 周杰倫 哎呦，不錯哦",Fayih Dede,UCIUwCQb6XyVSLXvbh6NgOxA,5048,,,,2017,周杰伦 Sony Music Taiwan,2026-07-31T14:06:15.904475+00:00
9l2ouAf2lfM,https://www.youtube.com/watch?v=9l2ouAf2lfM,"Jay Chou at the ""Green Hornet"" premiere",Los Angeles Times,UCw3SYO_euO0TSPC_m_0Pzgw,107,,,,382783,Jay Chou Official MV,2026-07-31T14:06:15.904475+00:00
fonrtXD3hdM,https://www.youtube.com/watch?v=fonrtXD3hdM,"Jay Chou Bird Nest Day 3 / Huang Xiaoming attends, shows off muscles and says he ""envies Jay Chou...",TVBS娛樂頭條,UC6mKt23kUUH4jhRwnP6UDqA,122,,,,146,周杰伦 演唱会,2026-07-31T14:06:15.904475+00:00
fjcYhSb8Kzk,https://www.youtube.com/watch?v=fjcYhSb8Kzk,Jay Chou Carnival World Tour 2023 - Bangkok | 周杰伦《嘉年华》世界巡回演唱会 8/12/2023 [1/2],Jay Le,UCPR5Qgw5YrGX7TfHFLMdfXA,3617,,,,2354,周杰伦 演唱会,2026-07-31T14:06:15.904475+00:00
gr6N8p1qLHI,https://www.youtube.com/watch?v=gr6N8p1qLHI,Jay Chou Carnival World Tour 2023 - Bangkok | 周杰伦《嘉年华》世界巡回演唱会 8/12/2023 [2/2],Jay Le,UCPR5Qgw5YrGX7TfHFLMdfXA,5244,,,,6268,周杰伦 演唱会,2026-07-31T14:06:15.904475+00:00
GFBVmSEsfIs,https://www.youtube.com/watch?v=GFBVmSEsfIs,"Jay Chou filmed a music video ""just so he could have scenes in a karaoke bar?"" A-Ken directly bro...",ETtoday星光雲/官方平台,UCX157UE-NdaUGQJDkQ-XKnw,163,,,,19858,周杰伦 Official Music Video | 周杰伦 专辑 | 周杰伦 官方 MV | 周杰伦 杰威尔音乐,2026-07-31T14:06:15.904475+00:00
PwfV0ICha94,https://www.youtube.com/watch?v=PwfV0ICha94,JAY CHOU ft. JABBAWOCKEEZ【Cold Hearted】| REACTION | Official MV | 周杰倫 - 【紅顏如霜】,Emma and Farris,UCO2CVRvpo3n6fLZv7hUPR-g,559,,,,14774,Jay Chou Official MV,2026-07-31T14:06:15.904475+00:00
8aFbKn-pb9s,https://www.youtube.com/watch?v=8aFbKn-pb9s,Jay Chou helped me get popular on Tinder,Cantomando,UCX6J_d8wN4teUGjyVEcplSg,725,,,,80944,Jay Chou Official MV,2026-07-31T14:06:15.904475+00:00
qFX8p-xGOxk,https://www.youtube.com/watch?v=qFX8p-xGOxk,Jay Chou In the Name of the Father Music Video (The Movies),mediacircus,UCq2MafIF2WqE4cJm0p1gVXA,361,,,,16032,Jay Chou Official MV,2026-07-31T14:06:15.904475+00:00
pvPpLBP_V0c,https://www.youtube.com/watch?v=pvPpLBP_V0c,Jay Chou is back?! Son of the Sun MV Reaction,辰旭KEYNO,UChfEOmm-JleUpLVNOm8NuEQ,1220,,,,10775,Jay Chou Official MV,2026-07-31T14:06:15.904475+00:00
IjUQvEs-gRc,https://www.youtube.com/watch?v=IjUQvEs-gRc,"Jay Chou is releasing a new album! The title, ""Son of the Sun,"" is inspired by Jacky Cheung. | CT...",華視新聞 CH52,UCDCJyLpbfgeVE9iZiEam-Kg,65,,,,4242,周杰伦 专辑,2026-07-31T14:06:15.904475+00:00
fN6Vckmy0aI,https://www.youtube.com/watch?v=fN6Vckmy0aI,Jay Chou loses NT$1B to former best friend in Bitcoin scam,二手财阀1,UC3-cSIeHKlvskzINE7KN57Q,601,,,,84,周杰伦 JVR Music | 周杰伦 杰威尔音乐,2026-07-31T14:06:15.904475+00:00
zLeiGD6bYn8,https://www.youtube.com/watch?v=zLeiGD6bYn8,Jay Chou Melbourne Concert 2024 周杰伦墨尔本历史首次演唱会 —世界末日,Katelin Yan,UCcKG12a2mv0Kh4lUpM2sGyA,136,,,,2666,周杰伦 演唱会,2026-07-31T14:06:15.904475+00:00
0bgXLz0_0BU,https://www.youtube.com/watch?v=0bgXLz0_0BU,Jay Chou Mojito MV Cover | 周杰伦新歌Mojito 西雅图版MV,Julia and Simon,UCYKw2GjlZ-jNzDypvkPO99Q,59,,,,279,周杰伦 Sony Music Taiwan,2026-07-31T14:06:15.904475+00:00
2ZO0kE32h6E,https://www.youtube.com/watch?v=2ZO0kE32h6E,"Jay Chou releases new song after 4 years, premieres music video to hundreds of fans",東森美洲電視ETTV America,UCnPFekXZy67zHjX8p3uyGdw,121,,,,97,周杰伦 JVR Music,2026-07-31T14:06:15.904475+00:00
TWAVXhYOQfU,https://www.youtube.com/watch?v=TWAVXhYOQfU,Jay Chou Returns to Beijing After 9 Years with Historic Bird's Nest Debut! Fans Thrilled by Exclu...,FTNN 新聞網,UCSiS_dpGh_mArJcFqr64O6g,110,,,,2629,周杰伦 演唱会,2026-07-31T14:06:15.904475+00:00
kG16SiDTx1I,https://www.youtube.com/watch?v=kG16SiDTx1I,Jay Chou shyly stammers out the story behind the songs he wrote for Hannah Quinlivan and his youn...,小杰不到一百六,UCf4Y2w2yFRbSPoRy6SJquGw,1900,,,,10486,周杰伦 专辑 | 周杰伦 完整版,2026-07-31T14:06:15.904475+00:00
aVMGvIie60s,https://www.youtube.com/watch?v=aVMGvIie60s,Jay Chou Sydney 周杰伦悉尼演唱会 高清全场,Angie Zhang,UCnYQkSdusDzmPbzb8tJGqLw,9781,,,,93329,周杰伦 演唱会,2026-07-31T14:06:15.904475+00:00
Mf9QAN_wAoQ,https://www.youtube.com/watch?v=Mf9QAN_wAoQ,Jay Chou VS Lang Lang: Who is the king?,Teacher Mike 麦克老师,UCsOeo1CtwMwF95aBr-RawyA,465,,,,31437,Jay Chou Official MV,2026-07-31T14:06:15.904475+00:00
Zubiqer_E4w,https://www.youtube.com/watch?v=Zubiqer_E4w,Jay Chou “Carnival Ⅱ” World Tour 2027 in Malaysia「稻香  马来西亚  嘉年华Ⅱ」2027周杰伦世界巡回演唱会,Horizon Production,UC6DCi37tNyzEM2kMKEW7a3Q,30,,,,1964589,周杰伦 演唱会,2026-07-31T14:06:15.904475+00:00
vhRtXjiKpHA,https://www.youtube.com/watch?v=vhRtXjiKpHA,JAY CHOU ╳ MAYDAY “ Willful ” Official Live MV #5525 WORLD LIVE TOUR｜Theme Song of “The First Frost”,相信音樂BinMusic,UC7ovu6a8ydIbDy0fAKmoZ9A,267,,,,5258348,Jay Chou Official MV | 周杰伦 4K MV | 周杰伦 Official Music Video | 周杰伦 完整版 | 周杰伦 歌曲 | 周杰伦 歌词版 | 周杰伦 现场 Live,2026-07-31T14:06:15.904475+00:00
qbuWlKRy9XM,https://www.youtube.com/watch?v=qbuWlKRy9XM,Jay Chou 周杰伦   01  《阳明山》 完整CD版,CY,UCbx5908cVcns8VWaWKaAqwQ,153,,,,42666,周杰伦 完整版,2026-07-31T14:06:15.904475+00:00
I4d-h_Zg4d4,https://www.youtube.com/watch?v=I4d-h_Zg4d4,Jay Chou 周杰伦 (红尘客栈) 古筝Instrumental + 千里之外 Live 18th Dec Singapore 2022 新加坡 嘉年华 现场 演唱会,WzoA,UC-boJdFrS1_bl8sJY-d0e6Q,181,,,,5298,周杰伦 现场 Live,2026-07-31T14:06:15.904475+00:00
bIB2Zj9kt5M,https://www.youtube.com/watch?v=bIB2Zj9kt5M,Jay Chou 周杰伦 - KKBOX 风云榜 台湾区 华语单曲周榜 Music Chart History (2005-2021),XW Charts,UCxQeH7nyInfVHXFwhHje0Qg,927,,,,2069,周杰伦 杰威尔音乐,2026-07-31T14:06:15.904475+00:00
meYODhC4i48,https://www.youtube.com/watch?v=meYODhC4i48,Jay Chou 周杰伦 Common Jasmin Orange 七里香专辑,玉漏音乐频道,UC7NODIJOt3mZNku7-6Uor4A,2544,,,,45,周杰伦 专辑,2026-07-31T14:06:15.904475+00:00
jAe2Yz3BZ8I,https://www.youtube.com/watch?v=jAe2Yz3BZ8I,Jay Chou 周杰伦 Cǎi Hóng Rainbow 彩虹 Lyric Pin yin Sub Indo,Lilyana Loren,UC0eREQoV2dmHGdcYKiHqg1Q,265,,,,253638,周杰伦 lyric video,2026-07-31T14:06:15.904475+00:00
XH-6BqNj-Fk,https://www.youtube.com/watch?v=XH-6BqNj-Fk,Jay Chou 周杰伦 专辑 【范特西】 MV 高清 完整版,Jay 周杰伦粉丝频道,UCoek4PdwSpeuXIeXXglpJUw,2394,,,,136,周杰伦 专辑,2026-07-31T14:06:15.904475+00:00
o_7xcP_K4Sk,https://www.youtube.com/watch?v=o_7xcP_K4Sk,Jay Chou 周杰伦 专辑【Jay】MV 高清 完整版,Jay 周杰伦粉丝频道,UCoek4PdwSpeuXIeXXglpJUw,2615,,,,28,周杰伦 专辑,2026-07-31T14:06:15.904475+00:00
0Ar8vdE--4o,https://www.youtube.com/watch?v=0Ar8vdE--4o,Jay Chou 周杰伦 十一月的萧邦 2005專輯 shi yi yue de xiao bang november's chopin Full Album周杰伦精选 [4K],杰威爾歌詞MV頻道JVR Lyric MV,UCsMWXIFViw8KxCl1i7X8deA,3113,,,,1044,周杰伦 4K MV,2026-07-31T14:06:15.904475+00:00
l5Dym7LpE2w,https://www.youtube.com/watch?v=l5Dym7LpE2w,Jay Chou 周杰伦 双节棍 Live 18th Dec  2022 Carnival World Tour 新加坡 嘉年华 现场 演唱会,WzoA,UC-boJdFrS1_bl8sJY-d0e6Q,75,,,,1259,周杰伦 现场 Live,2026-07-31T14:06:15.904475+00:00
EyuUcwEa39E,https://www.youtube.com/watch?v=EyuUcwEa39E,Jay Chou 周杰伦 演唱会即兴神功改编精选集 2021,Wayne Tai,UCLsHY6NsCC83_KhuUud73cw,360,,,,7257,周杰伦 演唱会,2026-07-31T14:06:15.904475+00:00
ziKGVBijO9c,https://www.youtube.com/watch?v=ziKGVBijO9c,Jay Chou 周杰伦。最新专辑,Chinese music,UCtOXMkIzLXmc1osEgn83Ukw,38,,,,19,周杰伦 专辑,2026-07-31T14:06:15.904475+00:00
fns-r4aHwVI,https://www.youtube.com/watch?v=fns-r4aHwVI,Jay Chou 周杰伦《告白气球》超清MV,ni si,UCGoai8RWb6MtEshQU8XEmxA,216,,,,186,周杰伦 1080P MV,2026-07-31T14:06:15.904475+00:00
MOL9sltUfXs,https://www.youtube.com/watch?v=MOL9sltUfXs,Jay Chou 周杰伦【可爱女人Adorable Lady】 English & Pinyin & Chinese Lyrics,PURRING MUSIC - Chinese Music Translation,UCFSeGO8JlztGJaLBahcpkNw,239,,,,381388,周杰伦 1080P MV,2026-07-31T14:06:15.904475+00:00
kC2bkbMC6Zs,https://www.youtube.com/watch?v=kC2bkbMC6Zs,Jay Chou 周杰伦【稻香 Rice Field】 English & Pinyin & Chinese Lyrics,PURRING MUSIC - Chinese Music Translation,UCFSeGO8JlztGJaLBahcpkNw,225,,,,493818,周杰伦 Official Music Video | 周杰伦 官方 MV | 周杰伦 歌词版,2026-07-31T14:06:15.904475+00:00
k3TIpj4B4N0,https://www.youtube.com/watch?v=k3TIpj4B4N0,Jay Chou 周杰倫  [ 愛琴海 ] Aegean Sea Lyric Video,杰威爾歌詞MV頻道JVR Lyric MV,UCsMWXIFViw8KxCl1i7X8deA,214,,,,111032,周杰伦 官方 MV | 周杰伦 杰威尔音乐 | 周杰伦 歌词版,2026-07-31T14:06:15.904475+00:00
0Z0VzjFh5kU,https://www.youtube.com/watch?v=0Z0VzjFh5kU,"Jay Chou 周杰倫 ""Children of the Sun 太陽之子"" Official Music Video | REACTION",Tov1n,UCP2FG2-mMSaf_554Z73TGPw,591,,,,623,Jay Chou Official MV | 周杰伦 Official Music Video,2026-07-31T14:06:15.904475+00:00
ylP20brvGJo,https://www.youtube.com/watch?v=ylP20brvGJo,Jay Chou 周杰倫 - Dao Xiang 稻香 Fragrant Rice (Pinyin+English Lyrics),JS Pinyin,UCed6B7E6w1TXsqLmCM9YC4w,222,,,,440678,Jay Chou Official MV | 周杰伦 lyric video,2026-07-31T14:06:15.904475+00:00
wPUZ2XGVxd8,https://www.youtube.com/watch?v=wPUZ2XGVxd8,Jay Chou 周杰倫 - Mojito Lyrics / Pinyin,Anita,UCIa76TpM0JgAQ4tn-4rDWGw,180,,,,603,周杰伦 JVR Music,2026-07-31T14:06:15.904475+00:00
_zv9FSBUYW0,https://www.youtube.com/watch?v=_zv9FSBUYW0,Jay Chou 周杰倫 - Tui Hou 退後 [ Karaoke Lyrics ],MiicL Lyrics,UCYBe9XfhdeL2JU15DSqJahg,261,,,,74322,周杰伦 lyric video,2026-07-31T14:06:15.904475+00:00
aNNvPfHhJ1A,https://www.youtube.com/watch?v=aNNvPfHhJ1A,Jay Chou 周杰倫 - 公公偏頭痛  Gong Gong Pian Tou Tong (Dizzy Eunuch)  MV,candyloveyou,UCnX8gXaleq8YbStC0p_gKdA,186,,,,2156,周杰伦 1080P MV,2026-07-31T14:06:15.904475+00:00
FBmWRndJNy0,https://www.youtube.com/watch?v=FBmWRndJNy0,Jay Chou 周杰倫 [ 女兒殿下 ] Daughters Highness Lyric Video,杰威爾歌詞MV頻道JVR Lyric MV,UCsMWXIFViw8KxCl1i7X8deA,224,,,,162145,Jay Chou Official MV | 周杰伦 Official Music Video | 周杰伦 官方 MV | 周杰伦 杰威尔音乐 | 周杰伦 歌词版,2026-07-31T14:06:15.904475+00:00
SMPZ-C1pi6o,https://www.youtube.com/watch?v=SMPZ-C1pi6o,Jay Chou 周杰倫 [ 聖徒 ] Saint Lyric Video,杰威爾歌詞MV頻道JVR Lyric MV,UCsMWXIFViw8KxCl1i7X8deA,174,,,,16472,周杰伦 官方 MV,2026-07-31T14:06:15.904475+00:00
Yl0NhSqrg6Y,https://www.youtube.com/watch?v=Yl0NhSqrg6Y,Jay Chou 周杰倫 Failure at Love 愛情廢柴 MV REACTION,Asian Music Review 亞洲音樂評論,UCKoD504b8dUXJ0Fus6EgagQ,517,,,,36,周杰伦 1080P MV,2026-07-31T14:06:15.904475+00:00
snGKun7tRD8,https://www.youtube.com/watch?v=snGKun7tRD8,Jay Chou 周杰倫 Love Life Theme Song (Full),Amanda Lim,UCPmY_zso3h_nfDcd6TMaNsw,127,,,,146803,周杰伦 JVR Music,2026-07-31T14:06:15.904475+00:00
UOqSGxl4lfA,https://www.youtube.com/watch?v=UOqSGxl4lfA,Jay Chou 周杰倫 Sign Language 手語 [Eng Subs+Pinyin+Chiense Lyrics],oddishjing,UCHz3LAKAsZ4FK2dLdr2I3GA,288,,,,114994,周杰伦 lyric video,2026-07-31T14:06:15.904475+00:00
JnFFbP3XMX8,https://www.youtube.com/watch?v=JnFFbP3XMX8,"Jay Chou 周杰倫 Worldly Tavern 紅塵客棧,  [Eng Subs+Pinyin+Chinese Lyrics]",oddishjing,UCHz3LAKAsZ4FK2dLdr2I3GA,276,,,,36054,周杰伦 lyric video,2026-07-31T14:06:15.904475+00:00
lkxWU9dURuc,https://www.youtube.com/watch?v=lkxWU9dURuc,Jay Chou 周杰倫 【那天下雨了】The day it rained Lyric Video,杰威爾歌詞MV頻道JVR Lyric MV,UCsMWXIFViw8KxCl1i7X8deA,220,,,,242526,Jay Chou Official MV | 周杰伦 JVR Music | 周杰伦 Official Music Video | 周杰伦 官方 MV | 周杰伦 杰威尔音乐 | 周杰伦 歌曲 | 周杰伦 歌词版,2026-07-31T14:06:15.904475+00:00
F4C4rcvaT8g,https://www.youtube.com/watch?v=F4C4rcvaT8g,Jay Chou 周杰倫 新專輯太陽之子【那天下雨了】 歌詞版,Bernie Tom,UCFD6cOMF_2C_8o-0gi7u7wQ,224,,,,1817,周杰伦 歌词版,2026-07-31T14:06:15.904475+00:00
pl3ne8eYkqY,https://www.youtube.com/watch?v=pl3ne8eYkqY,Jay Chou 周杰倫20年混音(DJ Justin Chen Megamix),DJ Justin Chen 文爺,UCJR5ATFjVkXZC3L8ZPGxusg,5646,,,,194390,周杰伦 歌曲,2026-07-31T14:06:15.904475+00:00
nytV3uPGbH4,https://www.youtube.com/watch?v=nytV3uPGbH4,Jay Chou 周杰倫Live @ 澳門站 抒情版雙節棍 （清晰完整版）,genzongjielun,UCIgIQ6ACaIhpeA4nJvPyW8Q,366,,,,68511,周杰伦 完整版,2026-07-31T14:06:15.904475+00:00
nEstYL4hwu8,https://www.youtube.com/watch?v=nEstYL4hwu8,Jay Chou 周杰倫【04湘女多情】 新專輯 Music Video,Cat Pure,UC0x1qUDk9aEMjl-KanvBWIA,239,,,,3044,周杰伦 专辑,2026-07-31T14:06:15.904475+00:00
4N_dV7UUPbU,https://www.youtube.com/watch?v=4N_dV7UUPbU,Jay Chou 周杰倫【13聖誕星】 新專輯 Music Video,Cat Pure,UC0x1qUDk9aEMjl-KanvBWIA,182,,,,942,Jay Chou Official MV,2026-07-31T14:06:15.904475+00:00
4UHgw3pYj1s,https://www.youtube.com/watch?v=4UHgw3pYj1s,Jay Chou 周杰倫【Aegean Sea 愛琴海】(REACTION VIDEO),GOE World,UCDNbDi6qbj58qD5gc7XIAkg,317,,,,175,周杰伦 Official Music Video,2026-07-31T14:06:15.904475+00:00
ZLldhJXp7iw,https://www.youtube.com/watch?v=ZLldhJXp7iw,Jay Chou 周杰倫【Aegean Sea 愛琴海】Official Music Video,周杰倫 Jay Chou,UC8CU5nVhCQIdAGrFFp4loOQ,217,,,,8472400,Jay Chou Official MV | 周杰伦 4K MV | 周杰伦 Official Music Video | 周杰伦 lyric video | 周杰伦 专辑 | 周杰伦 完整版 | 周杰伦 杰威尔音乐 | 周杰伦 歌曲 | 周杰伦 歌词版 | 周杰伦 演唱会 | 周杰伦 现场 Live | 周杰伦 高音质,2026-07-31T14:06:15.904475+00:00
PJyFND4-zR4,https://www.youtube.com/watch?v=PJyFND4-zR4,Jay Chou 周杰倫【Aurora in July 七月的極光】Official Music Video,周杰倫 Jay Chou,UC8CU5nVhCQIdAGrFFp4loOQ,190,,,,3724470,Jay Chou Official MV | 周杰伦 Official Music Video | 周杰伦 lyric video | 周杰伦 官方 MV | 周杰伦 杰威尔音乐 | 周杰伦 歌曲 | 周杰伦 歌词版 | 周杰伦 演唱会,2026-07-31T14:06:15.904475+00:00
5qNEZpTkn2w,https://www.youtube.com/watch?v=5qNEZpTkn2w,Jay Chou 周杰倫【Children of the Sun 太陽之子】Lyric Video,杰威爾歌詞MV頻道JVR Lyric MV,UCsMWXIFViw8KxCl1i7X8deA,201,,,,11630,周杰伦 杰威尔音乐,2026-07-31T14:06:15.904475+00:00
Hgnpi3eBQ9o,https://www.youtube.com/watch?v=Hgnpi3eBQ9o,Jay Chou 周杰倫【Children of the Sun 太陽之子】Official Music Video,周杰倫 Jay Chou,UC8CU5nVhCQIdAGrFFp4loOQ,419,,,,9852337,周杰伦 专辑 | 周杰伦 完整版 | 周杰伦 官方 MV | 周杰伦 杰威尔音乐 | 周杰伦 歌曲 | 周杰伦 歌词版 | 周杰伦 演唱会 | 周杰伦 现场 Live | 周杰伦 高音质,2026-07-31T14:06:15.904475+00:00
RgU4M_06EoY,https://www.youtube.com/watch?v=RgU4M_06EoY,Jay Chou 周杰倫【Children of the Sun 太陽之子】Official Music Video Reaction,JAY REACTS,UCAoZ_fEqdVjrojQp0UOgzjQ,647,,,,39,Jay Chou Official MV | 周杰伦 Official Music Video,2026-07-31T14:06:15.904475+00:00
v3ZN1UwahdA,https://www.youtube.com/watch?v=v3ZN1UwahdA,Jay Chou 周杰倫【Children of the Sun 太陽之子】Official Music Video REACTION,Volkan Dağcı,UCHYQ-65DYweO6dYooSfYqpw,455,,,,434,Jay Chou Official MV | 周杰伦 Official Music Video,2026-07-31T14:06:15.904475+00:00
XAhKFiPqGRQ,https://www.youtube.com/watch?v=XAhKFiPqGRQ,Jay Chou 周杰倫【Country Road 鄉間的路】Official Music Video,周杰倫 Jay Chou,UC8CU5nVhCQIdAGrFFp4loOQ,213,,,,3713579,Jay Chou Official MV | 周杰伦 1080P MV | 周杰伦 4K MV | 周杰伦 JVR Music | 周杰伦 lyric video | 周杰伦 专辑 | 周杰伦 官方 MV | 周杰伦 杰威尔音乐 | 周杰伦 歌曲 | 周杰伦 歌词版 | 周杰伦 演唱会 | 周杰伦 高音质,2026-07-31T14:06:15.904475+00:00
SW3OQ0ijUCI,https://www.youtube.com/watch?v=SW3OQ0ijUCI,Jay Chou 周杰倫【Gold Rush Town 淘金小鎮】Official Music Video,周杰倫 Jay Chou,UC8CU5nVhCQIdAGrFFp4loOQ,267,,,,10087504,Jay Chou Official MV | 周杰伦 JVR Music | 周杰伦 Official Music Video | 周杰伦 lyric video | 周杰伦 专辑 | 周杰伦 完整版 | 周杰伦 官方 MV | 周杰伦 杰威尔音乐 | 周杰伦 歌曲 | 周杰伦 歌词版 | 周杰伦 演唱会 | 周杰伦 现场 Live,2026-07-31T14:06:15.904475+00:00
G1HYdtXA9O4,https://www.youtube.com/watch?v=G1HYdtXA9O4,Jay Chou 周杰倫【Gold Rush Town 淘金小鎮】Official Music Video REACTION,Jus' 2 React,UCjFqjcg0RR6ILLrZ32k4D9g,393,,,,822,Jay Chou Official MV | 周杰伦 Official Music Video,2026-07-31T14:06:15.904475+00:00
McheVxJlKAw,https://www.youtube.com/watch?v=McheVxJlKAw,Jay Chou 周杰倫【Gold Rush Town 淘金小鎮】Official Music Video REACTION,W & R,UCX7bwcLPagi9x35Q85nPw7A,388,,,,261,Jay Chou Official MV | 周杰伦 Official Music Video,2026-07-31T14:06:15.904475+00:00
wIgduzASI6A,https://www.youtube.com/watch?v=wIgduzASI6A,Jay Chou 周杰倫【I Do】Official Music Video,周杰倫 Jay Chou,UC8CU5nVhCQIdAGrFFp4loOQ,217,,,,10740882,Jay Chou Official MV | 周杰伦 4K MV | 周杰伦 JVR Music | 周杰伦 Official Music Video | 周杰伦 lyric video | 周杰伦 专辑 | 周杰伦 完整版 | 周杰伦 官方 MV | 周杰伦 杰威尔音乐 | 周杰伦 歌曲 | 周杰伦 歌词版 | 周杰伦 演唱会 | 周杰伦 现场 Live | 周杰伦 高音质,2026-07-31T14:06:15.904475+00:00
Ix4m0Iz7f5o,https://www.youtube.com/watch?v=Ix4m0Iz7f5o,"Jay Chou 周杰倫【My Daughter, Your Highness女兒殿下】(REACTION VIDEO)",GOE World,UCDNbDi6qbj58qD5gc7XIAkg,401,,,,174,周杰伦 Official Music Video,2026-07-31T14:06:15.904475+00:00
aGsrg1NO1cM,https://www.youtube.com/watch?v=aGsrg1NO1cM,"Jay Chou 周杰倫【My Daughter, Your Highness女兒殿下】Official Music Video",周杰倫 Jay Chou,UC8CU5nVhCQIdAGrFFp4loOQ,225,,,,11092543,Jay Chou Official MV | 周杰伦 JVR Music | 周杰伦 Official Music Video | 周杰伦 lyric video | 周杰伦 完整版 | 周杰伦 官方 MV | 周杰伦 杰威尔音乐 | 周杰伦 歌曲 | 周杰伦 歌词版,2026-07-31T14:06:15.904475+00:00
tX55HfRikR8,https://www.youtube.com/watch?v=tX55HfRikR8,Jay Chou 周杰倫【Who Cares 誰稀罕】 - Instrumental / Karaoke / 伴奏版 (Vocal Removed),HJ & CO | Digital Content,UCGxfAHMKi6rYCrx4gmonm9Q,263,,,,60,周杰伦 JVR Music,2026-07-31T14:06:15.904475+00:00
a7ziV-RjqBo,https://www.youtube.com/watch?v=a7ziV-RjqBo,Jay Chou 周杰倫【Who Cares 誰稀罕】Official Music Video,周杰倫 Jay Chou,UC8CU5nVhCQIdAGrFFp4loOQ,263,,,,4471372,Jay Chou Official MV | 周杰伦 lyric video | 周杰伦 专辑 | 周杰伦 完整版 | 周杰伦 官方 MV | 周杰伦 杰威尔音乐 | 周杰伦 歌曲 | 周杰伦 歌词版 | 周杰伦 现场 Live,2026-07-31T14:06:15.904475+00:00
fuM1aVCGR8c,https://www.youtube.com/watch?v=fuM1aVCGR8c,Jay Chou 周杰倫【反方向的鐘 Counter-clockwise Clock】-Official Music Video,周杰倫 Jay Chou,UC8CU5nVhCQIdAGrFFp4loOQ,263,,,,9068667,Jay Chou Official MV | 周杰伦 JVR Music | 周杰伦 Official Music Video | 周杰伦 lyric video | 周杰伦 专辑 | 周杰伦 完整版 | 周杰伦 官方 MV | 周杰伦 歌曲 | 周杰伦 歌词版 | 周杰伦 演唱会 | 周杰伦 现场 Live | 周杰伦 高音质,2026-07-31T14:06:15.904475+00:00
EZxhW-uSN_I,https://www.youtube.com/watch?v=EZxhW-uSN_I,Jay Chou 周杰倫【周大俠 Master Chou】-Official Music Video(電影「功夫灌籃」主題曲),周杰倫 Jay Chou,UC8CU5nVhCQIdAGrFFp4loOQ,141,,,,3124859,Jay Chou Official MV | 周杰伦 4K MV | 周杰伦 Official Music Video | 周杰伦 lyric video | 周杰伦 完整版 | 周杰伦 官方 MV | 周杰伦 杰威尔音乐 | 周杰伦 歌曲 | 周杰伦 歌词版 | 周杰伦 演唱会 | 周杰伦 现场 Live,2026-07-31T14:06:15.904475+00:00
w5JEriWA__A,https://www.youtube.com/watch?v=w5JEriWA__A,Jay Chou 周杰倫【夜曲 Ye Qu】 Official Music Video,丁怡君,UCTyBxojAF-4sDER4ZSS0LMw,338,,,,3163,Jay Chou Official MV,2026-07-31T14:06:15.904475+00:00
eaW0jUGaHe0,https://www.youtube.com/watch?v=eaW0jUGaHe0,Jay Chou 周杰倫【天地一鬥 Spark 】-Official Music Video(ft. Kobe Bryant),周杰倫 Jay Chou,UC8CU5nVhCQIdAGrFFp4loOQ,187,,,,2136061,Jay Chou Official MV | 周杰伦 Official Music Video | 周杰伦 完整版 | 周杰伦 歌曲,2026-07-31T14:06:15.904475+00:00
vTznZvvIq1E,https://www.youtube.com/watch?v=vTznZvvIq1E,Jay Chou 周杰倫【心雨 Rainy Mood】 Official Music Video [4K],杰威爾歌詞MV頻道JVR Lyric MV,UCsMWXIFViw8KxCl1i7X8deA,268,,,,16812,周杰伦 4K MV,2026-07-31T14:06:15.904475+00:00
ChXiROKng30,https://www.youtube.com/watch?v=ChXiROKng30,Jay Chou 周杰倫【手語 Sign Language】-Official Music Video,周杰倫 Jay Chou,UC8CU5nVhCQIdAGrFFp4loOQ,296,,,,6688008,Jay Chou Official MV | 周杰伦 JVR Music | 周杰伦 Official Music Video | 周杰伦 lyric video | 周杰伦 完整版 | 周杰伦 官方 MV | 周杰伦 杰威尔音乐 | 周杰伦 歌词版 | 周杰伦 现场 Live,2026-07-31T14:06:15.904475+00:00
QisqsuRKgCg,https://www.youtube.com/watch?v=QisqsuRKgCg,Jay Chou 周杰倫【扯 Pull Apart】 Official Music Video [4K],杰威爾歌詞MV頻道JVR Lyric MV,UCsMWXIFViw8KxCl1i7X8deA,198,,,,663,周杰伦 4K MV | 周杰伦 JVR Music | 周杰伦 杰威尔音乐,2026-07-31T14:06:15.904475+00:00
bzJOznjm5RQ,https://www.youtube.com/watch?v=bzJOznjm5RQ,Jay Chou 周杰倫【時光機 Time Machine】 Official Music Video [4K],杰威爾歌詞MV頻道JVR Lyric MV,UCsMWXIFViw8KxCl1i7X8deA,311,,,,1927,周杰伦 4K MV,2026-07-31T14:06:15.904475+00:00
HIRRfGi0oZI,https://www.youtube.com/watch?v=HIRRfGi0oZI,Jay Chou 周杰倫【無雙 Incomparable】 Official Music Video [4K],杰威爾歌詞MV頻道JVR Lyric MV,UCsMWXIFViw8KxCl1i7X8deA,235,,,,1264,周杰伦 4K MV | 周杰伦 JVR Music | 周杰伦 杰威尔音乐,2026-07-31T14:06:15.904475+00:00
Z6E7ONdo1oY,https://www.youtube.com/watch?v=Z6E7ONdo1oY,Jay Chou 周杰倫【迷迭香 Rosemary】 Official Music Video [4K],杰威爾歌詞MV頻道JVR Lyric MV,UCsMWXIFViw8KxCl1i7X8deA,261,,,,2044,周杰伦 杰威尔音乐,2026-07-31T14:06:15.904475+00:00
wfGCxqIVkxQ,https://www.youtube.com/watch?v=wfGCxqIVkxQ,Jay Chou 周杰倫【霍元甲 Fearless】-Official Music Video || My Reaction!,KeyMuscle,UCAiVgb9gUiOkZ5bPg7COuIA,365,,,,27214,Jay Chou Official MV | 周杰伦 Official Music Video,2026-07-31T14:06:15.904475+00:00
4_KjKsvGYZY,https://www.youtube.com/watch?v=4_KjKsvGYZY,Jay Chou 周杰倫【青花瓷 Blue and White Porcelain】-Official Music Video Reaction,The Mixed Plate Frequency,UCtPUZ7r0D6hJrU3FIupSJog,490,,,,12859,Jay Chou Official MV | 周杰伦 1080P MV,2026-07-31T14:06:15.904475+00:00
mamQvkO6lyU,https://www.youtube.com/watch?v=mamQvkO6lyU,Jay Chou 周杰倫【麥烝瑋 Mai】-Official Music Video,周杰倫 Jay Chou,UC8CU5nVhCQIdAGrFFp4loOQ,255,,,,426578,Jay Chou Official MV | 周杰伦 Official Music Video | 周杰伦 lyric video | 周杰伦 完整版 | 周杰伦 官方 MV | 周杰伦 歌词版,2026-07-31T14:06:15.904475+00:00
CI4Een7Dvxc,https://www.youtube.com/watch?v=CI4Een7Dvxc,Jay Chou!! The multi-talented actor and singer!!,seeker777tv,UC8jtRsFOndArveKEUxmVtYw,721,,,,8269,Jay Chou Official MV,2026-07-31T14:06:15.904475+00:00
EV2wpJ_B7d4,https://www.youtube.com/watch?v=EV2wpJ_B7d4,"Jay Chou's ""Son of the Sun"" music video, costing over 100 million NTD, premiered! He appeared in ...",鏡新聞,UC4LjkybVKXCDlneVXlKAbmw,105,,,,1697,周杰伦 专辑 | 周杰伦 完整版,2026-07-31T14:06:15.904475+00:00
-M8RGQ2aSrc,https://www.youtube.com/watch?v=-M8RGQ2aSrc,Jay Chou's 3-year-old daughter hits the stage at Beijing's Bird's Nest! Adorable baby voice asks ...,FTNN 新聞網,UCSiS_dpGh_mArJcFqr64O6g,75,,,,1219,周杰伦 完整版 | 周杰伦 演唱会,2026-07-31T14:06:15.904475+00:00
duvD1xWffYU,https://www.youtube.com/watch?v=duvD1xWffYU,"Jay Chou's album stalled? He suddenly says ""let go of your persistence""; Miss Ko's comeback gets ...",TVBS娛樂頭條,UC6mKt23kUUH4jhRwnP6UDqA,116,,,,308,周杰伦 专辑,2026-07-31T14:06:15.904475+00:00
Rw5C9Fg-NnA,https://www.youtube.com/watch?v=Rw5C9Fg-NnA,"Jay Chou's concert featured the first performance of his proposal song, ""I DO,"" instantly transfo...",FTNN 新聞網,UCSiS_dpGh_mArJcFqr64O6g,63,,,,5941,周杰伦 演唱会 | 周杰伦 现场 Live,2026-07-31T14:06:15.904475+00:00
wjjjA74yin4,https://www.youtube.com/watch?v=wjjjA74yin4,Jay Chou's Grandmother Music Video Created in The Movies,mediacircus,UCq2MafIF2WqE4cJm0p1gVXA,256,,,,2319,Jay Chou Official MV,2026-07-31T14:06:15.904475+00:00
fUo2y5b7xrY,https://www.youtube.com/watch?v=fUo2y5b7xrY,Jay Chou's new album after a 4-year hiatus is finally here! The teaser will be released on March ...,三立新聞LIVE,UC2TuODJhC03pLgd6MpWP0iw,86,,,,339,周杰伦 专辑,2026-07-31T14:06:15.904475+00:00
sGMD9e8B0Ac,https://www.youtube.com/watch?v=sGMD9e8B0Ac,Jay Chou's new album after a 4-year hiatus is finally here! The teaser will be released on March ...,三立新聞網SETN,UCIU8ha-NHmLjtUwU7dFiXUA,86,,,,808,周杰伦 专辑,2026-07-31T14:06:15.904475+00:00
B-jOTSKmV0I,https://www.youtube.com/watch?v=B-jOTSKmV0I,Jay Chou's new music video premieres; he appears at a Xinyi District cinema looking incredibly ha...,台視新聞 TTV NEWS,UC8ROUUjHzEQm-ndb69CX8Ww,127,,,,2435,周杰伦 现场 Live,2026-07-31T14:06:15.904475+00:00
mMuvfoiw0rM,https://www.youtube.com/watch?v=mMuvfoiw0rM,"Jay Chou's new song countdown has undergone major changes! All because of Hannah Quinlivan's ""swe...",FTNN 新聞網,UCSiS_dpGh_mArJcFqr64O6g,79,,,,1418,周杰伦 杰威尔音乐,2026-07-31T14:06:15.904475+00:00
tfsqVKGLbBI,https://www.youtube.com/watch?v=tfsqVKGLbBI,"Jay Chou's new song hits NBA! Jeremy Lin covers it and says: ""Find me for the music video and you...",TVBS娛樂頭條,UC6mKt23kUUH4jhRwnP6UDqA,106,,,,5408,周杰伦 Official Music Video,2026-07-31T14:06:15.904475+00:00
D05fbIhBOhw,https://www.youtube.com/watch?v=D05fbIhBOhw,Jay Chou's youngest daughter got stuck in a huge traffic jam while attending his concert! Her swe...,FTNN 新聞網,UCSiS_dpGh_mArJcFqr64O6g,63,,,,8011,周杰伦 杰威尔音乐 | 周杰伦 演唱会,2026-07-31T14:06:15.904475+00:00
H0OAw2ZZOZ4,https://www.youtube.com/watch?v=H0OAw2ZZOZ4,"Jay Chou, son of the sun or son of mediocrity? #JayChou #SonoftheSun",丁太升,UCjpjFop02meNbAgzlOZ1atA,617,,,,17767,Jay Chou Official MV | 周杰伦 专辑,2026-07-31T14:06:15.904475+00:00
nal1LbSrg00,https://www.youtube.com/watch?v=nal1LbSrg00,Jay Chou’s Eldest Daughter Stuns Netizens with Her Long Legs and Poise; Waves Like a Natural at t...,鏡新聞,UC4LjkybVKXCDlneVXlKAbmw,59,,,,1884,周杰伦 演唱会,2026-07-31T14:06:15.904475+00:00
C1PuVP4qIcM,https://www.youtube.com/watch?v=C1PuVP4qIcM,Jay Chou【Bedtime Stories】Official MV REACTION!!!,SenpaiSAINTFLEUR,UCOyI3XhF4_D4SbRBQrLOfBw,454,,,,2841,Jay Chou Official MV,2026-07-31T14:06:15.904475+00:00
p7tOvHgbHcg,https://www.youtube.com/watch?v=p7tOvHgbHcg,Jay Chou【Class 3-2】- Official Music Video REACTION!!!,SenpaiSAINTFLEUR,UCOyI3XhF4_D4SbRBQrLOfBw,591,,,,3757,Jay Chou Official MV,2026-07-31T14:06:15.904475+00:00
GIb_MnQX9tU,https://www.youtube.com/watch?v=GIb_MnQX9tU,Jay Chou【Extra Large Shoes】Official MV REACTION!!!,SenpaiSAINTFLEUR,UCOyI3XhF4_D4SbRBQrLOfBw,442,,,,2897,Jay Chou Official MV,2026-07-31T14:06:15.904475+00:00
ka0tWxWgeIE,https://www.youtube.com/watch?v=ka0tWxWgeIE,"Jay Chou【If You Don't Love Me, It's Fine】Official MV REACTION!!!",SenpaiSAINTFLEUR,UCOyI3XhF4_D4SbRBQrLOfBw,528,,,,1544,Jay Chou Official MV,2026-07-31T14:06:15.904475+00:00
lAe7xahUxoo,https://www.youtube.com/watch?v=lAe7xahUxoo,Jay Chou【Nunchucks】Official MV REACTION!!!,SenpaiSAINTFLEUR,UCOyI3XhF4_D4SbRBQrLOfBw,356,,,,4635,Jay Chou Official MV,2026-07-31T14:06:15.904475+00:00
Fk4BqtFQHuc,https://www.youtube.com/watch?v=Fk4BqtFQHuc,Jay Chou【Pink Ocean】| REACTION | Official MV | 周杰倫 【粉色海洋】| Siblings React,Emma and Farris,UCO2CVRvpo3n6fLZv7hUPR-g,406,,,,4160,Jay Chou Official MV,2026-07-31T14:06:15.904475+00:00
v_LynBN2EaM,https://www.youtube.com/watch?v=v_LynBN2EaM,Jay Chou【Qi-Li-Xiang】- Official Music Video REACTION!!!,SenpaiSAINTFLEUR,UCOyI3XhF4_D4SbRBQrLOfBw,453,,,,4685,Jay Chou Official MV,2026-07-31T14:06:15.904475+00:00
hytZl7YRZKQ,https://www.youtube.com/watch?v=hytZl7YRZKQ,Jay Chou【雙截棍 Nunchucks】周杰伦，编曲/演唱 － Zina姿娜 MV,Zina姿娜,UCtnlc7BSZKv7JXnPEgo81sQ,212,,,,7844,周杰伦 1080P MV,2026-07-31T14:06:15.904475+00:00
6etFLzDJu3s,https://www.youtube.com/watch?v=6etFLzDJu3s,Jay Chou周杰伦   Hui Dao Guo Qu 回到過去 concert 1 Pinyin Lyric,chinese Songs,UCf-TvCPy34ZwBdPdnMF6uEw,239,,,,33262,周杰伦 现场 Live,2026-07-31T14:06:15.904475+00:00
tO67POatkGI,https://www.youtube.com/watch?v=tO67POatkGI,Jay Chou周杰倫   蒲公英的約定 A Dandelion's Promise  世界巡迴演唱會 World Tour Concert  鋼琴彈唱 Live好聽歌曲,rta awd,UCC6LDqZ0DNIcTx1suVYo12w,248,,,,245528,周杰伦 演唱会 | 周杰伦 现场 Live,2026-07-31T14:06:15.904475+00:00
EgAY0GvnCOo,https://www.youtube.com/watch?v=EgAY0GvnCOo,Jay Chou周杰倫 - 28 Popular Songs 热门歌曲 -【Hi-Res高音质】 For Your Playlist,SOUND+AID,UCNS4c0RY_mcPOlPPwYOf2MA,7460,,,,106751,周杰伦 高音质,2026-07-31T14:06:15.904475+00:00
fBgJaFeUaOo,https://www.youtube.com/watch?v=fBgJaFeUaOo,Jay Chou周杰倫 - Tu Er Qi Ice Cream(Turkish Ice Cream)土耳其冰淇淋 [Lyric Video],周杰倫 Jay Chou,UC8CU5nVhCQIdAGrFFp4loOQ,197,,,,207269,Jay Chou Official MV | 周杰伦 JVR Music | 周杰伦 Official Music Video | 周杰伦 lyric video | 周杰伦 完整版 | 周杰伦 官方 MV | 周杰伦 歌词版,2026-07-31T14:06:15.904475+00:00
zm52t1nvG6A,https://www.youtube.com/watch?v=zm52t1nvG6A,Jay Chou周杰倫 -SentimentalSongs感伤歌曲-【Hi-Res高音质】 For Your Playlist,SOUND+AID,UCNS4c0RY_mcPOlPPwYOf2MA,4276,,,,8519,周杰伦 高音质,2026-07-31T14:06:15.904475+00:00
n4f3cM24Zl4,https://www.youtube.com/watch?v=n4f3cM24Zl4,"Jay Chou周杰倫 与 Hebe Tien田馥甄之""不能说的秘密""  the secret of jayhebe",杰伦Hebe频道,UCx8z8QH_EURrw4cDOo_jAsA,1468,,,,85302,周杰伦 1080P MV,2026-07-31T14:06:15.904475+00:00
fmZq9xN3-mk,https://www.youtube.com/watch?v=fmZq9xN3-mk,JAY CHOU周杰倫 新專輯 【太陽之子】-  07.  愛琴海,abbw8776,UCDzWHG-J3Yiyc_v_GhTfxqw,215,,,,43320,周杰伦 专辑,2026-07-31T14:06:15.904475+00:00
QBEqaMnuIOs,https://www.youtube.com/watch?v=QBEqaMnuIOs,JAY CHOU周杰倫 新專輯 【太陽之子】-  08.  I do,abbw8776,UCDzWHG-J3Yiyc_v_GhTfxqw,217,,,,43228,周杰伦 专辑,2026-07-31T14:06:15.904475+00:00
5hPcAlxQ3I0,https://www.youtube.com/watch?v=5hPcAlxQ3I0,JAY CHOU周杰倫 新專輯 【太陽之子】- 01 太陽之子,abbw8776,UCDzWHG-J3Yiyc_v_GhTfxqw,298,,,,52592,周杰伦 专辑 | 周杰伦 完整版 | 周杰伦 官方 MV | 周杰伦 歌曲 | 周杰伦 歌词版,2026-07-31T14:06:15.904475+00:00
dhQdTJYlrFI,https://www.youtube.com/watch?v=dhQdTJYlrFI,JAY CHOU周杰倫 新專輯 【太陽之子】- 02 西西里,abbw8776,UCDzWHG-J3Yiyc_v_GhTfxqw,230,,,,89050,周杰伦 专辑,2026-07-31T14:06:15.904475+00:00
qVSQR14k3fY,https://www.youtube.com/watch?v=qVSQR14k3fY,JAY CHOU周杰倫 新專輯 【太陽之子】- 03 那天下雨了,abbw8776,UCDzWHG-J3Yiyc_v_GhTfxqw,221,,,,104199,Jay Chou Official MV | 周杰伦 专辑,2026-07-31T14:06:15.904475+00:00
FVsDR0U09to,https://www.youtube.com/watch?v=FVsDR0U09to,JAY CHOU周杰倫 新專輯 【太陽之子】- 04 湘女多情,abbw8776,UCDzWHG-J3Yiyc_v_GhTfxqw,239,,,,53897,周杰伦 专辑,2026-07-31T14:06:15.904475+00:00
W4tWJY0OAEY,https://www.youtube.com/watch?v=W4tWJY0OAEY,JAY CHOU周杰倫 新專輯 【太陽之子】- 05. 誰稀罕,abbw8776,UCDzWHG-J3Yiyc_v_GhTfxqw,259,,,,52683,周杰伦 专辑,2026-07-31T14:06:15.904475+00:00
m3_4UFiyEz8,https://www.youtube.com/watch?v=m3_4UFiyEz8,JAY CHOU周杰倫 新專輯 【太陽之子】- 06. 七月的極光,abbw8776,UCDzWHG-J3Yiyc_v_GhTfxqw,192,,,,36456,周杰伦 专辑,2026-07-31T14:06:15.904475+00:00
ACHzwUVSu1Y,https://www.youtube.com/watch?v=ACHzwUVSu1Y,JAY CHOU周杰倫 新專輯 【太陽之子】- 09. 聖徒,abbw8776,UCDzWHG-J3Yiyc_v_GhTfxqw,176,,,,13031,周杰伦 专辑,2026-07-31T14:06:15.904475+00:00
CzfbVOWL1_w,https://www.youtube.com/watch?v=CzfbVOWL1_w,JAY CHOU周杰倫 新專輯 【太陽之子】- 10. 女兒殿下,abbw8776,UCDzWHG-J3Yiyc_v_GhTfxqw,225,,,,28571,周杰伦 专辑,2026-07-31T14:06:15.904475+00:00
JmlGdFmwLaA,https://www.youtube.com/watch?v=JmlGdFmwLaA,JAY CHOU周杰倫 新專輯 【太陽之子】- 12.  鄉間的路,abbw8776,UCDzWHG-J3Yiyc_v_GhTfxqw,203,,,,13645,周杰伦 专辑,2026-07-31T14:06:15.904475+00:00
ep_BUi1cvwQ,https://www.youtube.com/watch?v=ep_BUi1cvwQ,JAY CHOU周杰倫 新專輯 【太陽之子】-11 淘金小鎮,abbw8776,UCDzWHG-J3Yiyc_v_GhTfxqw,251,,,,68904,周杰伦 专辑,2026-07-31T14:06:15.904475+00:00
kjPT1KOhYGk,https://www.youtube.com/watch?v=kjPT1KOhYGk,Jay CHOU周杰倫 最新MV《Mine Mine》120秒,loves1116,UConkkntttmzvBONAnC-O_Vw,121,,,,45453,周杰伦 1080P MV,2026-07-31T14:06:15.904475+00:00
oEJ1VQXDu0s,https://www.youtube.com/watch?v=oEJ1VQXDu0s,"Jay Chou周杰倫-Mine Mine花絮《官方》""Mine Mine"" Special Edition",周杰倫 Jay Chou,UC8CU5nVhCQIdAGrFFp4loOQ,651,,,,49738,周杰伦 1080P MV | 周杰伦 lyric video | 周杰伦 现场 Live,2026-07-31T14:06:15.904475+00:00
Hw-sT_J4lqc,https://www.youtube.com/watch?v=Hw-sT_J4lqc,Jay Chou周杰倫-世界未末日﹝官方花絮﹞ Not the End of the World -Special Edition,周杰倫 Jay Chou,UC8CU5nVhCQIdAGrFFp4loOQ,320,,,,22523,周杰伦 Official Music Video | 周杰伦 专辑 | 周杰伦 完整版,2026-07-31T14:06:15.904475+00:00
ivCLsQ22eBI,https://www.youtube.com/watch?v=ivCLsQ22eBI,Jay Chou周杰倫-好久不見﹝官方花絮﹞ Long Time No See -Special Edition,周杰倫 Jay Chou,UC8CU5nVhCQIdAGrFFp4loOQ,364,,,,37412,周杰伦 Official Music Video | 周杰伦 完整版 | 周杰伦 官方 MV | 周杰伦 现场 Live,2026-07-31T14:06:15.904475+00:00
fQjCRG2ALGc,https://www.youtube.com/watch?v=fQjCRG2ALGc,Jay Chou周杰倫-妳好嗎﹝官方花絮﹞How Are You Special Edition,周杰倫 Jay Chou,UC8CU5nVhCQIdAGrFFp4loOQ,244,,,,32314,Jay Chou Official MV | 周杰伦 Official Music Video | 周杰伦 完整版 | 周杰伦 官方 MV | 周杰伦 歌曲,2026-07-31T14:06:15.904475+00:00
G6hNQbrHkUc,https://www.youtube.com/watch?v=G6hNQbrHkUc,Jay Chou周杰倫-煙花易冷 ﹝官方花絮﹞,周杰倫 Jay Chou,UC8CU5nVhCQIdAGrFFp4loOQ,327,,,,25531,Jay Chou Official MV | 周杰伦 Official Music Video | 周杰伦 官方 MV | 周杰伦 歌曲,2026-07-31T14:06:15.904475+00:00
IwcLmC9m018,https://www.youtube.com/watch?v=IwcLmC9m018,Jay Chou周杰倫-琴傷花絮《官方》Piano Sorrow Special Edition,周杰倫 Jay Chou,UC8CU5nVhCQIdAGrFFp4loOQ,341,,,,62303,Jay Chou Official MV | 周杰伦 Official Music Video | 周杰伦 完整版 | 周杰伦 官方 MV | 周杰伦 现场 Live,2026-07-31T14:06:15.904475+00:00
dsjSkXco-tI,https://www.youtube.com/watch?v=dsjSkXco-tI,Jay Chou周杰倫-療傷燒肉粽﹝官方花絮﹞Healing Rice Dumpling Special Edition,周杰倫 Jay Chou,UC8CU5nVhCQIdAGrFFp4loOQ,338,,,,30031,Jay Chou Official MV | 周杰伦 Official Music Video | 周杰伦 官方 MV,2026-07-31T14:06:15.904475+00:00
QZUGVKj0Y7c,https://www.youtube.com/watch?v=QZUGVKj0Y7c,Jay Chou周杰倫-皮影戲﹝官方花絮﹞Shadow Play Special Edition,周杰倫 Jay Chou,UC8CU5nVhCQIdAGrFFp4loOQ,368,,,,15521,Jay Chou Official MV | 周杰伦 Official Music Video | 周杰伦 完整版 | 周杰伦 官方 MV | 周杰伦 歌曲 | 周杰伦 现场 Live,2026-07-31T14:06:15.904475+00:00
TLuT5gihTzA,https://www.youtube.com/watch?v=TLuT5gihTzA,Jay Chou周杰倫-自導自演﹝官方花絮﹞Self-directed Act Special Edition,周杰倫 Jay Chou,UC8CU5nVhCQIdAGrFFp4loOQ,442,,,,26571,Jay Chou Official MV | 周杰伦 Official Music Video | 周杰伦 完整版 | 周杰伦 官方 MV | 周杰伦 现场 Live,2026-07-31T14:06:15.904475+00:00
uii8S4o_S6o,https://www.youtube.com/watch?v=uii8S4o_S6o,"Jay Chou周杰倫-超人不會飛花絮《官方》""Superman Can't Fly"" Special Edition",周杰倫 Jay Chou,UC8CU5nVhCQIdAGrFFp4loOQ,219,,,,27933,Jay Chou Official MV | 周杰伦 Official Music Video | 周杰伦 lyric video | 周杰伦 完整版 | 周杰伦 官方 MV,2026-07-31T14:06:15.904475+00:00
_SgshfS8bG8,https://www.youtube.com/watch?v=_SgshfS8bG8,Jay Chou周杰倫-超跑女神﹝官方花絮﹞Sports Car Model Special Edition,周杰倫 Jay Chou,UC8CU5nVhCQIdAGrFFp4loOQ,454,,,,110872,Jay Chou Official MV | 周杰伦 Official Music Video | 周杰伦 官方 MV | 周杰伦 现场 Live,2026-07-31T14:06:15.904475+00:00
fVJvCdJy4HE,https://www.youtube.com/watch?v=fVJvCdJy4HE,"Jay Chou周杰倫-跨時代花絮《官方》""THE ERA"" Special Edition",周杰倫 Jay Chou,UC8CU5nVhCQIdAGrFFp4loOQ,289,,,,24528,周杰伦 专辑 | 周杰伦 完整版 | 周杰伦 官方 MV | 周杰伦 杰威尔音乐 | 周杰伦 歌曲,2026-07-31T14:06:15.904475+00:00
fTOJOPfFcPg,https://www.youtube.com/watch?v=fTOJOPfFcPg,Jay Chou周杰倫-迷魂曲﹝官方花絮﹞ Enchanting Melody Special Edition,周杰倫 Jay Chou,UC8CU5nVhCQIdAGrFFp4loOQ,485,,,,29971,Jay Chou Official MV | 周杰伦 Official Music Video | 周杰伦 官方 MV | 周杰伦 歌曲,2026-07-31T14:06:15.904475+00:00
P_GKH8wCQ7c,https://www.youtube.com/watch?v=P_GKH8wCQ7c,"Jay Chou周杰倫-雨下一整晚花絮《官方》""Rain All Night"" Special Edition",周杰倫 Jay Chou,UC8CU5nVhCQIdAGrFFp4loOQ,414,,,,31589,Jay Chou Official MV | 周杰伦 1080P MV | 周杰伦 Official Music Video | 周杰伦 完整版 | 周杰伦 官方 MV | 周杰伦 歌曲 | 周杰伦 现场 Live,2026-07-31T14:06:15.904475+00:00
6nAJXMvuxMg,https://www.youtube.com/watch?v=6nAJXMvuxMg,Jay Chou周杰倫水手怕水﹝官方花絮﹞ Sailor Afraid of Water Special Edition,周杰倫 Jay Chou,UC8CU5nVhCQIdAGrFFp4loOQ,627,,,,105833,Jay Chou Official MV | 周杰伦 Official Music Video | 周杰伦 完整版 | 周杰伦 官方 MV,2026-07-31T14:06:15.904475+00:00
o6L9FsmnIVs,https://www.youtube.com/watch?v=o6L9FsmnIVs,Jay Chou周杰倫與Kobe Bryant-2011雪碧廣告花絮,周杰倫 Jay Chou,UC8CU5nVhCQIdAGrFFp4loOQ,190,,,,333512,Jay Chou Official MV | 周杰伦 Official Music Video | 周杰伦 专辑 | 周杰伦 官方 MV | 周杰伦 杰威尔音乐 | 周杰伦 歌曲,2026-07-31T14:06:15.904475+00:00
WWIl5YalR2k,https://www.youtube.com/watch?v=WWIl5YalR2k,Jay 周杰倫 為雪碧榜生日快樂!! : 2009雪碧原創音樂流行榜 Live現場拍攝,mck4a,UCLwHJ8Z4qcQmLkpB5bR2yGA,133,,,,1388,周杰伦 现场 Live,2026-07-31T14:06:15.904475+00:00
sbWCwyZvTd0,https://www.youtube.com/watch?v=sbWCwyZvTd0,JayChouMedley-周杰倫11首經典歌曲串燒[附歌詞]｜Piano Cover,Nice piano sheets,UCI2FRQyYm-Vo9rvs6q6wcHg,696,,,,533141,周杰伦 歌曲,2026-07-31T14:06:15.904475+00:00
0Mwxf7BupvM,https://www.youtube.com/watch?v=0Mwxf7BupvM,Jay周杰伦 2000年 专辑,Media Zone,UC2kFbvmqCViQL8DXl9EOCPg,2585,,,,52,周杰伦 专辑,2026-07-31T14:06:15.904475+00:00
YPjHcvOoMhw,https://www.youtube.com/watch?v=YPjHcvOoMhw,Jay无与伦比串烧,Enrico Coco,UC_ZvyIanO2if6f7bADET7Kg,1258,,,,135,周杰伦 Sony Music Taiwan,2026-07-31T14:06:15.904475+00:00
_Tk9_kPpO1U,https://www.youtube.com/watch?v=_Tk9_kPpO1U,Je Chhau Timi - Swoopna Suman x Samir Shrestha ( Official M/V),Swoopna Suman,UC68LOl1l1oLTgW22hQDcduA,241,,,,77123117,Jay Chou Official MV,2026-07-31T14:06:15.904475+00:00
ja2plHvNSjI,https://www.youtube.com/watch?v=ja2plHvNSjI,Joanna Wang 王若琳 -《我只在乎你 I Only Care About You》Official Music Video,Joanna Wang 王若琳,UC8jCsMvhGdiOCdCulVI1h7w,286,,,,4716955,周杰伦 Sony Music Taiwan,2026-07-31T14:06:15.904475+00:00
L2tpwVrBEz0,https://www.youtube.com/watch?v=L2tpwVrBEz0,John MacArthur questions Ravi Zacharias salvation - Must Watch!,Señor Conrad,UCO7DQOG2hadhhTNasfBo5gQ,343,,,,664791,Jay Chou Official MV,2026-07-31T14:06:15.904475+00:00
pM1Do6EcO6w,https://www.youtube.com/watch?v=pM1Do6EcO6w,Jolin Tsai  PLAY Live At MAMA  Reaction - |  Asian Australians | 澳洲亞裔第一次看華語樂壇天後蔡依林《我呸》,Asians Down Under,UCDikY0fBFXGCFA_0Fr2azYg,369,,,,484247,周杰伦 Official Music Video | 周杰伦 歌曲,2026-07-31T14:06:15.904475+00:00
oQyuW1790a0,https://www.youtube.com/watch?v=oQyuW1790a0,Jolin Tsai & Jay Chou - 布拉格广场 (Prague Square),Enrico Coco,UC_ZvyIanO2if6f7bADET7Kg,310,,,,3137,周杰伦 Sony Music Taiwan,2026-07-31T14:06:15.904475+00:00
C7wRb9adQUc,https://www.youtube.com/watch?v=C7wRb9adQUc,Jolin Tsai - I'm Not Yours Feat. NAMIE AMURO (華納official 高畫質HD官方完整版MV),JOLIN 蔡依林,UCZxdOVXIBEnJUQkhZgeOTTg,312,,,,54731149,周杰伦 4K MV,2026-07-31T14:06:15.904475+00:00
w_JBF4CJ-9M,https://www.youtube.com/watch?v=w_JBF4CJ-9M,Jolin Tsai《Life Sucks》Official Music Video (English Subtitles),JOLIN 蔡依林,UCZxdOVXIBEnJUQkhZgeOTTg,188,,,,13118188,周杰伦 Sony Music Taiwan,2026-07-31T14:06:15.904475+00:00
ZscPVWsjhAY,https://www.youtube.com/watch?v=ZscPVWsjhAY,Jynxzi Vs Jshock (Rainbow Six Siege),Jynxzi Live,UCyNzZ1wgkOWkzYE0zbs7zhA,1308,,,,921044,Jay Chou Official MV,2026-07-31T14:06:15.904475+00:00
AQCROJDl5iY,https://www.youtube.com/watch?v=AQCROJDl5iY,J音乐频道/周杰伦 对不起,J音乐频道,UC7fu4R5r2syRhE7zD1p-7Fg,226,,,,179,周杰伦 杰威尔音乐,2026-07-31T14:06:15.904475+00:00
u0rgcWyuQbY,https://www.youtube.com/watch?v=u0rgcWyuQbY,KANO 電影主題曲 - 勇者的浪漫 MV  (中孝介、Rake、范逸臣、舒米恩、羅美玲演唱),台灣索尼音樂 Sony Music Taiwan,UCFtUq0ml-coWmD70Pt_urRA,317,,,,3682313,周杰伦 Sony Music Taiwan,2026-07-31T14:06:15.904475+00:00
6D7OwaO0h2w,https://www.youtube.com/watch?v=6D7OwaO0h2w,Kato (Jay Chou) MV,Jonathan Bustamante,UC4dWZt8HAFC9dmr_f61nd3w,135,,,,6383,Jay Chou Official MV,2026-07-31T14:06:15.904475+00:00
iGNy7Nj76LA,https://www.youtube.com/watch?v=iGNy7Nj76LA,Kayson's 1st Ninja Race!,Bryton Myler,UCfiWa7d6um8dAb9hSz2UD-w,684,,,,15693007,Jay Chou Official MV,2026-07-31T14:06:15.904475+00:00
SMiUPI5ZZEI,https://www.youtube.com/watch?v=SMiUPI5ZZEI,Kelly于文文 | 于文文周杰伦演唱会vlog 完整版！在呼和浩特看演唱会那天的鱼丸丸，真的有抑制不住的开心,愛戀文案 | LoveActually-KL KellyYu ⧒ LiuLian,UCdv8J-OKtaeHWl5AaemceSg,340,,,,3140,周杰伦 演唱会,2026-07-31T14:06:15.904475+00:00
s1QY1qydDzo,https://www.youtube.com/watch?v=s1QY1qydDzo,Khách Điếm Hồng Trần [红尘客栈] – Châu Kiệt Luân [周杰伦] ( MV Lữ Tụng Hiền - Jackie Lui - 呂頌賢 ),Louis Koo,UCC826VphHEVEe1eTdZ4fbGg,275,,,,2995,周杰伦 1080P MV,2026-07-31T14:06:15.904475+00:00
V7Q5qfiNCBY,https://www.youtube.com/watch?v=V7Q5qfiNCBY,KISS秘密檔案-周杰倫2001年KISS台慶時的青澀模樣 自彈自唱-娘子 PART1,KISS RADIO NETWORK-TAIWAN,UCSgMSX5EARCyzA1P6vWCcpA,293,,,,130771,周杰伦 现场 Live,2026-07-31T14:06:15.904475+00:00
MXVqMmJlVe8,https://www.youtube.com/watch?v=MXVqMmJlVe8,KKBOX華語單曲排行週榜 | 2026年七月必聽新歌 🎧 總會有人，斷送青春愛錯人，我會等，跳楼机，會呼吸的痛｜周杰倫 、王嘉尔、周興哲、林俊傑 、G E M 鄧紫棋 7月強檔新曲,青春之声,UCMoWVuhimBFfC0kO9aP-VkQ,5041,,,,4259,周杰伦 高音质,2026-07-31T14:06:15.904475+00:00
79bwgxxLV1g,https://www.youtube.com/watch?v=79bwgxxLV1g,"KKBOX華語單曲排行週榜 | ✨愛就一個字，總會有人，花海，最偉大的作品，如果可以 孤勇者，Letting Go，門沒鎖|周杰倫 ,王嘉尔、Eric 周興哲、林俊傑 JJ Lin,G.E.M.鄧紫棋",4K Lyric - KKBOX,UCcQirKq_7ibz7qnlMtJmpOA,4195,,,was_live,22,周杰伦 lyric video,2026-07-31T14:06:15.904475+00:00
9NQE8FRZZ4M,https://www.youtube.com/watch?v=9NQE8FRZZ4M,"KKBOX華語單曲排行週榜 | ✨愛就一個字，總會有人，花海，最偉大的作品，如果可以 孤勇者，Letting Go，門沒鎖|周杰倫 ,王嘉尔、Eric 周興哲、林俊傑 JJ Lin,G.E.M.鄧紫棋",4K Lyric - KKBOX,UCcQirKq_7ibz7qnlMtJmpOA,4197,,,was_live,1156,周杰伦 lyric video,2026-07-31T14:06:15.904475+00:00
EQKi2ypITnI,https://www.youtube.com/watch?v=EQKi2ypITnI,"KKBOX華語單曲排行週榜 | ✨愛就一個字，總會有人，花海，最偉大的作品，如果可以 孤勇者，Letting Go，門沒鎖|周杰倫 ,王嘉尔、Eric 周興哲、林俊傑 JJ Lin,G.E.M.鄧紫棋",4K Lyric - KKBOX,UCcQirKq_7ibz7qnlMtJmpOA,4197,,,was_live,32,周杰伦 lyric video,2026-07-31T14:06:15.904475+00:00
uctkR1V18aM,https://www.youtube.com/watch?v=uctkR1V18aM,"KKBOX華語單曲排行週榜 | ✨愛就一個字，總會有人，花海，最偉大的作品，如果可以 孤勇者，Letting Go，門沒鎖|周杰倫 ,王嘉尔、Eric 周興哲、林俊傑 JJ Lin,G.E.M.鄧紫棋",4K Lyric - KKBOX,UCcQirKq_7ibz7qnlMtJmpOA,4191,,,was_live,65,周杰伦 lyric video,2026-07-31T14:06:15.904475+00:00
3kyIi18jzbA,https://www.youtube.com/watch?v=3kyIi18jzbA,"KKBOX華語單曲排行週榜 | 愛就一個字，總會有人，花海，最偉大的作品，如果可以 孤勇者，Letting Go，門沒鎖|周杰倫 ,王嘉尔、Eric 周興哲、林俊傑 JJ Lin,G.E.M.鄧紫棋",4K Lyric - KKBOX,UCcQirKq_7ibz7qnlMtJmpOA,4200,,,was_live,62,周杰伦 lyric video,2026-07-31T14:06:15.904475+00:00
Mifpu_oCBUQ,https://www.youtube.com/watch?v=Mifpu_oCBUQ,"KKBOX華語單曲排行週榜 | 愛就一個字，總會有人，花海，最偉大的作品，如果可以 孤勇者，Letting Go，門沒鎖|周杰倫 ,王嘉尔、Eric 周興哲、林俊傑 JJ Lin,G.E.M.鄧紫棋",4K Lyric - KKBOX,UCcQirKq_7ibz7qnlMtJmpOA,4190,,,was_live,230,周杰伦 lyric video,2026-07-31T14:06:15.904475+00:00
g1jHNgVvzwo,https://www.youtube.com/watch?v=g1jHNgVvzwo,"KKBOX華語單曲排行週榜 | 愛就一個字，總會有人，花海，最偉大的作品，如果可以 孤勇者，Letting Go，門沒鎖|周杰倫 ,王嘉尔、Eric 周興哲、林俊傑 JJ Lin,G.E.M.鄧紫棋",4K Lyric - KKBOX,UCcQirKq_7ibz7qnlMtJmpOA,4198,,,was_live,284,周杰伦 lyric video,2026-07-31T14:06:15.904475+00:00
hYdb13Pg0o8,https://www.youtube.com/watch?v=hYdb13Pg0o8,"KKBOX華語單曲排行週榜 | 愛就一個字，總會有人，花海，最偉大的作品，如果可以 孤勇者，Letting Go，門沒鎖|周杰倫 ,王嘉尔、Eric 周興哲、林俊傑 JJ Lin,G.E.M.鄧紫棋",4kTQ-music,UCj9qf8PabBZuCWxUt3F1gyQ,,,,is_live,,周杰伦 专辑 | 周杰伦 歌曲,2026-07-31T14:06:15.904475+00:00
itG2he52w3Q,https://www.youtube.com/watch?v=itG2he52w3Q,"KKBOX華語單曲排行週榜 | 愛就一個字，總會有人，花海，最偉大的作品，如果可以 孤勇者，Letting Go，門沒鎖|周杰倫 ,王嘉尔、Eric 周興哲、林俊傑 JJ Lin,G.E.M.鄧紫棋",星语馆,UC1dcDkvvWXOBOizdmTRWvMg,,,,is_live,,周杰伦 专辑 | 周杰伦 歌曲 | 周杰伦 高音质,2026-07-31T14:06:15.904475+00:00
wSF08mWbzvU,https://www.youtube.com/watch?v=wSF08mWbzvU,"KKBOX華語單曲排行週榜 | 愛就一個字，總會有人，花海，最偉大的作品，如果可以 孤勇者，Letting Go，門沒鎖|周杰倫 ,王嘉尔、Eric 周興哲、林俊傑 JJ Lin,G.E.M.鄧紫棋",青春之声,UCMoWVuhimBFfC0kO9aP-VkQ,,,,is_live,,周杰伦 专辑,2026-07-31T14:06:15.904475+00:00
5MnE9CcSJUo,https://www.youtube.com/watch?v=5MnE9CcSJUo,"KKBOX華語單曲排行週榜 | 🎹愛就一個字，總會有人，花海，最偉大的作品，如果可以 孤勇者，Letting Go，門沒鎖|周杰倫 ,王嘉尔、Eric 周興哲、林俊傑 JJ Lin,G.E.M.鄧紫棋",4K Lyric - KKBOX,UCcQirKq_7ibz7qnlMtJmpOA,4190,,,was_live,78,周杰伦 lyric video,2026-07-31T14:06:15.904475+00:00
Y-nOCo8jlUQ,https://www.youtube.com/watch?v=Y-nOCo8jlUQ,"KKBOX華語單曲排行週榜 | 🎹愛就一個字，總會有人，花海，最偉大的作品，如果可以 孤勇者，Letting Go，門沒鎖|周杰倫 ,王嘉尔、Eric 周興哲、林俊傑 JJ Lin,G.E.M.鄧紫棋",4K Lyric - KKBOX,UCcQirKq_7ibz7qnlMtJmpOA,4187,,,was_live,427,周杰伦 lyric video,2026-07-31T14:06:15.904475+00:00
7WlpB2dT0_Y,https://www.youtube.com/watch?v=7WlpB2dT0_Y,"KKBOX華語單曲排行週榜 ~ 2026超好聽的中文歌單 【2026 6月 新歌】 愛就一個字，總會有人，花海，Letting Go，門沒鎖|周杰倫 、林俊傑 JJ Lin,G.E.M.鄧紫棋",4K孤心旋律,UCm-Qsouj-uU3pIRS7tvvKBw,,,,is_live,,周杰伦 歌曲,2026-07-31T14:06:15.904475+00:00
u5q8bsRLWT8,https://www.youtube.com/watch?v=u5q8bsRLWT8,"KKBOX華語單曲排行週榜 ~ 2026超好聽的中文歌單 【2026 七月 新歌】 愛就一個字，總會有人，花海，Letting Go，門沒鎖|周杰倫 、林俊傑 JJ Lin,G.E.M.鄧紫棋",4K Lyric - KKBOX,UCcQirKq_7ibz7qnlMtJmpOA,4192,,,was_live,36,周杰伦 lyric video,2026-07-31T14:06:15.904475+00:00
d2RuZeKxtGg,https://www.youtube.com/watch?v=d2RuZeKxtGg,"KKBOX華語單曲排行週榜 🥰 2026 七月新歌 | 愛就一個字，總會有人，花海，最偉大的作品，如果可以 孤勇者，門沒鎖|周杰倫 ,王嘉尔、Eric 周興哲、林俊傑 JJ Lin,G.E.M.鄧紫棋",4K Lyric - KKBOX,UCcQirKq_7ibz7qnlMtJmpOA,4195,,,was_live,447,周杰伦 lyric video,2026-07-31T14:06:15.904475+00:00
mn63dcGbGhI,https://www.youtube.com/watch?v=mn63dcGbGhI,"KKBOX華語單曲排行週榜 🥰 2026 七月新歌 | 愛就一個字，總會有人，花海，最偉大的作品，如果可以 孤勇者，門沒鎖|周杰倫 ,王嘉尔、Eric 周興哲、林俊傑 JJ Lin,G.E.M.鄧紫棋",4K Lyric - KKBOX,UCcQirKq_7ibz7qnlMtJmpOA,4190,,,was_live,178,周杰伦 lyric video,2026-07-31T14:06:15.904475+00:00
pYoF_yN5UUc,https://www.youtube.com/watch?v=pYoF_yN5UUc,"KKBOX華語單曲排行週榜 🥰 2026 七月新歌 | 愛就一個字，總會有人，花海，最偉大的作品，如果可以 孤勇者，門沒鎖|周杰倫 ,王嘉尔、Eric 周興哲、林俊傑 JJ Lin,G.E.M.鄧紫棋",4K Lyric - KKBOX,UCcQirKq_7ibz7qnlMtJmpOA,4192,,,was_live,267,周杰伦 lyric video,2026-07-31T14:06:15.904475+00:00
P6BRolwJ-ek,https://www.youtube.com/watch?v=P6BRolwJ-ek,Las vegas / 奔赴周杰伦演唱会 / 热泪盈眶,每天学一个中文单词,UC9Nw7nYcQcsbXYIs0Ywn-bQ,152,,,,120,周杰伦 演唱会,2026-07-31T14:06:15.904475+00:00
6ZeHdLhXXXE,https://www.youtube.com/watch?v=6ZeHdLhXXXE,LASTSEEN & Jay Chou - 别忘了你走了多远,LASTSEEN,UChay99kumi23-fYNkoJFf_g,285,,,,6980,周杰伦 官方 MV | 周杰伦 歌曲,2026-07-31T14:06:15.904475+00:00
8v6FDoCr018,https://www.youtube.com/watch?v=8v6FDoCr018,"LASTSEEN, A-Lin & Jay Chou - 懒惰",LASTSEEN,UChay99kumi23-fYNkoJFf_g,481,,,,93124,Jay Chou Official MV,2026-07-31T14:06:15.904475+00:00
CmpMVn4BkIA,https://www.youtube.com/watch?v=CmpMVn4BkIA,Learn English with singing legend Eason Chan!,Teacher Mike 麦克老师,UCsOeo1CtwMwF95aBr-RawyA,602,,,,986826,周杰伦 Official Music Video,2026-07-31T14:06:15.904475+00:00
JhXoIl9rXUw,https://www.youtube.com/watch?v=JhXoIl9rXUw,Life’s tough. Savings shouldn’t have to be.,Grab Official,UC0QKbvP4XKGCw5s4iSXGywQ,21,,,,169032,周杰伦 Official Music Video,2026-07-31T14:06:15.904475+00:00
aotSKfM1oFY,https://www.youtube.com/watch?v=aotSKfM1oFY,Liu Xing Yu,F4 - Topic,UCsXMXn3usu1aBmRpoDARBgw,277,,,,6888008,周杰伦 Sony Music Taiwan,2026-07-31T14:06:15.904475+00:00
FOHiirPlshg,https://www.youtube.com/watch?v=FOHiirPlshg,Live Footage! Jay Chou Pulls Out All the Stops to Help a Friend Propose in Italy; Hannah Quinliva...,三立新聞LIVE,UC2TuODJhC03pLgd6MpWP0iw,136,,,,2116,周杰伦 现场 Live,2026-07-31T14:06:15.904475+00:00
9gUeADzShSc,https://www.youtube.com/watch?v=9gUeADzShSc,Ludwig Lim 林樂偉《 之類的 Something Like This 》Official Music Video,台灣索尼音樂 Sony Music Taiwan,UCFtUq0ml-coWmD70Pt_urRA,190,,,,59002,周杰伦 Sony Music Taiwan,2026-07-31T14:06:15.904475+00:00
MEkSDE4K4v4,https://www.youtube.com/watch?v=MEkSDE4K4v4,Ludwig Lim 林樂偉《 是的當初 What If 》Official Music Video,台灣索尼音樂 Sony Music Taiwan,UCFtUq0ml-coWmD70Pt_urRA,243,,,,40306,周杰伦 Sony Music Taiwan,2026-07-31T14:06:15.904475+00:00
BKJqniDLTb8,https://www.youtube.com/watch?v=BKJqniDLTb8,Matzka Feat.家家【原來 IT’S YOU】Official Music Video,Matzka,UC_j7cOhGt47UHABgtQ3Nmrg,256,,,,4469879,周杰伦 Sony Music Taiwan,2026-07-31T14:06:15.904475+00:00
-UPIBiEgPPU,https://www.youtube.com/watch?v=-UPIBiEgPPU,MAYDAY [ Persistence ] feat.Jay Chou Official Live Video,相信音樂BinMusic,UC7ovu6a8ydIbDy0fAKmoZ9A,288,,,,9840142,Jay Chou Official MV | 周杰伦 Official Music Video | 周杰伦 lyric video | 周杰伦 现场 Live,2026-07-31T14:06:15.904475+00:00
DdCJRnPFZEc,https://www.youtube.com/watch?v=DdCJRnPFZEc,MAYDAY [ Womxnly ] feat.Jolin Tsai Official Live Video,相信音樂BinMusic,UC7ovu6a8ydIbDy0fAKmoZ9A,236,,,,17786533,周杰伦 现场 Live,2026-07-31T14:06:15.904475+00:00
KPBNnfzPAoQ,https://www.youtube.com/watch?v=KPBNnfzPAoQ,MAYDAY [ Won't Cry ] feat.Jay Chou Official Live Video,相信音樂BinMusic,UC7ovu6a8ydIbDy0fAKmoZ9A,256,,,,11453709,周杰伦 Official Music Video | 周杰伦 官方 MV | 周杰伦 现场 Live,2026-07-31T14:06:15.904475+00:00
ShYLgpfW7aU,https://www.youtube.com/watch?v=ShYLgpfW7aU,MAYDAY [ 挪威的森林 ]  feat.Wu Bai  Life Tour no. 119,相信音樂BinMusic,UC7ovu6a8ydIbDy0fAKmoZ9A,400,,,,30010964,周杰伦 4K MV | 周杰伦 现场 Live,2026-07-31T14:06:15.904475+00:00
i76wv2lv1xI,https://www.youtube.com/watch?v=i76wv2lv1xI,MAYDAY五月天 [ 知足 Contentment ] feat.告五人 Accusefive Official Live Video,相信音樂BinMusic,UC7ovu6a8ydIbDy0fAKmoZ9A,252,,,,3902685,周杰伦 4K MV,2026-07-31T14:06:15.904475+00:00
sdYl48-VoJ0,https://www.youtube.com/watch?v=sdYl48-VoJ0,Mayday五月天 [ 純真 INNOCENCE #MaydayBlue20th ] Reaction,Eonni Hearts Hunan,UCKDtZm7LrMlgRfXwPm117DQ,469,,,,1633,周杰伦 杰威尔音乐,2026-07-31T14:06:15.904475+00:00
MYJVm7MRlog,https://www.youtube.com/watch?v=MYJVm7MRlog,MAYDAY五月天 [ 龍捲風 Tornado] feat.周杰倫 Official Live Video,相信音樂BinMusic,UC7ovu6a8ydIbDy0fAKmoZ9A,246,,,,5032320,周杰伦 Official Music Video | 周杰伦 现场 Live,2026-07-31T14:06:15.904475+00:00
BfwbO0f1R8o,https://www.youtube.com/watch?v=BfwbO0f1R8o,Mayday五月天【洗衣機】MV官方完整版,相信音樂BinMusic,UC7ovu6a8ydIbDy0fAKmoZ9A,254,,,,13838434,周杰伦 lyric video,2026-07-31T14:06:15.904475+00:00
unbSv5oAwl4,https://www.youtube.com/watch?v=unbSv5oAwl4,Mechouar Jadid,Jacqueline - Topic,UCSobIjiaIqS7rgaWQowxrDA,263,,,,3272,Jay Chou Official MV,2026-07-31T14:06:15.904475+00:00
shuI0Wq4Oxc,https://www.youtube.com/watch?v=shuI0Wq4Oxc,MenliveN 米粒人 - 周杰倫Jay Chou 霍元甲Fearless (cover) Lyric Video,MenliveN 米粒人,UCDsHkfgphiQbcYIRRrf9CQw,246,,,,84347,周杰伦 lyric video,2026-07-31T14:06:15.904475+00:00
kIYwutcPPFQ,https://www.youtube.com/watch?v=kIYwutcPPFQ,Mine Mine   Jay Chou 周杰伦 《完整版 MV》   YouTube,emo pump,UCnLuMSW6wLUk6u2u752Boqw,267,,,,34,周杰伦 1080P MV,2026-07-31T14:06:15.904475+00:00
DxJ7JmAFaqM,https://www.youtube.com/watch?v=DxJ7JmAFaqM,Mine Mine (周杰倫 Jay Chou) - VIETCOVER SQUAD (PUDDING VŨ COVER) [OFFICIAL MV],Pudding Vũ,UCjIlFAK0DgoOioACB7MCONA,278,,,,2026,Jay Chou Official MV,2026-07-31T14:06:15.904475+00:00
ObR9KzshJ48,https://www.youtube.com/watch?v=ObR9KzshJ48,Mine Mine - Jay Chou 周杰伦 《完整版 MV》,DandelionJay,UCSsVdc8KVLWNw4D7J9v6hsg,267,,,,327765,周杰伦 1080P MV,2026-07-31T14:06:15.904475+00:00
aefrpTMHkRs,https://www.youtube.com/watch?v=aefrpTMHkRs,Mine Mine - 周杰伦2011最新主打情歌 [MP3完整版],Jahao Wu,UCfdwUfqg2gBnTMr1HrIXdjA,267,,,,37927,周杰伦 完整版,2026-07-31T14:06:15.904475+00:00
ol0uNiYi940,https://www.youtube.com/watch?v=ol0uNiYi940,Mine Mine - 周杰倫 Live [驚嘆號高雄簽唱會] {1080P},Jahao Wu,UCfdwUfqg2gBnTMr1HrIXdjA,272,,,,8429,周杰伦 1080P MV,2026-07-31T14:06:15.904475+00:00
c75keoBBSx4,https://www.youtube.com/watch?v=c75keoBBSx4,Mine Mine 周杰伦 (歌词版),GM Lyric,UC8wXsgv4k9fGAo8LwE-KwPQ,269,,,,594384,周杰伦 官方 MV | 周杰伦 歌词版,2026-07-31T14:06:15.904475+00:00
l1FSj7ZXd9E,https://www.youtube.com/watch?v=l1FSj7ZXd9E,"Mocked as a clumsy country girl, she awakens divine power—one dance changes her fate!",破繭短劇ShortTV,UCHaWGNPXXfkkfn-VHSgspFg,7156,,,,1378643,周杰伦 杰威尔音乐 | 周杰伦 现场 Live,2026-07-31T14:06:15.904475+00:00
M__s9TD-bpg,https://www.youtube.com/watch?v=M__s9TD-bpg,Model from Jay Chou's MV stars in year-end Asian drama thriller.,密解說電影,UC1PY2x4wrx4C6V8F7MviSOg,298,,,,32,Jay Chou Official MV | 周杰伦 完整版,2026-07-31T14:06:15.904475+00:00
bWoEsMWpyRM,https://www.youtube.com/watch?v=bWoEsMWpyRM,"Modern Family Star Jesse Tyler Ferguson's New Home Has No Furniture But Already Has a ""Giraffe"" |...",GQ Taiwan,UCI1zO6-A3h7DHg-R_x34vLg,771,,,,5083,周杰伦 杰威尔音乐,2026-07-31T14:06:15.904475+00:00
QbwldnTknmI,https://www.youtube.com/watch?v=QbwldnTknmI,Mojito - 周杰伦新歌连夜肝，只为第一个完整版教学！,周先森,UC9zwvazIehhQ3J0SldGD1Ww,450,,,,6167,周杰伦 完整版,2026-07-31T14:06:15.904475+00:00
-2STQZUt5Hw,https://www.youtube.com/watch?v=-2STQZUt5Hw,MOJITO 周杰伦 (歌词版),GM Lyric,UC8wXsgv4k9fGAo8LwE-KwPQ,186,,,,89609,周杰伦 官方 MV | 周杰伦 歌词版,2026-07-31T14:06:15.904475+00:00
Juu0Am2iF_o,https://www.youtube.com/watch?v=Juu0Am2iF_o,Mojito 周杰伦最新单曲 MV | 莫吉托,link hee,UCh5Sfew59m9Cqnf5VUOTG9Q,187,,,,37,周杰伦 1080P MV,2026-07-31T14:06:15.904475+00:00
3eXoS_tU9WE,https://www.youtube.com/watch?v=3eXoS_tU9WE,Mojito舞蹈  | Mojito Jay Chou 周杰倫  最好看的舞蹈版本精选剪辑【强烈推荐】 后续会有完整舞蹈教学版(Dance),抖音最火,UC4GvI_4sjp0_SZRIHLeuXbg,267,,,,390695,周杰伦 完整版,2026-07-31T14:06:15.904475+00:00
-eVljjtT1dk,https://www.youtube.com/watch?v=-eVljjtT1dk,"Music Brings Love Closer | The True Love Story Behind ""You With Me""",Sony Electronics Asia Pacific,UCWiGq3CvFbeS0qxsz5eSjug,255,,,,290916,周杰伦 Official Music Video,2026-07-31T14:06:15.904475+00:00
X4eUSqWhyFM,https://www.youtube.com/watch?v=X4eUSqWhyFM,Music Video - Mash Up Song (Jay Chou),FaceErrorProduction,UC1a7ZWBeh_Re4TybaMbuIsA,321,,,,502,Jay Chou Official MV,2026-07-31T14:06:15.904475+00:00
4LyDH2ab4QI,https://www.youtube.com/watch?v=4LyDH2ab4QI,MUSIC WORLD 音乐世界-  周杰倫好聽的18首歌 Best Songs Of Jay Chou【動態歌詞】【Lyrics】,MUSIC WORLD音乐世界,UCZpf5m0NSaNDjF7sa6HfOLA,4831,,,,3043,周杰伦 杰威尔音乐,2026-07-31T14:06:15.904475+00:00
uD1o2hTQgWI,https://www.youtube.com/watch?v=uD1o2hTQgWI,"Musician ranks all songs on JAY CHOU's New Album, ""The Greatest Works of Art""",Joe Creator,UCT626JYR7grxQFlCs5nuqJA,704,,,,42064,Jay Chou Official MV | 周杰伦 专辑,2026-07-31T14:06:15.904475+00:00
L9J7jQp-S4M,https://www.youtube.com/watch?v=L9J7jQp-S4M,My Japanese Mom's Parenting Secrets!? Why We Love Taiwan! Where Do We Want to Live?,愛子在台灣 AIKO in Taiwan,UCM462S28ddWhahW_UBjyafQ,627,,,,58540,周杰伦 lyric video | 周杰伦 歌词版,2026-07-31T14:06:15.904475+00:00
8o9Z1BVNePQ,https://www.youtube.com/watch?v=8o9Z1BVNePQ,NBA Nightly Highlights: December 19th,NBA,UCWJ2lWNubArHWmf3FIHbfcQ,164,,,,74353,Jay Chou Official MV,2026-07-31T14:06:15.904475+00:00
t3Cb1qwCUvI,https://www.youtube.com/watch?v=t3Cb1qwCUvI,Next Level Perfect Pitch (8 Year Old),Rick Beato,UCJquYOG5EL82sKTfH9aMA9Q,87,,,,4581514,Jay Chou Official MV,2026-07-31T14:06:15.904475+00:00
WvRR49sm2Kg,https://www.youtube.com/watch?v=WvRR49sm2Kg,Night Walk Around Taipei's Alleys｜夜訪台北小巷 - 經周杰倫豪宅 Jay Chou's Mansio｜4K HDR｜Taiwan Walker,Taiwan Walker,UC-GhFRJ7vXiep9GosgRSDCA,3127,,,,9913,周杰伦 Sony Music Taiwan,2026-07-31T14:06:15.904475+00:00
x4T67HqKWsw,https://www.youtube.com/watch?v=x4T67HqKWsw,NIKI - On The Drive Home (Official Lyric Video),NIKI,UCaAWRu53UW815hGTmxvHFbA,257,,,,3343912,周杰伦 lyric video,2026-07-31T14:06:15.904475+00:00
zvkHSDO5VQ8,https://www.youtube.com/watch?v=zvkHSDO5VQ8,No Ad 周杰伦 七里香 (2004專輯) Jay Chou Qi Li Qiang Common Jasmin Orange Full Album 周杰伦精选Jay Chou Collection,SaoPei Pop Song,UCnarT6MoTzHjAuUoHCTBoUQ,2557,,,,724196,周杰伦 专辑,2026-07-31T14:06:15.904475+00:00
Cs09K2c0g4Y,https://www.youtube.com/watch?v=Cs09K2c0g4Y,No Ad 周杰伦 依然范特西 2006專輯 yi ran fan te xi still fantasy Full Album周杰伦精选Jay Chou Collection,SaoPei Pop Song,UCnarT6MoTzHjAuUoHCTBoUQ,2521,,,,641844,周杰伦 专辑,2026-07-31T14:06:15.904475+00:00
7sS4PRhhJYU,https://www.youtube.com/watch?v=7sS4PRhhJYU,No Ad 周杰伦 八度空間 (2002專輯) Jay Chou Ba Du Kong Jian Full Album 周杰伦精选Jay Chou Collection,SaoPei Pop Song,UCnarT6MoTzHjAuUoHCTBoUQ,2611,,,,1777892,周杰伦 专辑,2026-07-31T14:06:15.904475+00:00
18C7S2wBFY0,https://www.youtube.com/watch?v=18C7S2wBFY0,No Ad 周杰伦 十一月的萧邦 2005專輯 shi yi yue de xiao bang november's chopin Full Album周杰伦精选Jay Chou Collection,SaoPei Pop Song,UCnarT6MoTzHjAuUoHCTBoUQ,3151,,,,1343780,周杰伦 专辑,2026-07-31T14:06:15.904475+00:00
2ZxNDEJ5o9w,https://www.youtube.com/watch?v=2ZxNDEJ5o9w,No Ad 周杰伦 叶惠美專輯 (2003專輯) Jay Chou Ye Hui Mei Full Album 周杰伦精选Jay Chou Collection,SaoPei Pop Song,UCnarT6MoTzHjAuUoHCTBoUQ,2911,,,,1032595,周杰伦 专辑,2026-07-31T14:06:15.904475+00:00
DnWnL4d6GJQ,https://www.youtube.com/watch?v=DnWnL4d6GJQ,No Ad 周杰伦 我很忙 (2007專輯) Jay Chou Wo Hen Mang On the run Full Album 周杰伦精选 Jay Chou Collection,SaoPei Pop Song,UCnarT6MoTzHjAuUoHCTBoUQ,2371,,,,217122,周杰伦 专辑,2026-07-31T14:06:15.904475+00:00
MZ8TuZP6oA0,https://www.youtube.com/watch?v=MZ8TuZP6oA0,No Ad 周杰伦 杰伦 (2000專輯) Jay Chou  Zhou Jie Lun Full Album 周杰伦精选Jay Chou Collection,SaoPei Pop Song,UCnarT6MoTzHjAuUoHCTBoUQ,2611,,,,787963,周杰伦 专辑,2026-07-31T14:06:15.904475+00:00
zD15Y0guUUA,https://www.youtube.com/watch?v=zD15Y0guUUA,No Ad 周杰伦 魔杰座 (2008專輯) Jay Chou Mo Jie Zuo Capricorn Full Album 周杰伦精选 Jay Chou Collection,SaoPei Pop Song,UCnarT6MoTzHjAuUoHCTBoUQ,2671,,,,177286,周杰伦 专辑,2026-07-31T14:06:15.904475+00:00
v4CCOTQUCdc,https://www.youtube.com/watch?v=v4CCOTQUCdc,No Ads｜无广告｜超高音质｜ 周杰伦｜第三张专辑｜2002年｜八度空间｜周杰伦精选｜JAY CHOU COLLECTIONS | EIGHTH DIMENSION ｜周杰伦20年前的专辑｜,2:30AM Music Channel 凌晨两点半音乐频道,UC_7ga7ewgCo-692GEZHJpQA,2615,,,,847,周杰伦 高音质,2026-07-31T14:06:15.904475+00:00
YjrKDR6n8Fw,https://www.youtube.com/watch?v=YjrKDR6n8Fw,No Ads｜无广告｜超高音质｜ 周杰伦｜第九张专辑｜2008年｜魔杰座｜周杰伦精选｜JAY CHOU COLLECTIONS | Capricorn ｜,2:30AM Music Channel 凌晨两点半音乐频道,UC_7ga7ewgCo-692GEZHJpQA,2675,,,,571,周杰伦 专辑 | 周杰伦 高音质,2026-07-31T14:06:15.904475+00:00
qT31fH0vr94,https://www.youtube.com/watch?v=qT31fH0vr94,No Ads｜无广告｜超高音质｜ 周杰伦｜第二张专辑｜2001年｜范特西｜周杰伦精选｜JAY CHOU COLLECTIONS | FANTASY ｜周杰伦20年前的专辑｜,2:30AM Music Channel 凌晨两点半音乐频道,UC_7ga7ewgCo-692GEZHJpQA,2398,,,,554,周杰伦 专辑 | 周杰伦 高音质,2026-07-31T14:06:15.904475+00:00
pj6dRzegbUE,https://www.youtube.com/watch?v=pj6dRzegbUE,No Ads｜无广告｜超高音质｜ 周杰伦｜第五张专辑｜2004年｜七里香｜周杰伦精选｜JAY CHOU COLLECTIONS |  QILIXIANG｜,2:30AM Music Channel 凌晨两点半音乐频道,UC_7ga7ewgCo-692GEZHJpQA,2561,,,,612,周杰伦 高音质,2026-07-31T14:06:15.904475+00:00
ZvcMp7dQ-C4,https://www.youtube.com/watch?v=ZvcMp7dQ-C4,No Ads｜无广告｜超高音质｜ 周杰伦｜第八张专辑｜2007年｜我很忙｜周杰伦精选｜JAY CHOU COLLECTIONS | I am very busy ｜,2:30AM Music Channel 凌晨两点半音乐频道,UC_7ga7ewgCo-692GEZHJpQA,2374,,,,554,周杰伦 高音质,2026-07-31T14:06:15.904475+00:00
O6yeBih9xjM,https://www.youtube.com/watch?v=O6yeBih9xjM,No Ads｜无广告｜超高音质｜ 周杰伦｜第十一张专辑｜2011年｜范特西｜周杰伦精选｜JAY CHOU COLLECTIONS | EXCLAIMATION POINT｜,2:30AM Music Channel 凌晨两点半音乐频道,UC_7ga7ewgCo-692GEZHJpQA,2319,,,,439,周杰伦 高音质,2026-07-31T14:06:15.904475+00:00
gYV-LQgGCAk,https://www.youtube.com/watch?v=gYV-LQgGCAk,No Ads｜无广告｜超高音质｜ 周杰伦｜第十三张专辑｜2014年｜范特西｜周杰伦精选｜JAY CHOU COLLECTIONS | Aiyo Not Bad ya｜,2:30AM Music Channel 凌晨两点半音乐频道,UC_7ga7ewgCo-692GEZHJpQA,2804,,,,330,周杰伦 高音质,2026-07-31T14:06:15.904475+00:00
-wB0yPJSvpQ,https://www.youtube.com/watch?v=-wB0yPJSvpQ,No Ads｜无广告｜超高音质｜ 周杰伦｜第十二张专辑｜2012年｜十二新作｜周杰伦精选｜JAY CHOU COLLECTIONS | OPUS 12｜,2:30AM Music Channel 凌晨两点半音乐频道,UC_7ga7ewgCo-692GEZHJpQA,2839,,,,308,周杰伦 高音质,2026-07-31T14:06:15.904475+00:00
x6L_1GEQ9eU,https://www.youtube.com/watch?v=x6L_1GEQ9eU,No Ads｜无广告｜超高音质｜ 周杰伦｜第十四张专辑｜2016年｜周杰伦的床边故事｜周杰伦精选｜JAY CHOU COLLECTIONS | Jay Chou's Bed Time Story｜,2:30AM Music Channel 凌晨两点半音乐频道,UC_7ga7ewgCo-692GEZHJpQA,2218,,,,261,周杰伦 高音质,2026-07-31T14:06:15.904475+00:00
2Ghs5wYiE-M,https://www.youtube.com/watch?v=2Ghs5wYiE-M,No Ads｜无广告｜超高音质｜ 周杰伦｜第十张专辑｜2010年｜跨时代｜周杰伦精选｜JAY CHOU COLLECTIONS | The Era,2:30AM Music Channel 凌晨两点半音乐频道,UC_7ga7ewgCo-692GEZHJpQA,2699,,,,546,周杰伦 专辑 | 周杰伦 高音质,2026-07-31T14:06:15.904475+00:00
f2OL-QNFSJw,https://www.youtube.com/watch?v=f2OL-QNFSJw,No Ads｜无广告｜超高音质｜周杰伦｜第一张专辑｜2000年｜同名专辑｜JAY CHOU｜周杰伦精选｜ JAY CHOU COLLECTIONS｜JAY,2:30AM Music Channel 凌晨两点半音乐频道,UC_7ga7ewgCo-692GEZHJpQA,2621,,,,646,周杰伦 高音质,2026-07-31T14:06:15.904475+00:00
7vmJVFWPG-4,https://www.youtube.com/watch?v=7vmJVFWPG-4,No Ads｜无广告｜超高音质｜周杰伦｜第七张专辑｜2006年｜依然范特西｜JAY CHOU｜周杰伦精选｜ JAY CHOU COLLECTIONS｜STILL FANTASY,2:30AM Music Channel 凌晨两点半音乐频道,UC_7ga7ewgCo-692GEZHJpQA,2524,,,,524,周杰伦 高音质,2026-07-31T14:06:15.904475+00:00
qfZqXy3W-ro,https://www.youtube.com/watch?v=qfZqXy3W-ro,No Ads｜无广告｜超高音质｜周杰伦｜第六张专辑｜2005年｜十一月的肖邦｜JAY CHOU｜周杰伦精选｜ JAY CHOU COLLECTIONS｜NOVEMBER'S CHOPIN,2:30AM Music Channel 凌晨两点半音乐频道,UC_7ga7ewgCo-692GEZHJpQA,3155,,,,3191,周杰伦 高音质,2026-07-31T14:06:15.904475+00:00
1dY3KnwzAYc,https://www.youtube.com/watch?v=1dY3KnwzAYc,No Ads｜无广告｜超高音质｜周杰伦｜第四张专辑｜2003年｜叶惠美｜JAY CHOU｜周杰伦精选｜JAY CHOU COLLECTIONS｜Yeh Hui Mei,2:30AM Music Channel 凌晨两点半音乐频道,UC_7ga7ewgCo-692GEZHJpQA,2930,,,,561,周杰伦 高音质,2026-07-31T14:06:15.904475+00:00
0EnRK5YvBwU,https://www.youtube.com/watch?v=0EnRK5YvBwU,No Role Modelz,J. Cole,UCnc6db-y3IU7CkT_yeVXdVg,293,,,,51089890,Jay Chou Official MV,2026-07-31T14:06:15.904475+00:00
bjFt1fH4vW0,https://www.youtube.com/watch?v=bjFt1fH4vW0,"North Americans React to BABYMETAL | 老外看蘿莉金屬 (Doki Doki Morning, Road of Resistance, Megitsune)",Foreign On Campus,UCB3Mlhh8h9phTPK9R1i7RKA,432,,,,887112,Jay Chou Official MV | 周杰伦 Official Music Video,2026-07-31T14:06:15.904475+00:00
AnZUvwZCAwY,https://www.youtube.com/watch?v=AnZUvwZCAwY,"Not Even a Superstar's Name Can Save This ""Coolest and Strongest"" Edition! Bandai MB PHANTACI Str...",评头论足,UC-BTcj5YbvKnR_uBUGhrA4w,376,,,,5251,周杰伦 Official Music Video | 周杰伦 专辑,2026-07-31T14:06:15.904475+00:00
q0ENd7gkWmw,https://www.youtube.com/watch?v=q0ENd7gkWmw,Now You See Me 2 - Movie Review,Chris Stuckmann,UCCqEeDAUf4Mg0GgEN658tkA,405,,,,447552,Jay Chou Official MV,2026-07-31T14:06:15.904475+00:00
WUOzgEpVHWw,https://www.youtube.com/watch?v=WUOzgEpVHWw,Obviously...,周興哲 Eric Chou,UC7S48XRADBqamQbgLxpBFcQ,220,,,,1680147,周杰伦 Sony Music Taiwan,2026-07-31T14:06:15.904475+00:00
IebCAvV4CwE,https://www.youtube.com/watch?v=IebCAvV4CwE,Okkal Dokkal 2 (Dhiki Chyau) | Cartoonz Crew Jr | Sahima Shrestha & Sandip Neupane | Official MV,The Cartoonz Crew,UCcfuEgaPqIBnbtpL-y2jFwQ,292,,,,39022094,Jay Chou Official MV,2026-07-31T14:06:15.904475+00:00
7HYcDejCQcc,https://www.youtube.com/watch?v=7HYcDejCQcc,Only One,GEM鄧紫棋,UCsLWG2t7n9LFsvH0wR2rtpw,254,,,,26753118,周杰伦 Sony Music Taiwan,2026-07-31T14:06:15.904475+00:00
GOUZ4M6UkTg,https://www.youtube.com/watch?v=GOUZ4M6UkTg,OPPO Reno2 - I'm A Storygrapher,OPPO Malaysia,UCVTUBt1Qv4dIDvT41kcUP1A,61,,,,2675058,Jay Chou Official MV,2026-07-31T14:06:15.904475+00:00
l2snzzesgFQ,https://www.youtube.com/watch?v=l2snzzesgFQ,Opus Jay周杰倫魔天倫世界巡迴演唱會 4月6日下午1點ibon開賣,周杰倫 Jay Chou,UC8CU5nVhCQIdAGrFFp4loOQ,16,,,,71352,周杰伦 官方 MV | 周杰伦 演唱会,2026-07-31T14:06:15.904475+00:00
63qm4ACg6qQ,https://www.youtube.com/watch?v=63qm4ACg6qQ,OUR CHANNEL COVER -【周杰倫-擱淺】＃12,我們OUR CHANNEL,UCxeJaztbNv8nW1uiZ0UIRxA,258,,,,2204977,周杰伦 Sony Music Taiwan,2026-07-31T14:06:15.904475+00:00
Kg-mW8SyNVg,https://www.youtube.com/watch?v=Kg-mW8SyNVg,Our Times《我的少女时代》电影主題曲 -《小幸运》MV by 田馥甄,20th Century Studios Singapore,UC3Ar-F2egFV2qRkwEulbslg,289,,,,40405057,Jay Chou Official MV | 周杰伦 4K MV | 周杰伦 lyric video,2026-07-31T14:06:15.904475+00:00
BTAx_gk9GmI,https://www.youtube.com/watch?v=BTAx_gk9GmI,ove Unbound 08丨#ZhangLinghe obsessively pursues #SunYi in a dangerous love game.,宠爱剧场,UCLRou9BH6Y08LJJeFDDSG9w,2593,,,,8,周杰伦 现场 Live,2026-07-31T14:06:15.904475+00:00
6CnSvWoAXc4,https://www.youtube.com/watch?v=6CnSvWoAXc4,Paparazzi Spotlight | Jay Chou Owns 10 Luxury Homes Worth Over 2.1 Billion! Returns to Taiwan in ...,壹蘋新聞網,UC-nyoCh8UmaRic641ZZ8eNw,145,,,,96390,周杰伦 专辑,2026-07-31T14:06:15.904475+00:00
f4JBGK13CU8,https://www.youtube.com/watch?v=f4JBGK13CU8,Paris Vlog | JAYCHOU CONCERT 2019 | Disney Illuminations✨,Vickyrealife,UCdXSBPAjukxLv6lBm8L4I3Q,1000,,,,2417,周杰伦 演唱会,2026-07-31T14:06:15.904475+00:00
df1DHR44FNs,https://www.youtube.com/watch?v=df1DHR44FNs,Passion & Innovation | Nicholas Tse | Talks at Google,Talks at Google,UCbmNph6atAoGfqLoCL_duAg,3138,,,,411479,Jay Chou Official MV | 周杰伦 官方 MV | 周杰伦 歌曲,2026-07-31T14:06:15.904475+00:00
s__iJysWkCY,https://www.youtube.com/watch?v=s__iJysWkCY,Patrick Brasca & Jay Chou【Six Degrees】,周杰倫 Jay Chou,UC8CU5nVhCQIdAGrFFp4loOQ,201,,,,8906201,Jay Chou Official MV | 周杰伦 JVR Music | 周杰伦 Official Music Video | 周杰伦 lyric video | 周杰伦 官方 MV | 周杰伦 杰威尔音乐 | 周杰伦 歌曲 | 周杰伦 歌词版 | 周杰伦 现场 Live | 周杰伦 高音质,2026-07-31T14:06:15.904475+00:00
wdq4Gl2VjPY,https://www.youtube.com/watch?v=wdq4Gl2VjPY,Patrick Brasca x Jay Chou-Try- (ost kung fu panda 3) +Lyric,universal lyric,UChtL9xVM9e4cFfQOvzK1Umw,239,,,,240001,周杰伦 lyric video,2026-07-31T14:06:15.904475+00:00
O0iyt1XLZwI,https://www.youtube.com/watch?v=O0iyt1XLZwI,PE teacher marries a poor guy to save money – but he's a billionaire secretly giving her everything!,Yivora Drama,UC0lhEXeVn3A6h2u_xJ7g5Fw,7042,,,,1862,周杰伦 现场 Live,2026-07-31T14:06:15.904475+00:00
ON6tcjOUjfQ,https://www.youtube.com/watch?v=ON6tcjOUjfQ,Piano Music 鋼琴演奏「青花瓷」周杰倫 | 天青色等煙雨 而我在等你 | 夜色钢琴曲 Yese Piano【趙海洋钢琴曲】,夜色钢琴曲 赵海洋,UC_4G3t4wqio7IS02A4dK0Mw,250,,,,1631209,周杰伦 专辑,2026-07-31T14:06:15.904475+00:00
5aoIDIcrGGA,https://www.youtube.com/watch?v=5aoIDIcrGGA,Playlist｜周杰伦歌曲精选随机乱序100首｜最爱情歌100首｜每一首歌都是一段回忆,Interstellar Towel,UCnvj3N9c6zTS-R0OP2h3mVg,25794,,,,1200,周杰伦 歌曲,2026-07-31T14:06:15.904475+00:00
bVl0UuUdHMw,https://www.youtube.com/watch?v=bVl0UuUdHMw,Q比小窩【Q比知音】現場演唱周杰倫的安靜,Q比小窩,UClKX4aZjQekyhyG6yiOKkmA,362,,,,252,周杰伦 现场 Live,2026-07-31T14:06:15.904475+00:00
A0iyWqSLUh4,https://www.youtube.com/watch?v=A0iyWqSLUh4,R&B教父陶喆惊现周杰伦演唱会，杰伦：看到他我好紧张！,瓜瓜Mars,UCIcmzmJQQTStIA-NqY6O1zQ,178,,,,34361,周杰伦 演唱会,2026-07-31T14:06:15.904475+00:00
L23akPQJ0fI,https://www.youtube.com/watch?v=L23akPQJ0fI,R3HAB & 蔡依林 Jolin Tsai《Stars Align》Official Live Video,JOLIN 蔡依林,UCZxdOVXIBEnJUQkhZgeOTTg,185,,,,4672524,周杰伦 Sony Music Taiwan,2026-07-31T14:06:15.904475+00:00
--giQqhWGdQ,https://www.youtube.com/watch?v=--giQqhWGdQ,R3HAB & 蔡依林 Jolin Tsai《Stars Align》Official Music Video,JOLIN 蔡依林,UCZxdOVXIBEnJUQkhZgeOTTg,207,,,,20693082,周杰伦 Sony Music Taiwan,2026-07-31T14:06:15.904475+00:00
-Bf_BB9iTNI,https://www.youtube.com/watch?v=-Bf_BB9iTNI,"RAIN(비) - ""나로 바꾸자 Switch to me (duet with JYP)"" MV",RAIN's Official Channel,UCxXgIeE5hxWxHG6dz9Scg2w,301,,,,24818868,Jay Chou Official MV,2026-07-31T14:06:15.904475+00:00
-qBOIr1f8q4,https://www.youtube.com/watch?v=-qBOIr1f8q4,RAIN(비) - MAGNETIC (Feat. 잭슨(Jackson Wang)) MV,RAIN's Official Channel,UCxXgIeE5hxWxHG6dz9Scg2w,204,,,,10203163,Jay Chou Official MV,2026-07-31T14:06:15.904475+00:00
Kwf5632a4vg,https://www.youtube.com/watch?v=Kwf5632a4vg,Ray Chen comedy vids Vol. 1,Ray Chen,UC-oPgEuX6iwJucvVGEmQL7Q,248,,,,478783,Jay Chou Official MV,2026-07-31T14:06:15.904475+00:00
oC3GOJ2-aEE,https://www.youtube.com/watch?v=oC3GOJ2-aEE,"REACTION| 周杰倫 Jay Chou ""手寫的從前 Handwritten Past"" Official MV",K ᦔꪖrꪶiꪀᧁડ,UCMC_opE56WHaRgw7TYwVlqA,749,,,,13637,Jay Chou Official MV,2026-07-31T14:06:15.904475+00:00
8cjfLPLTUAc,https://www.youtube.com/watch?v=8cjfLPLTUAc,Rosie楊凱琳 索尼音樂勇敢微笑新女聲《ㄧ直微笑 I Won't Count My Tears》Music Video Teaser Version,Rosie 楊凱琳,UCPWZ_avhTNmpabr38fwETKw,31,,,,124235,周杰伦 Sony Music Taiwan,2026-07-31T14:06:15.904475+00:00
3q6D0wMX_H0,https://www.youtube.com/watch?v=3q6D0wMX_H0,Rosie楊凱琳&余楓《怎麼還不愛 Why Not Love》Official Music Video,Rosie 楊凱琳,UCPWZ_avhTNmpabr38fwETKw,297,,,,116796894,周杰伦 Sony Music Taiwan,2026-07-31T14:06:15.904475+00:00
OqCd1j3JA_M,https://www.youtube.com/watch?v=OqCd1j3JA_M,Ru Guo Neng Xing Fu - Eric Chou 如果能幸福。周與哲,Gaevhin Chen,UCiBGCGf4X4VoxP7ehaegzoA,291,,,,6399,周杰伦 Official Music Video | 周杰伦 lyric video | 周杰伦 完整版 | 周杰伦 官方 MV | 周杰伦 歌词版,2026-07-31T14:06:15.904475+00:00
qer10KbzEe8,https://www.youtube.com/watch?v=qer10KbzEe8,Sand Painting [画沙] Hua Sha - Cindy Yen feat. Jay Chou Official Music Video [HD],MsCCDC,UC_Pffun3DvLeVGaLU9G4tGA,121,,,,12339,Jay Chou Official MV,2026-07-31T14:06:15.904475+00:00
IVBN2dnJMGo,https://www.youtube.com/watch?v=IVBN2dnJMGo,SANTOS BRAVOS - “VELOCIDADE” (Special Performance Video),HYBE LABELS and SANTOS BRAVOS,,140,,,,5339357,Jay Chou Official MV,2026-07-31T14:06:15.904475+00:00
TnyWOd1Tsfw,https://www.youtube.com/watch?v=TnyWOd1Tsfw,Say Too Much (Eric Chou[Odyssey~Journey] Theme song),周興哲 Eric Chou,UC7S48XRADBqamQbgLxpBFcQ,155,,,,1164047,周杰伦 Sony Music Taiwan,2026-07-31T14:06:15.904475+00:00
hL38FpDbAyQ,https://www.youtube.com/watch?v=hL38FpDbAyQ,Secret (2007) - Jay Chou - FULL MOVIE RECAP,ara.aramana,UC4AGqfFUzMfdgsP081NXt6w,430,,,,4724,Jay Chou Official MV,2026-07-31T14:06:15.904475+00:00
sFhyhlhCZy8,https://www.youtube.com/watch?v=sFhyhlhCZy8,She came to my concert,Jackie Fang,UCq15Gwq8bWaktbUhlYqBpAw,282,,,,61,Jay Chou Official MV | 周杰伦 Official Music Video | 周杰伦 歌曲 | 周杰伦 演唱会 | 周杰伦 现场 Live,2026-07-31T14:06:15.904475+00:00
bD03iVmsklY,https://www.youtube.com/watch?v=bD03iVmsklY,Shila Amzah茜拉深情演唱周杰伦的《最长的电影》，委婉动听宛如天籁！,湖南国际频道 Hunan TV International  Official Channel,UCVLttLh5BDJanodvbmlNzHg,288,,,,3160954,周杰伦 1080P MV | 周杰伦 4K MV | 周杰伦 Official Music Video | 周杰伦 完整版 | 周杰伦 歌曲 | 周杰伦 演唱会 | 周杰伦 现场 Live,2026-07-31T14:06:15.904475+00:00
WYC9UegedXw,https://www.youtube.com/watch?v=WYC9UegedXw,"Shiyiliu made him kneel on the keyboard! Phil Chang's sultry cover of ""Rosemary"" completely subve...",综艺不下线,UCOj-PWmbuuH4F-e7wNhuLKQ,492,,,,3298,周杰伦 歌曲 | 周杰伦 演唱会 | 周杰伦 现场 Live,2026-07-31T14:06:15.904475+00:00
eqEAeXQY6ug,https://www.youtube.com/watch?v=eqEAeXQY6ug,shouyu  jaychou 周杰伦 超清MV,shine self,UCsg2SxEcNGG-Y1Jn2nUyxrQ,296,,,,45,周杰伦 1080P MV,2026-07-31T14:06:15.904475+00:00
lUrmyU1cnxU,https://www.youtube.com/watch?v=lUrmyU1cnxU,Simple Love - Obito x Seachains x Davis x Lena (Official M/V),Obito Official,UCJwp8w_Ru1q--tCEfrPIA6g,238,,,,103891001,Jay Chou Official MV,2026-07-31T14:06:15.904475+00:00
Zm-F_aaKoEw,https://www.youtube.com/watch?v=Zm-F_aaKoEw,SISTAR (씨스타) - 'I Like That' 官方中字,台灣索尼音樂 Sony Music Taiwan,UCFtUq0ml-coWmD70Pt_urRA,240,,,,478770,周杰伦 Sony Music Taiwan,2026-07-31T14:06:15.904475+00:00
iFkCictfBTk,https://www.youtube.com/watch?v=iFkCictfBTk,SOGI@Sony Mobile 代言人周杰倫分享使用體驗,SOGI 手機王,UCqpkTGq_WLEpERCHntdKrCA,970,,,,2783,周杰伦 Sony Music Taiwan,2026-07-31T14:06:15.904475+00:00
n3ebh8yfWd0,https://www.youtube.com/watch?v=n3ebh8yfWd0,Standing Egg台灣首場演唱會 9月8日@Legacy [韓國療癒系獨立樂團],台灣索尼音樂 Sony Music Taiwan,UCFtUq0ml-coWmD70Pt_urRA,60,,,,5110,周杰伦 Sony Music Taiwan,2026-07-31T14:06:15.904475+00:00
HduF0yMk-RM,https://www.youtube.com/watch?v=HduF0yMk-RM,standoff 2 AWM🔥🔥 montage fearless song,Red,UCIOFZNhnhVQPudtU5of2QdA,194,,,,179,Jay Chou Official MV | 周杰伦 Official Music Video,2026-07-31T14:06:15.904475+00:00
dsTrENW33h0,https://www.youtube.com/watch?v=dsTrENW33h0,"Stefanie Sun performs at Taipei Arena with 40,000 fans joining in; Jay Chou and Jolin Tsai send f...",華視新聞 CH52,UCDCJyLpbfgeVE9iZiEam-Kg,97,,,,3287,周杰伦 演唱会,2026-07-31T14:06:15.904475+00:00
ZvyuCqTbu9c,https://www.youtube.com/watch?v=ZvyuCqTbu9c,STORMY - BADI 7EFYAN (Official Music Video),STORMY,UCheCWSphDnEwc3A29OVqelg,190,,,,9691328,Jay Chou Official MV,2026-07-31T14:06:15.904475+00:00
NtkcfoiXcEc,https://www.youtube.com/watch?v=NtkcfoiXcEc,"Students, we are here for you, today and tomorrow",BNP Paribas,UCJeiOCUqrEbMqvqjuYVSihQ,30,,,,2016218,周杰伦 Official Music Video | 周杰伦 lyric video,2026-07-31T14:06:15.904475+00:00
BIWTg9I4nzo,https://www.youtube.com/watch?v=BIWTg9I4nzo,"Su padre la obliga a casarse; era el CEO frío que la salvó, y tras la boda la mima!",Flor Teatro ES,UC7wpW0QChrEppksLHjSj8Wg,6808,,,,16211,周杰伦 杰威尔音乐,2026-07-31T14:06:15.904475+00:00
a6_GnJm1Jow,https://www.youtube.com/watch?v=a6_GnJm1Jow,Sumo Vs. Conventional Deadlift,Alan Thrall (Untamed Strength),UCRLOLGZl3-QTaJfLmAKgoAw,280,,,,171637,周杰伦 Official Music Video,2026-07-31T14:06:15.904475+00:00
MmLcaQ8vwco,https://www.youtube.com/watch?v=MmLcaQ8vwco,Sứ Thanh Hoa 青花瓷 Hulusi - Sáo Bầu cover Đức Nhàn,Đức Nhàn,UChERtS5Aq1S9xZfB4AOJNpg,232,,,,403,Jay Chou Official MV,2026-07-31T14:06:15.904475+00:00
1iB0t-hOsLg,https://www.youtube.com/watch?v=1iB0t-hOsLg,Taiwanese Mandopop Star Jay Chou Releases New Album ‘Children of the Sun’｜TaiwanPlus News,TaiwanPlus News,UCCJBSLNtozkO-NqjpPZujiQ,35,,,,866,Jay Chou Official MV,2026-07-31T14:06:15.904475+00:00
UqIOec1cbo0,https://www.youtube.com/watch?v=UqIOec1cbo0,Taiwanese singers rush to hold concerts in mainland China; Jay Chou is mentioned; Beijing welcome...,全球大視野,UCiwt1aanVMoPYUt_CQYCPQg,626,,,,1800,周杰伦 演唱会,2026-07-31T14:06:15.904475+00:00
Q3U7_D4aBZg,https://www.youtube.com/watch?v=Q3U7_D4aBZg,Taiwanese superstar Jay Chou's wedding video,The Telegraph,UCPgLNge0xqQHWM5B5EFH9Cg,129,,,,875762,Jay Chou Official MV,2026-07-31T14:06:15.904475+00:00
QNkiTijhco8,https://www.youtube.com/watch?v=QNkiTijhco8,TEACHER REACTS | Jay Chou 周杰倫【Children of the Sun 太陽之子】Official Music Video,Ddog Plays Games,UCaLCSjdpsz5hUQq5R3tK2zg,616,,,,224,Jay Chou Official MV,2026-07-31T14:06:15.904475+00:00
ekiNW7T_keg,https://www.youtube.com/watch?v=ekiNW7T_keg,TG`CH周杰伦   雨下一整晚MV 1080P修复版,华语娱乐汇总,UCQgoucumwvv70WxGeK_nJUA,262,,,,10,周杰伦 1080P MV,2026-07-31T14:06:15.904475+00:00
O1ybh5wjGzA,https://www.youtube.com/watch?v=O1ybh5wjGzA,"The Battle of the Coral Sea - Part 2, The Carrier Battle - Animated",The Operations Room,UCnZJt7yQw5IztVwe-Dscd-Q,680,,,,580926,周杰伦 Official Music Video,2026-07-31T14:06:15.904475+00:00
uWV1i8PMvFo,https://www.youtube.com/watch?v=uWV1i8PMvFo,The Dark Horse of the Taipei Film Festival: Siblings of the Cape | Top Movie Picks,好選喆+ 電癮好選喆 ,UCI1EvAIviBYUSrBbzwpfErw,625,,,,846,周杰伦 Sony Music Taiwan,2026-07-31T14:06:15.904475+00:00
NI_9S_duUNQ,https://www.youtube.com/watch?v=NI_9S_duUNQ,"The ice has been broken! Wu Zongxian, ""I love Jay Chou so much,"" personally resolves past grievan...",ETtoday星光雲/官方平台,UCX157UE-NdaUGQJDkQ-XKnw,347,,,,40818,周杰伦 演唱会,2026-07-31T14:06:15.904475+00:00
DbIHoCR74zA,https://www.youtube.com/watch?v=DbIHoCR74zA,"The school bully wasn't interested in any women, but he fell for the transfer student.",PrincessCharm Drama,UCt0uzOAzdyXMpUskgNs2kXw,9706,,,,1095,周杰伦 现场 Live | 周杰伦 高音质,2026-07-31T14:06:15.904475+00:00
jEV4kfvASwc,https://www.youtube.com/watch?v=jEV4kfvASwc,The very romantic Jay Chou,SPH Razor,UCZTt-Gs9Ht4_wcI8_CwP0-g,115,,,,6179,Jay Chou Official MV,2026-07-31T14:06:15.904475+00:00
PqQUw3qbvhE,https://www.youtube.com/watch?v=PqQUw3qbvhE,TheBest JayChou’s 20HitSongs 周杰倫 热门歌曲【HighSoundQuality高音质】,SOUND+AID,UCNS4c0RY_mcPOlPPwYOf2MA,5224,,,,86755,周杰伦 高音质,2026-07-31T14:06:15.904475+00:00
c6_wShFnGJM,https://www.youtube.com/watch?v=c6_wShFnGJM,Thinking Dogs / 說不出口的事 (中文字幕短版) 日版『那些年，我們一起追的女孩』電影主題曲,台灣索尼音樂 Sony Music Taiwan,UCFtUq0ml-coWmD70Pt_urRA,166,,,,422610,周杰伦 Sony Music Taiwan,2026-07-31T14:06:15.904475+00:00
lOIDxrDK0Tk,https://www.youtube.com/watch?v=lOIDxrDK0Tk,"This is my second time in Taiwan, and I really didn't expect...",Jo爱出去玩,UCbrIpOQBN59nV6RiJDNlDDw,646,,,,43363,周杰伦 歌曲,2026-07-31T14:06:15.904475+00:00
y9HcZN28qWc,https://www.youtube.com/watch?v=y9HcZN28qWc,THIS MUSIC VIDEO IS INSANE | Jay Chou 周杰倫 太陽之子 REACTION,The Journey Of Jake,UCa0_hMdbPD4tNrNsTe91xpg,534,,,,4507,Jay Chou Official MV,2026-07-31T14:06:15.904475+00:00
zCjWzX9bGnQ,https://www.youtube.com/watch?v=zCjWzX9bGnQ,Thất Lý Hương - Jay Chou |七里香 - 周杰伦 | Jay Chou Carnival World Tour 2023 in Bangkok 9.12,Hannah,UCemxAaJX1jGCBeVJSJ5fMUg,291,,,,1266,周杰伦 JVR Music,2026-07-31T14:06:15.904475+00:00
Gb7hD14uoAI,https://www.youtube.com/watch?v=Gb7hD14uoAI,Tian tian de - Jay Chou (MV Goodbye my princess)(ซับไทย),Sc2712,UC5H89Qh5LnKnzPBylX12aJg,245,,,,969,Jay Chou Official MV,2026-07-31T14:06:15.904475+00:00
LDmxrSmfxZc,https://www.youtube.com/watch?v=LDmxrSmfxZc,Tian Tian De - Jay Chou [MV HD 1080],Nguyễn Thành,UCWuYHrw3I6batmRR97XIh5g,243,,,,107419,Jay Chou Official MV,2026-07-31T14:06:15.904475+00:00
c1bLvzZYXjM,https://www.youtube.com/watch?v=c1bLvzZYXjM,TIMRO AANKHA - Swoopna Suman (Official MV),Swoopna Suman,UC68LOl1l1oLTgW22hQDcduA,392,,,,21228649,Jay Chou Official MV,2026-07-31T14:06:15.904475+00:00
PwpubQwLKU8,https://www.youtube.com/watch?v=PwpubQwLKU8,Top 10 Chinese Celebrities Who Own Their Agency and Studio,Lusi Lens,UCy_-t7atzOIySAYrs9sJZ6w,826,,,,897,周杰伦 JVR Music,2026-07-31T14:06:15.904475+00:00
qJLllXuG3vg,https://www.youtube.com/watch?v=qJLllXuG3vg,TOP10 周杰伦专辑销量/TOP10 Jay Chou's Music Album Sales,TOP10 各种中文十大,UCNEuLvM7Rm1oq39x70P-Ong,263,,,,608,周杰伦 Sony Music Taiwan,2026-07-31T14:06:15.904475+00:00
ANPpC_Vw1Lk,https://www.youtube.com/watch?v=ANPpC_Vw1Lk,"TPBL / ""Asian King"" Jay Chou is really here! Accompanying Jeremy Lin on the countdown to his reti...",三立新聞LIVE,UC2TuODJhC03pLgd6MpWP0iw,484,,,,622,周杰伦 专辑,2026-07-31T14:06:15.904475+00:00
ttXLoZiysPM,https://www.youtube.com/watch?v=ttXLoZiysPM,Trending Online! Liu Yuning Sweeps Four KuGou Xingyao Chart Awards: How Did This Grassroots Lives...,闲观娱事,UCycuFKPAeQk-CjxZDft95zg,1300,,,,269,Jay Chou Official MV | 周杰伦 Official Music Video | 周杰伦 lyric video | 周杰伦 专辑 | 周杰伦 完整版 | 周杰伦 官方 MV | 周杰伦 歌曲 | 周杰伦 歌词版 | 周杰伦 演唱会 | 周杰伦 现场 Live,2026-07-31T14:06:15.904475+00:00
g8hQbLIOf0o,https://www.youtube.com/watch?v=g8hQbLIOf0o,"T周杰伦The one台北演唱会第二首《半兽人》 The second song ""Orc"" in The one Taipei concert",周杰伦亚洲粉丝天团Jay Chou Asian Fan Club,UCLiTgtHPAyJ4_sfpQ2kqpTA,275,,,,1320,周杰伦 现场 Live,2026-07-31T14:06:15.904475+00:00
d0zKwtvHvLE,https://www.youtube.com/watch?v=d0zKwtvHvLE,U.S.-China tensions flare up again,CNBC Television,UCrp_UI8XtuYfpiqluWLD7Lw,553,,,,85858,周杰伦 Official Music Video,2026-07-31T14:06:15.904475+00:00
ewU4mcWplxQ,https://www.youtube.com/watch?v=ewU4mcWplxQ,Unbreakable Love,周興哲 Eric Chou,UC7S48XRADBqamQbgLxpBFcQ,260,,,,22347045,周杰伦 Sony Music Taiwan,2026-07-31T14:06:15.904475+00:00
6y42DWgUsgk,https://www.youtube.com/watch?v=6y42DWgUsgk,up爆肝24小時，周杰倫新歌前奏續寫完整版,財富自由,UCgqwWEaCu2I7s3bZgs-7FvA,223,,,,87698,周杰伦 完整版,2026-07-31T14:06:15.904475+00:00
CIlx9rhXNyA,https://www.youtube.com/watch?v=CIlx9rhXNyA,Valentine,GEM鄧紫棋,UCsLWG2t7n9LFsvH0wR2rtpw,294,,,,3363284,周杰伦 Sony Music Taiwan,2026-07-31T14:06:15.904475+00:00
qj2uhy6lgG4,https://www.youtube.com/watch?v=qj2uhy6lgG4,"Vic Chou "" You Are My Courage "" Official Music Video",相信音樂BinMusic,UC7ovu6a8ydIbDy0fAKmoZ9A,198,,,,11885958,Jay Chou Official MV | 周杰伦 Sony Music Taiwan,2026-07-31T14:06:15.904475+00:00
A7h-cJFHqtg,https://www.youtube.com/watch?v=A7h-cJFHqtg,Victor 劉偉德『城市情歌Live音樂會』@ Legacy mini - Part 2,Victor劉偉德,UC1q4U9-H6c3drZKJ_KfY9RQ,330,,,,509,周杰伦 Sony Music Taiwan,2026-07-31T14:06:15.904475+00:00
u_2wt_09ZVY,https://www.youtube.com/watch?v=u_2wt_09ZVY,Vivian Hsu 徐若瑄《V & I》（回憶組曲新唱版）Official Teaser,Vivian Hsu 徐若瑄,UCTgZiQVqxY3t_G8VMloOmfw,17,,,,2028,周杰伦 Sony Music Taiwan,2026-07-31T14:06:15.904475+00:00
FST1jddGckc,https://www.youtube.com/watch?v=FST1jddGckc,Vivian Hsu 徐若瑄《VIVILAND》Official Teaser,Vivian Hsu 徐若瑄,UCTgZiQVqxY3t_G8VMloOmfw,23,,,,2573,周杰伦 Sony Music Taiwan,2026-07-31T14:06:15.904475+00:00
BQ1xNXOzjdE,https://www.youtube.com/watch?v=BQ1xNXOzjdE,VLOG #58 I EXPLORE THE CITY OF TAMSUI AND HAVE DINNER WITH MY BUDDY RIC LORENS!!,Jules en Asie,UCsSrPXZ5r5N2OINXBIGHJ6Q,709,,,,8210,周杰伦 Sony Music Taiwan,2026-07-31T14:06:15.904475+00:00
rQWruq-xPqc,https://www.youtube.com/watch?v=rQWruq-xPqc,VLOG | 周杰伦演唱会 | 地表最强2 |法国巴黎之旅 | jay chou paris 2019 | Elena‘s VLOG,Elena Zhang,UCthe_ygm49Fr8I7TFd8i4IQ,760,,,,824,周杰伦 演唱会,2026-07-31T14:06:15.904475+00:00
iM-nAsah3F8,https://www.youtube.com/watch?v=iM-nAsah3F8,vlog·下课后去周杰伦演唱会啦🎡期末周日常 做不完的pre...吃了很多顿台湾菜 和朋友快乐逛街 大学生活日记,孙婷婷要变成个大瘦子 ,UCYZr8F-8sPvAXE5raxUZZCw,1063,,,,19,周杰伦 Sony Music Taiwan,2026-07-31T14:06:15.904475+00:00
DaML6_CPqBY,https://www.youtube.com/watch?v=DaML6_CPqBY,WeiBird 韋禮安 - Red Scarf 如果可以 / THE FIRST TAKE,THE FIRST TAKE,UC9zY_E8mcAo_Oq772LEZq8Q,224,,,,3740602,周杰伦 Sony Music Taiwan,2026-07-31T14:06:15.904475+00:00
5tLHAjzp0So,https://www.youtube.com/watch?v=5tLHAjzp0So,"Who Am I (Theme Song from ""The Wolf"")",JOLIN 蔡依林,UCZxdOVXIBEnJUQkhZgeOTTg,240,,,,3092114,周杰伦 Sony Music Taiwan,2026-07-31T14:06:15.904475+00:00
PQ9qVcG9rC4,https://www.youtube.com/watch?v=PQ9qVcG9rC4,Wind Chimes in a Bakery - Episode 1: The Loss,Samsung Malaysia ,UC26E_8Ic6cc087pvMPUPFxg,319,,,,714620,Jay Chou Official MV,2026-07-31T14:06:15.904475+00:00
WcnYE4smB3s,https://www.youtube.com/watch?v=WcnYE4smB3s,wo Bu Pei - Jay Chou | Best Album By_Jay Chou 周杰倫,CJ Channel,UC66L9GAKks8MEoYlt_BlArw,4131,,,,2811,周杰伦 专辑,2026-07-31T14:06:15.904475+00:00
hk5crJvQ_mI,https://www.youtube.com/watch?v=hk5crJvQ_mI,"Wu Zongxian performs! He chokes up while confessing his love for Jay Chou, shouting ""I truly love...",鏡新聞,UC4LjkybVKXCDlneVXlKAbmw,106,,,,13307,周杰伦 演唱会,2026-07-31T14:06:15.904475+00:00
H1Qdyvasltw,https://www.youtube.com/watch?v=H1Qdyvasltw,"Wu Zongxian shouted ""I love you so much!"" Jay Chou was accused of having a falling out and his ey...",Play大明星,UCiaMdpqWMprk63-6KqA-s_w,92,,,,11950,周杰伦 演唱会,2026-07-31T14:06:15.904475+00:00
owvxiV8eLKc,https://www.youtube.com/watch?v=owvxiV8eLKc,Wu Zongxian suddenly broke the ice with Jay Chou and confessed: I love you so much! It's an honor...,FTNN 新聞網,UCSiS_dpGh_mArJcFqr64O6g,110,,,,1239,周杰伦 演唱会,2026-07-31T14:06:15.904475+00:00
1n_i0JupwRA,https://www.youtube.com/watch?v=1n_i0JupwRA,YELLOW黃宣 & 9m88 - 怪天氣 Strange Weather (Official Music Video),YELLOW,UCQxQh2lu9bnM6w4edXBQ_Iw,274,,,,8805280,周杰伦 Sony Music Taiwan,2026-07-31T14:06:15.904475+00:00
AarQYk0tvJU,https://www.youtube.com/watch?v=AarQYk0tvJU,Yi Dian Dian (一点点) & Bu Gai (不該) - 周杰倫 Jay Chou Carnival World Tour Singapore 2024,JustineT22,UCiQkF7fw5prrYVwzwmnYSdA,288,,,,1735,周杰伦 现场 Live,2026-07-31T14:06:15.904475+00:00
IZ_xu91-KbE,https://www.youtube.com/watch?v=IZ_xu91-KbE,YOASOBI主唱幾田莉拉《Laugh》橫濱巡演幕後：睽違三年開個人巡演！ano、拉拉熊彩排畫面公開、從COACH訂製到周邊服裝改造的表演服｜Soundcheck With｜Vogue Taiwan,VOGUE Taiwan,UCKl0gSq0JOcdzXTrS4gk2cg,728,,,,39486,周杰伦 Sony Music Taiwan,2026-07-31T14:06:15.904475+00:00
Qya3ub7ZheE,https://www.youtube.com/watch?v=Qya3ub7ZheE,YouTube Music Night - Eric周興哲 (Promo 30s),周興哲 Eric Chou,UC7S48XRADBqamQbgLxpBFcQ,30,,,,1998099,周杰伦 Sony Music Taiwan,2026-07-31T14:06:15.904475+00:00
Yk7oUOgHfRI,https://www.youtube.com/watch?v=Yk7oUOgHfRI,YouTube聲音三級跳秘訣：Dolby Atmos上混全景聲，純虛擬但無比真實？！,陳寗 NingSelect,UCwxkPMOdYr6MxKjyUPWCOuQ,1235,,,,5309,周杰伦 现场 Live | 周杰伦 高音质,2026-07-31T14:06:15.904475+00:00
-27M4e3sT_o,https://www.youtube.com/watch?v=-27M4e3sT_o,Z1真一 ft.百足 - 不擔心 / 心配ない (Ain't worried bout none MV),Z1真一 就是 水神ZEO,UCT4RlOhfTqU4yMSHa6aK_tQ,199,,,,105026,周杰伦 JVR Music | 周杰伦 lyric video | 周杰伦 官方 MV | 周杰伦 杰威尔音乐 | 周杰伦 歌词版,2026-07-31T14:06:15.904475+00:00
Y2rdmKtVss0,https://www.youtube.com/watch?v=Y2rdmKtVss0,Zuchu -  Kwikwi (Dance Video),Zuchu,UCOn8zDM533kqzhIA8c3NFbQ,196,,,,97931701,Jay Chou Official MV,2026-07-31T14:06:15.904475+00:00
KsU31FyvFxY,https://www.youtube.com/watch?v=KsU31FyvFxY,Zuchu - Nyumba Ndogo (Official Music Video),Zuchu,UCOn8zDM533kqzhIA8c3NFbQ,241,,,,48088158,Jay Chou Official MV,2026-07-31T14:06:15.904475+00:00
GRdWU8gsvT8,https://www.youtube.com/watch?v=GRdWU8gsvT8,Zyboy忠宇 - 媽媽的話『從小的時候就經常聽我媽媽講 童年的夢境可笑的，就像是烏雲隱藏著。』【動態Lyrics|高音質】♫,4K Music Make,UCiQKucVFHucBp11xTdROjlw,168,,,,6282366,周杰伦 4K MV,2026-07-31T14:06:15.904475+00:00
qdDvV_H-kYQ,https://www.youtube.com/watch?v=qdDvV_H-kYQ,| 周杰倫 | Mine Mine 歌詞版 周董的老歌也超好聽〖周董老歌合輯〗,cokiDai,UCQ_me8x2JiWnLjs0pnNCjig,269,,,,7278,周杰伦 歌词版,2026-07-31T14:06:15.904475+00:00
HiANSOYxZAY,https://www.youtube.com/watch?v=HiANSOYxZAY,КАЙФ! AMAZING! 周杰倫 Jay Chou【最偉大的作品 Greatest Works of Art】Official MV РЕАКЦИЯ | REACTION,GANGWADE,UCyG1s_FavrGGKIrQ4iMFRuw,429,,,,1852,Jay Chou Official MV,2026-07-31T14:06:15.904475+00:00
V9vuMEQbjXU,https://www.youtube.com/watch?v=V9vuMEQbjXU,‘Now You See Me 2' Cast Teaches Dylan Dreyer How To Throw Cards | TODAY,TODAY,UChDKyKQ59fYz3JO2fl0Z6sg,99,,,,39707,Jay Chou Official MV,2026-07-31T14:06:15.904475+00:00
a4VSGFrtno8,https://www.youtube.com/watch?v=a4VSGFrtno8,“嘉宾”大闹周杰伦演唱会！龚俊跑调大唱《发如雪》，周杰伦：你给我闭嘴！,小姐姐爱娱乐,UC5HdBUhVKruNr5dbx2vmKEQ,969,,,,145131,周杰伦 演唱会,2026-07-31T14:06:15.904475+00:00
6G0iykKxsP8,https://www.youtube.com/watch?v=6G0iykKxsP8,“多么美丽的完美主义” #周杰伦 #王力宏 #完美主義 #竹林深处 #music,比巴卜哩,UCqpCQCoWIM8WGBHSlpzjH_A,247,,,,4,周杰伦 杰威尔音乐,2026-07-31T14:06:15.904475+00:00
Vrc7G38v-Ys,https://www.youtube.com/watch?v=Vrc7G38v-Ys,“最强现场 这段可以封神了吧”#周杰伦#暗号,周杰伦文案馆,UC8vq2O3TEi0MCk6awjYm3Dg,17,,,,1314,周杰伦 现场 Live,2026-07-31T14:06:15.904475+00:00
AQIIGGYyNuM,https://www.youtube.com/watch?v=AQIIGGYyNuM,★周杰倫 魔杰座 album arrived!  流浪诗人乔克叔叔 魔术先生 吉他 guitar jay chou,lunachangue,UCL95RwjTKvF5tIEi-JPQCGQ,132,,,,5687,周杰伦 专辑,2026-07-31T14:06:15.904475+00:00
nS80nuP_wMQ,https://www.youtube.com/watch?v=nS80nuP_wMQ,★手牽手ＭＶ - 抗SARS藝人大合唱★-Hand in Hand-Taiwanese song,Andy,UCJg_1gHk_ZF18jatBH3jRGA,337,,,,5430392,周杰伦 Sony Music Taiwan,2026-07-31T14:06:15.904475+00:00
_DRdcgaHiZw,https://www.youtube.com/watch?v=_DRdcgaHiZw,《2003年的歌词，2026年终于同框！周杰伦樊振东这波世纪同框，整整等了23年,loluchi martinez,UCSf2eoDDlJJN06HRLfsZHBA,1232,,,,1,周杰伦 官方 MV,2026-07-31T14:06:15.904475+00:00
h7hRJyFi1FY,https://www.youtube.com/watch?v=h7hRJyFi1FY,《JAY》FLAC无损音质，周杰伦第一张专辑!,音乐客,UC5727gGwnb_ReNJ75z6hU9g,2567,,,,761,周杰伦 专辑,2026-07-31T14:06:15.904475+00:00
9elvYViwP4g,https://www.youtube.com/watch?v=9elvYViwP4g,《K歌之王 AIR (Day Version)》陳奕迅 Eason Chan with The Heritage Orchestra【Official MV】,Eason Chan,UCnafe6M9Itwt08RFI51L6mw,282,,,,6351837,周杰伦 Sony Music Taiwan,2026-07-31T14:06:15.904475+00:00
w-XTflPi2vc,https://www.youtube.com/watch?v=w-XTflPi2vc,《Mojito》 周杰伦 【高音质歌词版】,kimlyric,UCgt3OgtS6sSfdD3hMY-Zkxg,189,,,,1341,周杰伦 高音质,2026-07-31T14:06:15.904475+00:00
pPO_bzGCMTQ,https://www.youtube.com/watch?v=pPO_bzGCMTQ,《一路向北》 周杰伦 【高音质歌词版】,kimlyric,UCgt3OgtS6sSfdD3hMY-Zkxg,295,,,,3841,周杰伦 高音质,2026-07-31T14:06:15.904475+00:00
hBu2O-_SOms,https://www.youtube.com/watch?v=hBu2O-_SOms,《一路生花》周深/张韶涵 声声入情 句句心动 男女联唱在舞台上紧紧相拥好温暖 | 纯享 | #天赐的声音3 #live #music EP12 花絮 20220603,浙江卫视音乐频道 ZJSTV Music Channel - 欢迎订阅 -,UCp8cPvx_Od76EL66vvCnhRA,300,,,,29998422,周杰伦 现场 Live,2026-07-31T14:06:15.904475+00:00
pvDFh-eir34,https://www.youtube.com/watch?v=pvDFh-eir34,《七月的極光》英文版？！｜周杰倫 2026 新專輯 English Cover 翻唱完整版,平行世界華語音樂館,UCwvlCPOMumLPyDC8LUd7O1A,220,,,,192,周杰伦 完整版,2026-07-31T14:06:15.904475+00:00
dj_cFi_9SsU,https://www.youtube.com/watch?v=dj_cFi_9SsU,《七里香》 周杰伦 【高音质歌词版】,kimlyric,UCgt3OgtS6sSfdD3hMY-Zkxg,296,,,,4011,周杰伦 高音质,2026-07-31T14:06:15.904475+00:00
z-aeqBRPpiU,https://www.youtube.com/watch?v=z-aeqBRPpiU,《七里香》FLAC + MV 无损音质，周杰伦第五张专辑,音乐客,UC5727gGwnb_ReNJ75z6hU9g,2614,,,,393,周杰伦 专辑 | 周杰伦 高音质,2026-07-31T14:06:15.904475+00:00
Op3LSOxknbI,https://www.youtube.com/watch?v=Op3LSOxknbI,《七里香》周杰伦嘉年华全球巡回演唱会日本横滨站 Jay Chou Carnival World Tour 2024 YOKOHAMA,染白,UCUa6ySlZKdJDXAIal7T0zfg,141,,,,3124,周杰伦 演唱会,2026-07-31T14:06:15.904475+00:00
WyaTmbuVHec,https://www.youtube.com/watch?v=WyaTmbuVHec,《不如在歌裡遇見》短影集 EP1｜韋禮安 WeiBird〈如果没有你〉,台灣索尼音樂 Sony Music Taiwan,UCFtUq0ml-coWmD70Pt_urRA,94,,,,5313,周杰伦 Sony Music Taiwan,2026-07-31T14:06:15.904475+00:00
cbtyezDnnFY,https://www.youtube.com/watch?v=cbtyezDnnFY,《不愛我就拉倒》周杰倫 Jay Chou 高音質動態歌詞版,木弼思MBS . Just Relax . 影音休閒娛樂頻道,UCxKAajrxuvdXCJ1thvEHANQ,251,,,,512,周杰伦 高音质,2026-07-31T14:06:15.904475+00:00
5Fve0yAgaNo,https://www.youtube.com/watch?v=5Fve0yAgaNo,《不爱我就拉倒》 周杰伦 【高音质歌词版】,kimlyric,UCgt3OgtS6sSfdD3hMY-Zkxg,247,,,,812,周杰伦 高音质,2026-07-31T14:06:15.904475+00:00
BFd2APTD370,https://www.youtube.com/watch?v=BFd2APTD370,《不能说的秘密》 周杰伦 【高音质歌词版】,kimlyric,UCgt3OgtS6sSfdD3hMY-Zkxg,297,,,,5260,周杰伦 高音质,2026-07-31T14:06:15.904475+00:00
tPjRRlS4anc,https://www.youtube.com/watch?v=tPjRRlS4anc,《东风破》 周杰伦 【高音质歌词版】,kimlyric,UCgt3OgtS6sSfdD3hMY-Zkxg,314,,,,8627,周杰伦 官方 MV | 周杰伦 歌词版,2026-07-31T14:06:15.904475+00:00
JeWx1jjsF_g,https://www.youtube.com/watch?v=JeWx1jjsF_g,《东风破》女声翻唱 完整版！柯唯Chole(Cover 周杰伦)空灵女声版 深情翻唱【动态歌词lyrics】#东风破女声版 #中国风歌曲 #空灵女声,Chole (柯唯),UCtc3IV3o5kshiwbWwp55vJQ,299,,,,2317,周杰伦 完整版,2026-07-31T14:06:15.904475+00:00
oVRxCvzXyqc,https://www.youtube.com/watch?v=oVRxCvzXyqc,《中国新歌声》导师周杰伦深受观众喜爱 【浙江卫视官方超清1080P】娱乐梦工厂 Dream Works 20160712期,中国浙江卫视官方频道 Zhejiang STV Official Channel - 欢迎订阅 -,UC52EYUUSlzcYqHj-qsx0RHg,464,,,,28692,周杰伦 1080P MV,2026-07-31T14:06:15.904475+00:00
iAsFxd5vzGY,https://www.youtube.com/watch?v=iAsFxd5vzGY,《五十公里桃花坞 第6季》加更 第10期下：徐志胜孟子义vocal之争！｜Wonderland S6 #五十公里桃花坞 #wonderlands6 # 腾讯独播 #综艺,五十公里桃花坞Wonderland -官方频道,UCfIuH1S2u-ccffOzzUJsyJQ,2696,,,,2790,周杰伦 Official Music Video | 周杰伦 lyric video | 周杰伦 完整版 | 周杰伦 官方 MV | 周杰伦 歌曲 | 周杰伦 歌词版 | 周杰伦 演唱会 | 周杰伦 现场 Live,2026-07-31T14:06:15.904475+00:00
3mYZkOhOFLw,https://www.youtube.com/watch?v=3mYZkOhOFLw,《五十公里桃花坞 第6季》加更第10期下：陈鑫海送出礼物“终身”陪你逃跑！|《五十公里桃花坞S6  Wonderland S6》#桃花坞 #李雪琴 #徐志胜 #萧敬腾 #袁咏仪,WeTV - 喜剧综艺 - Get the WeTV APP,UC5RbcOaDS_vcBPfzwSy_m1Q,2696,,,,596,周杰伦 lyric video | 周杰伦 完整版 | 周杰伦 官方 MV | 周杰伦 歌曲 | 周杰伦 歌词版 | 周杰伦 演唱会 | 周杰伦 现场 Live,2026-07-31T14:06:15.904475+00:00
SRa-pKplpo4,https://www.youtube.com/watch?v=SRa-pKplpo4,《倒影》 周杰伦 【高音质歌词版】,kimlyric,UCgt3OgtS6sSfdD3hMY-Zkxg,235,,,,722,周杰伦 高音质,2026-07-31T14:06:15.904475+00:00
7Jk_tYaR318,https://www.youtube.com/watch?v=7Jk_tYaR318,《借口》 周杰伦 【高音质歌词版】,kimlyric,UCgt3OgtS6sSfdD3hMY-Zkxg,259,,,,5506,周杰伦 高音质,2026-07-31T14:06:15.904475+00:00
2PBnbfX1pQQ,https://www.youtube.com/watch?v=2PBnbfX1pQQ,《八度空间》FLAC + MV 无损音质，周杰伦第三张专辑。,音乐客,UC5727gGwnb_ReNJ75z6hU9g,2674,,,,574,周杰伦 专辑,2026-07-31T14:06:15.904475+00:00
4FTqnC2RWms,https://www.youtube.com/watch?v=4FTqnC2RWms,《兰亭序》 周杰伦 【高音质歌词版】,kimlyric,UCgt3OgtS6sSfdD3hMY-Zkxg,253,,,,11723,周杰伦 歌词版 | 周杰伦 高音质,2026-07-31T14:06:15.904475+00:00
xKg1px1aZFI,https://www.youtube.com/watch?v=xKg1px1aZFI,《千里之外》中国风爵士编舞完整版,TranScend全盛舞蹈工作室,UCvFsPunK5bTii6jqTiqlkUw,127,,,,5118,周杰伦 完整版 | 周杰伦 歌曲,2026-07-31T14:06:15.904475+00:00
ah61lRu_GCI,https://www.youtube.com/watch?v=ah61lRu_GCI,《双截棍》 周杰伦 【高音质歌词版】,kimlyric,UCgt3OgtS6sSfdD3hMY-Zkxg,200,,,,4883,周杰伦 高音质,2026-07-31T14:06:15.904475+00:00
_t9CCfztlCA,https://www.youtube.com/watch?v=_t9CCfztlCA,《反方向的钟》 周杰伦 【高音质歌词版】,kimlyric,UCgt3OgtS6sSfdD3hMY-Zkxg,259,,,,4305,周杰伦 高音质,2026-07-31T14:06:15.904475+00:00
IOqyaWBmBcA,https://www.youtube.com/watch?v=IOqyaWBmBcA,《反方向的钟》周杰伦 | 流行热门歌曲歌词 ⏳ 回到当初爱你的时空 停格内容不忠 | Lyrics Video,MPP Entertainment,UCwD6tQg4XTKhyWQHg5X_PwQ,258,,,,801,周杰伦 歌词版,2026-07-31T14:06:15.904475+00:00
nPzdQLd96jE,https://www.youtube.com/watch?v=nPzdQLd96jE,《发如雪》 周杰伦 【高音质歌词版】,kimlyric,UCgt3OgtS6sSfdD3hMY-Zkxg,298,,,,7968,周杰伦 高音质,2026-07-31T14:06:15.904475+00:00
rEYBPDHoyOg,https://www.youtube.com/watch?v=rEYBPDHoyOg,《发如雪》--周杰伦｜歌词版/Lyrics Video-Hair Like Snow -- Jay Chou: English Translation,TUDO‘s AudioVisual,UCcBUw4rGDvCTleeOaUn-Ojg,302,,,,4146,周杰伦 官方 MV | 周杰伦 歌词版,2026-07-31T14:06:15.904475+00:00
yUTSIZcHUoQ,https://www.youtube.com/watch?v=yUTSIZcHUoQ,《发如雪》周杰伦｜这一版交响编曲，唱出了跨越千年的凄美宿命感·史诗电影版 (Cover by T-Kong Music),T-Kong Music,UCKb79CPXDflcHw4rSsxVBRw,364,,,,186458,周杰伦 歌曲,2026-07-31T14:06:15.904475+00:00
5Nk1WJRXrnE,https://www.youtube.com/watch?v=5Nk1WJRXrnE,《可爱女人》 周杰伦 【高音质歌词版】,kimlyric,UCgt3OgtS6sSfdD3hMY-Zkxg,239,,,,2400,周杰伦 高音质,2026-07-31T14:06:15.904475+00:00
LD8Hpa-E6ew,https://www.youtube.com/watch?v=LD8Hpa-E6ew,《叶惠美》FLAC无损音质 + MV  ，周杰伦第四章专辑,音乐客,UC5727gGwnb_ReNJ75z6hU9g,3173,,,,531,周杰伦 专辑,2026-07-31T14:06:15.904475+00:00
xvPcdJg-UUE,https://www.youtube.com/watch?v=xvPcdJg-UUE,《叶美惠》专辑 周杰伦车载音乐,Immersive Sound Lab,UCEjn50MbqVi7a0caGTkTMKg,2879,,,,107,周杰伦 专辑,2026-07-31T14:06:15.904475+00:00
u651ipRhhAk,https://www.youtube.com/watch?v=u651ipRhhAk,《听妈妈的话》 周杰伦 【高音质歌词版】,kimlyric,UCgt3OgtS6sSfdD3hMY-Zkxg,265,,,,9662,周杰伦 官方 MV | 周杰伦 歌词版 | 周杰伦 高音质,2026-07-31T14:06:15.904475+00:00
nUhkUYaDOEQ,https://www.youtube.com/watch?v=nUhkUYaDOEQ,《听见下雨的声音》 周杰伦 【高音质歌词版】,kimlyric,UCgt3OgtS6sSfdD3hMY-Zkxg,278,,,,3912,周杰伦 高音质,2026-07-31T14:06:15.904475+00:00
2tD2DW9qHzo,https://www.youtube.com/watch?v=2tD2DW9qHzo,《周杰倫2004無與倫比演唱會》28 外婆,s800331,UCx2I_-zDlr9iCXt6U162lfQ,265,,,,358781,周杰伦 演唱会 | 周杰伦 现场 Live,2026-07-31T14:06:15.904475+00:00
cmzhZh1sm3Q,https://www.youtube.com/watch?v=cmzhZh1sm3Q,《周杰倫2004無與倫比演唱會》29 斷了的弦,s800331,UCx2I_-zDlr9iCXt6U162lfQ,291,,,,418811,周杰伦 现场 Live,2026-07-31T14:06:15.904475+00:00
P89CW_xtF94,https://www.youtube.com/watch?v=P89CW_xtF94,《周杰倫2010超時代演唱會》04 愛在西元前HD,s800331,UCx2I_-zDlr9iCXt6U162lfQ,215,,,,51002,周杰伦 现场 Live,2026-07-31T14:06:15.904475+00:00
J-Fi4s7IQO8,https://www.youtube.com/watch?v=J-Fi4s7IQO8,《周杰倫2010超時代演唱會》05 我不配HD,s800331,UCx2I_-zDlr9iCXt6U162lfQ,285,,,,789105,周杰伦 演唱会 | 周杰伦 现场 Live,2026-07-31T14:06:15.904475+00:00
lDVq7YeahH4,https://www.youtube.com/watch?v=lDVq7YeahH4,《周杰倫2010超時代演唱會》14 龍捲風HD,s800331,UCx2I_-zDlr9iCXt6U162lfQ,246,,,,464192,周杰伦 演唱会 | 周杰伦 现场 Live,2026-07-31T14:06:15.904475+00:00
BwlXm1P_gEI,https://www.youtube.com/watch?v=BwlXm1P_gEI,《周杰倫2010超時代演唱會》17 時光機HD,s800331,UCx2I_-zDlr9iCXt6U162lfQ,333,,,,138670,周杰伦 演唱会 | 周杰伦 现场 Live,2026-07-31T14:06:15.904475+00:00
onUKMiiRODA,https://www.youtube.com/watch?v=onUKMiiRODA,《周杰倫2010超時代演唱會》21 以父之名HD,s800331,UCx2I_-zDlr9iCXt6U162lfQ,328,,,,232073,周杰伦 演唱会,2026-07-31T14:06:15.904475+00:00
ZF1Dzj1RXfk,https://www.youtube.com/watch?v=ZF1Dzj1RXfk,《周杰倫2010超時代演唱會》24 東風破HD,s800331,UCx2I_-zDlr9iCXt6U162lfQ,317,,,,209994,周杰伦 演唱会 | 周杰伦 现场 Live,2026-07-31T14:06:15.904475+00:00
RdJwr4Z9riE,https://www.youtube.com/watch?v=RdJwr4Z9riE,《周杰倫2010超時代演唱會》25 雙節棍HD,s800331,UCx2I_-zDlr9iCXt6U162lfQ,232,,,,235732,周杰伦 演唱会 | 周杰伦 现场 Live,2026-07-31T14:06:15.904475+00:00
R1iJSPn2okQ,https://www.youtube.com/watch?v=R1iJSPn2okQ,《周杰倫》怎么都听不腻的20首叙事曲串烧 | Jay Chou's Top20 Ballads you can never stop listening to | [4K video],杰威爾歌詞MV頻道JVR Lyric MV,UCsMWXIFViw8KxCl1i7X8deA,5090,,,,3658183,周杰伦 4K MV | 周杰伦 杰威尔音乐,2026-07-31T14:06:15.904475+00:00
MylqJSpm6Wk,https://www.youtube.com/watch?v=MylqJSpm6Wk,《周杰倫》怎么都听不腻的30首叙事曲串烧 | Jay Chou's Top 30 Ballads you can never stop listening to | [4K video],杰威爾歌詞MV頻道JVR Lyric MV,UCsMWXIFViw8KxCl1i7X8deA,7785,,,,8486,周杰伦 4K MV,2026-07-31T14:06:15.904475+00:00
cGEuqQ4AQ0E,https://www.youtube.com/watch?v=cGEuqQ4AQ0E,《周杰倫》怎么都听不腻的30首叙事曲串烧 | Jay Chou's Top 30 Ballads you can never stop listening to | [4K video],杰威爾歌詞MV頻道JVR Lyric MV,UCsMWXIFViw8KxCl1i7X8deA,7713,,,,3096764,周杰伦 杰威尔音乐,2026-07-31T14:06:15.904475+00:00
53gbLJabfMs,https://www.youtube.com/watch?v=53gbLJabfMs,《周杰倫》怎么都听不腻的50首叙事曲串烧 | Jay Chou's Top 50 Ballads you can never stop listening to | [4K video],杰威爾歌詞MV頻道JVR Lyric MV,UCsMWXIFViw8KxCl1i7X8deA,12529,,,,2858374,周杰伦 4K MV,2026-07-31T14:06:15.904475+00:00
einxc-xYjOg,https://www.youtube.com/watch?v=einxc-xYjOg,《周杰倫作曲》＜電影＞魏如昀 聽見下雨的聲音MV,孫嘉祥,UCbobivJi4jJnxosVi9OYAig,275,,,,2291,周杰伦 1080P MV,2026-07-31T14:06:15.904475+00:00
ot8NpGrLCgU,https://www.youtube.com/watch?v=ot8NpGrLCgU,"《周遊記3  EP01 希臘雅典 夢想啟動》J-Style Trip 3 - EP01 Athens, Greece",周杰倫 Jay Chou,UC8CU5nVhCQIdAGrFFp4loOQ,3647,,,,1156871,周杰伦 完整版,2026-07-31T14:06:15.904475+00:00
ukS9AI5KrSU,https://www.youtube.com/watch?v=ukS9AI5KrSU,《周遊記3 番外篇 嘉年華台北大巨蛋 》J-Style Trip 3 – Taipei,周杰倫 Jay Chou,UC8CU5nVhCQIdAGrFFp4loOQ,1489,,,,193641,周杰伦 完整版,2026-07-31T14:06:15.904475+00:00
0WKe6pMoL5M,https://www.youtube.com/watch?v=0WKe6pMoL5M,《回到过去》 周杰伦 【高音质歌词版】,kimlyric,UCgt3OgtS6sSfdD3hMY-Zkxg,232,,,,2669,周杰伦 高音质,2026-07-31T14:06:15.904475+00:00
0yrcOBEVaUA,https://www.youtube.com/watch?v=0yrcOBEVaUA,《夜曲》 周杰伦 【高音质歌词版】,kimlyric,UCgt3OgtS6sSfdD3hMY-Zkxg,227,,,,6130,周杰伦 高音质,2026-07-31T14:06:15.904475+00:00
7EUJVvsCJII,https://www.youtube.com/watch?v=7EUJVvsCJII,《夜曲》--周杰伦｜歌词版/Lyrics Video-Nocturne -- Jay Chou: English Translation,TUDO‘s AudioVisual,UCcBUw4rGDvCTleeOaUn-Ojg,229,,,,40110,周杰伦 官方 MV | 周杰伦 歌词版,2026-07-31T14:06:15.904475+00:00
DhHq0mPnoKA,https://www.youtube.com/watch?v=DhHq0mPnoKA,《太阳之子》—JayChou2026新专辑（个人喜爱度重排版）#music #jaychou #周杰倫 #太阳之子 #entertainment,HYC_Inory0187,UCquMbx_DcHD0bhJxLS2N2iA,2734,,,,9911,周杰伦 专辑,2026-07-31T14:06:15.904475+00:00
Hlp8XD0R5qo,https://www.youtube.com/watch?v=Hlp8XD0R5qo,《孤勇者》（《英雄聯盟：雙城之戰》動畫劇集中文主題曲）陳奕迅 Eason Chan [Official MV],Eason Chan,UCnafe6M9Itwt08RFI51L6mw,273,,,,85981772,周杰伦 4K MV | 周杰伦 Sony Music Taiwan,2026-07-31T14:06:15.904475+00:00
BJZJSt5Fmes,https://www.youtube.com/watch?v=BJZJSt5Fmes,《安静》 周杰伦 【高音质歌词版】,kimlyric,UCgt3OgtS6sSfdD3hMY-Zkxg,331,,,,4455,周杰伦 官方 MV | 周杰伦 歌词版 | 周杰伦 高音质,2026-07-31T14:06:15.904475+00:00
NTp577bHl9I,https://www.youtube.com/watch?v=NTp577bHl9I,《安靜》周傑倫｜有些歌不需要更響亮，只需要更多能吞噬孤獨的沉默·Cinematic Void (Cover by T-Kong Music),T-Kong Music,UCKb79CPXDflcHw4rSsxVBRw,340,,,,2332,周杰伦 lyric video | 周杰伦 歌曲,2026-07-31T14:06:15.904475+00:00
I-JrPgv5AKU,https://www.youtube.com/watch?v=I-JrPgv5AKU,《完整版》就是娛樂　蕭敬騰駁與周杰倫不合　直呼兩人交情好2016.10.12,撩星聞,UChLnfgAqCNLvz5DSFcnngNQ,2790,,,,6098,周杰伦 完整版,2026-07-31T14:06:15.904475+00:00
8H79IGQhWkU,https://www.youtube.com/watch?v=8H79IGQhWkU,《开不了口》 周杰伦 【高音质歌词版】,kimlyric,UCgt3OgtS6sSfdD3hMY-Zkxg,286,,,,4804,周杰伦 高音质,2026-07-31T14:06:15.904475+00:00
oXGN7a5r95w,https://www.youtube.com/watch?v=oXGN7a5r95w,《彩虹 RAINBOW MV》Jay Chou Parody | JAYROY,JAY ROY,UCegyCFor_uY0-WQiKrOUYSA,414,,,,12415,Jay Chou Official MV,2026-07-31T14:06:15.904475+00:00
v4YYT5ruMFY,https://www.youtube.com/watch?v=v4YYT5ruMFY,《彩虹》 周杰伦 【高音质歌词版】,kimlyric,UCgt3OgtS6sSfdD3hMY-Zkxg,263,,,,4210,周杰伦 高音质,2026-07-31T14:06:15.904475+00:00
TVJ-dpZPwhk,https://www.youtube.com/watch?v=TVJ-dpZPwhk,《愛情廢柴》- 周杰伦 2016 高清歌词版  ！！【1080p HD】,Zero,UCxXIElwiHdqnTN1Jvnt6ttw,283,,,,9563,周杰伦 1080P MV | 周杰伦 歌词版,2026-07-31T14:06:15.904475+00:00
3jHJ7z1H5ZU,https://www.youtube.com/watch?v=3jHJ7z1H5ZU,《愛琴海》搖滾版太炸了！｜太陽之子編曲｜周杰倫 2026 新專輯改編 Cover 翻唱完整版,平行世界華語音樂館,UCwvlCPOMumLPyDC8LUd7O1A,245,,,,78,周杰伦 完整版,2026-07-31T14:06:15.904475+00:00
RLYP21CalxI,https://www.youtube.com/watch?v=RLYP21CalxI,《我是如此相信》周杰伦新歌！超高音质！配合《天火》1080P电影剪辑,Jelly意灿,UC837AHJEXhHF67TC7ALDGFQ,267,,,,26,周杰伦 1080P MV | 周杰伦 高音质,2026-07-31T14:06:15.904475+00:00
ZxLWdegOe14,https://www.youtube.com/watch?v=ZxLWdegOe14,《我是如此相信》周杰伦新歌！超高音质！配合《天火》1080P电影剪辑 f6,Jelly意灿,UC837AHJEXhHF67TC7ALDGFQ,267,,,,73,周杰伦 1080P MV | 周杰伦 高音质,2026-07-31T14:06:15.904475+00:00
KTNrregeG5s,https://www.youtube.com/watch?v=KTNrregeG5s,《搁浅》 周杰伦 【高音质歌词版】,kimlyric,UCgt3OgtS6sSfdD3hMY-Zkxg,239,,,,26107,周杰伦 官方 MV | 周杰伦 歌词版 | 周杰伦 高音质,2026-07-31T14:06:15.904475+00:00
QtXF0rWnPJE,https://www.youtube.com/watch?v=QtXF0rWnPJE,《搁浅》周杰伦歌曲 吉他弹唱 吉他教学,DavidGuitar-大伟吉他教室-,UC9Bu-kH4EAEzXSE2pvZQXjw,1451,,,,1506,周杰伦 歌曲,2026-07-31T14:06:15.904475+00:00
SPtrL84SJuM,https://www.youtube.com/watch?v=SPtrL84SJuM,《明明就》 周杰伦 【高音质歌词版】,kimlyric,UCgt3OgtS6sSfdD3hMY-Zkxg,259,,,,2750,周杰伦 高音质,2026-07-31T14:06:15.904475+00:00
t6z01xpajn0,https://www.youtube.com/watch?v=t6z01xpajn0,《星晴》 周杰伦 【高音质歌词版】,kimlyric,UCgt3OgtS6sSfdD3hMY-Zkxg,257,,,,4360,周杰伦 高音质,2026-07-31T14:06:15.904475+00:00
CFqY-KCeLFA,https://www.youtube.com/watch?v=CFqY-KCeLFA,《晴天》 周杰伦 【高音质歌词版】,kimlyric,UCgt3OgtS6sSfdD3hMY-Zkxg,270,,,,8492,周杰伦 高音质,2026-07-31T14:06:15.904475+00:00
aOAHms8h0dM,https://www.youtube.com/watch?v=aOAHms8h0dM,《晴天》 周杰伦 （soulroll bootleg) 抖音gouyaoguo完整版,HAO,UCEKBDq9dgDFv_2xDaYzJGfw,271,,,,18269,周杰伦 完整版,2026-07-31T14:06:15.904475+00:00
1ItJzOX8hrs,https://www.youtube.com/watch?v=1ItJzOX8hrs,《最强大脑》20160122 嘉宾周杰伦 【《最强大脑》第3季第3期高清完整版】,燃烧吧大脑Puzzle Masters,UCe47h0UPo0omB8h2o_KCSqQ,6142,,,,55646,周杰伦 完整版,2026-07-31T14:06:15.904475+00:00
FHG24o77kZU,https://www.youtube.com/watch?v=FHG24o77kZU,《枫》 周杰伦 【高音质歌词版】,kimlyric,UCgt3OgtS6sSfdD3hMY-Zkxg,276,,,,8801,周杰伦 高音质,2026-07-31T14:06:15.904475+00:00
qQzHvon0yW0,https://www.youtube.com/watch?v=qQzHvon0yW0,《淘金小鎮》搖滾版太炸了！｜太陽之子編曲｜周杰倫 2026 新專輯改編 Cover 翻唱完整版,平行世界華語音樂館,UCwvlCPOMumLPyDC8LUd7O1A,223,,,,2,周杰伦 完整版,2026-07-31T14:06:15.904475+00:00
jEeCPY-rQiY,https://www.youtube.com/watch?v=jEeCPY-rQiY,《烟花易冷》 周杰伦 【高音质歌词版】,kimlyric,UCgt3OgtS6sSfdD3hMY-Zkxg,261,,,,10756,周杰伦 歌词版,2026-07-31T14:06:15.904475+00:00
Jwh2EFT23Cw,https://www.youtube.com/watch?v=Jwh2EFT23Cw,《珊瑚海》 周杰伦/梁心颐 【高音质歌词版】,kimlyric,UCgt3OgtS6sSfdD3hMY-Zkxg,256,,,,8903,周杰伦 歌词版 | 周杰伦 高音质,2026-07-31T14:06:15.904475+00:00
Phkn5EqxLXc,https://www.youtube.com/watch?v=Phkn5EqxLXc,《稻香》 周杰伦 【高音质歌词版】,kimlyric,UCgt3OgtS6sSfdD3hMY-Zkxg,224,,,,6500,周杰伦 高音质,2026-07-31T14:06:15.904475+00:00
LX5DDrFd7sU,https://www.youtube.com/watch?v=LX5DDrFd7sU,《等你下课》 周杰伦/杨瑞代 【高音质歌词版】,kimlyric,UCgt3OgtS6sSfdD3hMY-Zkxg,271,,,,2283,周杰伦 高音质,2026-07-31T14:06:15.904475+00:00
RVbtZ8X6HEk,https://www.youtube.com/watch?v=RVbtZ8X6HEk,《简单爱》 周杰伦 【高音质歌词版】,kimlyric,UCgt3OgtS6sSfdD3hMY-Zkxg,269,,,,16579,周杰伦 高音质,2026-07-31T14:06:15.904475+00:00
u1gYoQAcxro,https://www.youtube.com/watch?v=u1gYoQAcxro,《算什么男人》 周杰伦 【高音质歌词版】,kimlyric,UCgt3OgtS6sSfdD3hMY-Zkxg,285,,,,2232,周杰伦 高音质,2026-07-31T14:06:15.904475+00:00
_lYV7W50zjo,https://www.youtube.com/watch?v=_lYV7W50zjo,《红尘客栈》 周杰伦 【高音质歌词版】,kimlyric,UCgt3OgtS6sSfdD3hMY-Zkxg,273,,,,32052,周杰伦 4K MV | 周杰伦 官方 MV | 周杰伦 歌词版 | 周杰伦 高音质,2026-07-31T14:06:15.904475+00:00
mVQ1Ym3O7jw,https://www.youtube.com/watch?v=mVQ1Ym3O7jw,《红颜如霜》 周杰伦 【高音质歌词版】,kimlyric,UCgt3OgtS6sSfdD3hMY-Zkxg,257,,,,2568,周杰伦 高音质,2026-07-31T14:06:15.904475+00:00
y5EeVsLs4Lw,https://www.youtube.com/watch?v=y5EeVsLs4Lw,《红颜如霜》（Cover 周杰伦） 1080P 高清,是鲤枳啊,UCwAVxGVhFwNeJajMZ_cXa2Q,258,,,,38304,周杰伦 1080P MV,2026-07-31T14:06:15.904475+00:00
oKHeJYYS8b8,https://www.youtube.com/watch?v=oKHeJYYS8b8,《给我一首歌的时间》 周杰伦 【高音质歌词版】,kimlyric,UCgt3OgtS6sSfdD3hMY-Zkxg,252,,,,5946,周杰伦 高音质,2026-07-31T14:06:15.904475+00:00
FTXKrk8eN3o,https://www.youtube.com/watch?v=FTXKrk8eN3o,《给我一首歌的时间》--周杰伦｜歌词版/Lyrics Video-Give Me The Time Of One Song -- Jay Chou: English Translation,TUDO‘s AudioVisual,UCcBUw4rGDvCTleeOaUn-Ojg,256,,,,118,周杰伦 歌词版,2026-07-31T14:06:15.904475+00:00
pHPAgXrp3dw,https://www.youtube.com/watch?v=pHPAgXrp3dw,《芒果捞星闻》 Mango Star News:周杰伦演唱会 昆凌助力宣传high翻上海 【芒果TV官方版】,芒果TV心动 MangoTV Sparkle,UCLqfIlW6-tXfBg1rHx-RB3g,130,,,,1058,周杰伦 演唱会,2026-07-31T14:06:15.904475+00:00
uPfXNas0bKU,https://www.youtube.com/watch?v=uPfXNas0bKU,《芒果捞星闻》田馥甄送祝福给周杰伦宝宝 Mango News: Bless For Jay Chou's Baby From Hebe【芒果TV官方版】,芒果TV心动 MangoTV Sparkle,UCLqfIlW6-tXfBg1rHx-RB3g,81,,,,14981,周杰伦 1080P MV,2026-07-31T14:06:15.904475+00:00
-dn-WpicYq8,https://www.youtube.com/watch?v=-dn-WpicYq8,《花海》  周杰伦  歌词版,宅宅,UCWsvUmMF2XBvHdLS6__UV2w,262,,,,10281,周杰伦 歌词版,2026-07-31T14:06:15.904475+00:00
0-pMoNgoLeM,https://www.youtube.com/watch?v=0-pMoNgoLeM,《花海》 周杰伦 【高音质歌词版】,kimlyric,UCgt3OgtS6sSfdD3hMY-Zkxg,265,,,,6571,周杰伦 官方 MV | 周杰伦 歌词版 | 周杰伦 高音质,2026-07-31T14:06:15.904475+00:00
hD8YoNqnxtY,https://www.youtube.com/watch?v=hD8YoNqnxtY,《蒲公英的约定》 周杰伦 【高音质歌词版】D key,Jason Tan,UC6cVZXUf-Kfvw685iMzdkaA,247,,,,54,周杰伦 高音质,2026-07-31T14:06:15.904475+00:00
NreAEswJvCo,https://www.youtube.com/watch?v=NreAEswJvCo,《說了再見》搖滾版太酷了！｜太陽之子編曲｜周杰倫經典歌曲改編 Cover 翻唱完整版,平行世界華語音樂館,UCwvlCPOMumLPyDC8LUd7O1A,279,,,,267,周杰伦 完整版,2026-07-31T14:06:15.904475+00:00
BmqOPMSnP4Y,https://www.youtube.com/watch?v=BmqOPMSnP4Y,《誰稀罕》搖滾版太炸了！｜太陽之子編曲｜周杰倫 2026 新專輯改編 Cover 翻唱完整版,平行世界華語音樂館,UCwvlCPOMumLPyDC8LUd7O1A,246,,,,100,周杰伦 完整版,2026-07-31T14:06:15.904475+00:00
MNBfPXhUZTg,https://www.youtube.com/watch?v=MNBfPXhUZTg,《说好不哭》 周杰伦＆五月天-阿信 【高音质歌词版】,kimlyric,UCgt3OgtS6sSfdD3hMY-Zkxg,220,,,,4104,周杰伦 高音质,2026-07-31T14:06:15.904475+00:00
_JfHEo6RGek,https://www.youtube.com/watch?v=_JfHEo6RGek,《请与这样的我恋爱吧》 第1期：周杰伦演唱会diss前男友的小仙女来相亲，吐槽清华优质男“令人窒息,中国卫星游戏节目频道 Chinese Show Channel,UCepQ2XUko4LUM4DaJKkMN3g,3831,,,,94395,周杰伦 演唱会,2026-07-31T14:06:15.904475+00:00
5EKyjAmb7Vc,https://www.youtube.com/watch?v=5EKyjAmb7Vc,《轨迹》 周杰伦 【高音质歌词版】,kimlyric,UCgt3OgtS6sSfdD3hMY-Zkxg,325,,,,16146,周杰伦 高音质,2026-07-31T14:06:15.904475+00:00
lnCcL1FlvkM,https://www.youtube.com/watch?v=lnCcL1FlvkM,《轨迹》——周杰伦,Max Chou,UCegFOYDxKlTeGLYSq3yxRmQ,328,,,,136,周杰伦 杰威尔音乐,2026-07-31T14:06:15.904475+00:00
jANnnvFCyE0,https://www.youtube.com/watch?v=jANnnvFCyE0,《退后》 周杰伦 【高音质歌词版】,kimlyric,UCgt3OgtS6sSfdD3hMY-Zkxg,260,,,,5566,周杰伦 官方 MV | 周杰伦 歌词版 | 周杰伦 高音质,2026-07-31T14:06:15.904475+00:00
vo27I3iqspo,https://www.youtube.com/watch?v=vo27I3iqspo,《還在變胖》周董聽了會不會想揍我！,KiddyLee周全,UCcZ-3jeT08QHNvJL0EE2b2g,224,,,,3822,周杰伦 Sony Music Taiwan,2026-07-31T14:06:15.904475+00:00
_OyLQXKht98,https://www.youtube.com/watch?v=_OyLQXKht98,《那天下雨了》AI概念MV-做AI短剧前，我先做了一支MV～,Director Park | AI Cinema,UCAH3YBRFuXp19RUncutYUyw,212,,,,3,周杰伦 专辑 | 周杰伦 官方 MV | 周杰伦 歌曲,2026-07-31T14:06:15.904475+00:00
eBJrC2cWAAQ,https://www.youtube.com/watch?v=eBJrC2cWAAQ,《那天下雨了》动画MV | 周杰伦 原来最暖的晴天，是共撑一伞的雨，迟来的明白，淋湿了遗憾，却浇开了守护的花,二十四杯纯牛奶,UCnD13cHZZhLYI9_QdjZ4m9w,224,,,,1521,周杰伦 4K MV,2026-07-31T14:06:15.904475+00:00
Ui_d46ktfyw,https://www.youtube.com/watch?v=Ui_d46ktfyw,《青花瓷》 周杰伦 【高音质歌词版】,kimlyric,UCgt3OgtS6sSfdD3hMY-Zkxg,237,,,,50927,周杰伦 官方 MV,2026-07-31T14:06:15.904475+00:00
Mm-BPQDVdsM,https://www.youtube.com/watch?v=Mm-BPQDVdsM,《音質升級》周杰倫 2005錢櫃【髮如雪】Live 純享版,Jay Pop,UCHyUYzodGRNPcIPpwacr0lA,282,,,,5063,周杰伦 现场 Live,2026-07-31T14:06:15.904475+00:00
JavdMqOgQp4,https://www.youtube.com/watch?v=JavdMqOgQp4,《鲁豫有约》- 周杰伦现场蛇舞,Joe Hu,UCN9jNhNibGzfq-av89EbUWw,46,,,,39401,周杰伦 现场 Live,2026-07-31T14:06:15.904475+00:00
_9mbokq7Q4o,https://www.youtube.com/watch?v=_9mbokq7Q4o,《黑色幽默》 周杰伦 【高音质歌词版】,kimlyric,UCgt3OgtS6sSfdD3hMY-Zkxg,283,,,,2996,周杰伦 歌词版 | 周杰伦 高音质,2026-07-31T14:06:15.904475+00:00
unjH2v7h_nk,https://www.youtube.com/watch?v=unjH2v7h_nk,《龙卷风》 周杰伦 【高音质歌词版】,kimlyric,UCgt3OgtS6sSfdD3hMY-Zkxg,247,,,,5277,周杰伦 歌词版 | 周杰伦 高音质,2026-07-31T14:06:15.904475+00:00
TV-poHjMBHg,https://www.youtube.com/watch?v=TV-poHjMBHg,「倒影」演唱#周杰倫 ［好歌听不厌］高音质,爱听歌的小猫,UCoJpDItr2O301o8AVa2bU_Q,234,,,,75,周杰伦 高音质,2026-07-31T14:06:15.904475+00:00
URVmqb26NoU,https://www.youtube.com/watch?v=URVmqb26NoU,「周杰倫限定珍藏DEMO空間」 收錄5首DEMO,周杰倫 Jay Chou,UC8CU5nVhCQIdAGrFFp4loOQ,299,,,,295627,周杰伦 4K MV | 周杰伦 JVR Music | 周杰伦 Official Music Video | 周杰伦 lyric video | 周杰伦 完整版 | 周杰伦 歌曲 | 周杰伦 歌词版 | 周杰伦 高音质,2026-07-31T14:06:15.904475+00:00
_iiaJ0EV2sM,https://www.youtube.com/watch?v=_iiaJ0EV2sM,「嚇！女孩心機篇」無双天下幕後花絮,無双 Musou,UC1EEHgSS_AQ2Oz07mxDUENg,54,,,,3848,周杰伦 Sony Music Taiwan,2026-07-31T14:06:15.904475+00:00
7TniihnHltA,https://www.youtube.com/watch?v=7TniihnHltA,「夢想啟動」拍攝花絮 mp4,台灣索尼音樂 Sony Music Taiwan,UCFtUq0ml-coWmD70Pt_urRA,193,,,,902,周杰伦 Sony Music Taiwan,2026-07-31T14:06:15.904475+00:00
teDcIkS_8Ek,https://www.youtube.com/watch?v=teDcIkS_8Ek,"「范特西」(音同Fantasy)-周杰伦的第二张专辑，充分反射出杰伦思绪充沛的一面,他独特的想像空间,可说是构成此张专辑的主要原动力，全集无损。",1k音乐流行歌曲 music,UCYmgdGvzSCycXOX-bUU0-kA,2378,,,,1094,周杰伦 专辑,2026-07-31T14:06:15.904475+00:00
wgc7nZvwMwU,https://www.youtube.com/watch?v=wgc7nZvwMwU,『九三』七里香 周杰伦 完整版 翻唱  cover,九三的耳朵不是特别好 Official,UCuD28Nfkwmc-bgC8k7SuBWQ,133,,,,53536,周杰伦 完整版,2026-07-31T14:06:15.904475+00:00
fWogmpulB1M,https://www.youtube.com/watch?v=fWogmpulB1M,『昆凌福利剪辑』周杰倫 Jay Chou【Mojito】 Lyrics with Pinyin & English / Thai Translation,Irene Kee,UCcoj0jKz90IsFAPkBRVOCyQ,193,,,,628,周杰伦 1080P MV,2026-07-31T14:06:15.904475+00:00
FO-xR6MoeUY,https://www.youtube.com/watch?v=FO-xR6MoeUY,【 Ven 】Special Jay Chou 周杰伦《退后 x 发如雪 x 七里香 x 默 x 最长的电影 x 花海》Electro Remix 2023,Steven Lie,UC0iftwCxMfNDd0xzJTJfBEg,3847,,,,43072,周杰伦 Official Music Video,2026-07-31T14:06:15.904475+00:00
M07xxAXUFLE,https://www.youtube.com/watch?v=M07xxAXUFLE,【 周杰伦】经典高品质音乐120首 / Jay承包你一整天的音乐时间 / 收藏慢慢听,爱音乐的金鱼姬,UCTcVFVf7Sdbh6NZKE7ep-ew,30413,,,,2804912,周杰伦 Official Music Video | 周杰伦 专辑 | 周杰伦 完整版 | 周杰伦 歌曲 | 周杰伦 高音质,2026-07-31T14:06:15.904475+00:00
6RWKs2zamXg,https://www.youtube.com/watch?v=6RWKs2zamXg,【 周杰倫 - 甜甜的 】 MV cover by 莫莫Memo,莫莫Nemo,UCG3O_BjCk8MIq_rdOlvRJSA,223,,,,2186,周杰伦 4K MV,2026-07-31T14:06:15.904475+00:00
sAmabErV1Kg,https://www.youtube.com/watch?v=sAmabErV1Kg,【 稻香 周杰倫 】薩克斯風 YDS150 / YDS120 | LIVE MUSIC 現場演奏 | BUSKER 街頭藝人,電薩達人 DigitalSaxPro,UCVvSaktIp_Aa0rzLWV0O91g,74,,,,2123,周杰伦 现场 Live,2026-07-31T14:06:15.904475+00:00
5_ptM6ypGpg,https://www.youtube.com/watch?v=5_ptM6ypGpg,【#2008康熙選播完整版 36】2008.10.23 周杰倫魔術秀 宇宙大首播,我愛貓大,UC-z9BI8hMHNPrvnccyWgjyg,2551,,,,77117,周杰伦 完整版,2026-07-31T14:06:15.904475+00:00
ZSG0-3PW8g8,https://www.youtube.com/watch?v=ZSG0-3PW8g8,【#康熙隨選精華 1568】周杰倫的J大樓 陳漢典也能住進去?!,我愛貓大,UC-z9BI8hMHNPrvnccyWgjyg,601,,,,14186,周杰伦 完整版,2026-07-31T14:06:15.904475+00:00
JCxC7Z6PiwA,https://www.youtube.com/watch?v=JCxC7Z6PiwA,【#野狗骨头】“你是我这辈最特别的那个人” | 完整小说《谍报上不封顶》FULL #一口气看完 #宋威龙 #张婧仪 #loveforyou #cdrama,仟壹说书-QianYi,UCTkJD50dDPMB5K_o2oi7_bQ,40447,,,,133,周杰伦 完整版,2026-07-31T14:06:15.904475+00:00
_P012yBoEhw,https://www.youtube.com/watch?v=_P012yBoEhw,【1080p·重制】周杰伦  大头贴MV 1080p修复版【发行于2006年】,4K流年,UCKq3pHCnxwpcBA6wAb5N__A,135,,,,1957,周杰伦 1080P MV,2026-07-31T14:06:15.904475+00:00
25IxRcS6inA,https://www.youtube.com/watch?v=25IxRcS6inA,【1080P】周杰伦2013魔天伦世界巡回演唱会上海首站《轨迹》,izhoujielun,UC4u8N6sHewS9IDvCdDhTVkQ,41,,,,3640,周杰伦 1080P MV,2026-07-31T14:06:15.904475+00:00
HWjB34DFBgo,https://www.youtube.com/watch?v=HWjB34DFBgo,【1080P】周杰倫演唱會香港第二場 《世界末日》,Kilun,UCVB2mC4FyicvsjfQJLbyuxw,125,,,,3181,周杰伦 1080P MV,2026-07-31T14:06:15.904475+00:00
tnP6ng1g4H4,https://www.youtube.com/watch?v=tnP6ng1g4H4,【1080P修复】周杰伦   夜的第七章MV修复版 1080P 高清 HEVC,小林童鞋,UCNlxOt5QkpRHliZ6piT-YUg,228,,,,75,周杰伦 1080P MV,2026-07-31T14:06:15.904475+00:00
67F3mNdyLxU,https://www.youtube.com/watch?v=67F3mNdyLxU,【1080P修复】周杰伦   暗号MV   TG·CH,华语娱乐汇总,UCQgoucumwvv70WxGeK_nJUA,268,,,,12,周杰伦 1080P MV,2026-07-31T14:06:15.904475+00:00
McGmH0bua7Q,https://www.youtube.com/watch?v=McGmH0bua7Q,【1080P修复】周杰伦   花海MV修复版,深情不止爱,UChmIIfGDIIyhA9A6mDXpVEg,266,,,,798,周杰伦 1080P MV,2026-07-31T14:06:15.904475+00:00
_U7Jy4HYM00,https://www.youtube.com/watch?v=_U7Jy4HYM00,【1080P修复】周杰倫 Jay Chou【跨時代 The Era】MV,Kilun,UCVB2mC4FyicvsjfQJLbyuxw,218,,,,331,周杰伦 1080P MV,2026-07-31T14:06:15.904475+00:00
cUNE1QaTW9o,https://www.youtube.com/watch?v=cUNE1QaTW9o,【1080P修复版】世界末日 - 演唱会脱衣 - 周杰伦,調教Video,UC93TN3dbSlznrtwkhJuIUZQ,261,,,,5384,周杰伦 1080P MV,2026-07-31T14:06:15.904475+00:00
bmNXOsEgL8s,https://www.youtube.com/watch?v=bmNXOsEgL8s,【1080P修復】周杰倫《 退後》 MV （Hebe友情出演）,Kilun,UCVB2mC4FyicvsjfQJLbyuxw,303,,,,5158,周杰伦 1080P MV,2026-07-31T14:06:15.904475+00:00
0pQf0t0CSA0,https://www.youtube.com/watch?v=0pQf0t0CSA0,【1080P原版】（周杰伦）不能说的秘密【戴上耳机】,橘青Orangreen,UCQW5mpPz_dbM09tWh_5Cgxw,297,,,,83,周杰伦 1080P MV,2026-07-31T14:06:15.904475+00:00
YJicKCyXyw0,https://www.youtube.com/watch?v=YJicKCyXyw0,【1080P高清修复】周杰伦《发如雪》,Kilun,UCVB2mC4FyicvsjfQJLbyuxw,303,,,,932,周杰伦 1080P MV,2026-07-31T14:06:15.904475+00:00
cXgFN7dTEvU,https://www.youtube.com/watch?v=cXgFN7dTEvU,【1080P｜悉尼嘉年華】時隔兩個月 周杰倫又一次唱起《七里香》,Jay Love,UC2IZ-blOKyN8mX7y35P-klw,402,,,,3437,周杰伦 1080P MV,2026-07-31T14:06:15.904475+00:00
4iDMpafLb6E,https://www.youtube.com/watch?v=4iDMpafLb6E,【1080合集】周杰伦2000~2011发行MV 1080P修复版合集   101 【魔杰座】魔术先生,曹恩泽,UCNkyws3-0Y4ba8QljKm7MFA,190,,,,9,周杰伦 1080P MV,2026-07-31T14:06:15.904475+00:00
O6C9Lls3gaY,https://www.youtube.com/watch?v=O6C9Lls3gaY,【1080合集】周杰伦2000~2011发行MV 1080P修复版合集   104 【魔杰座】乔克叔叔,曹恩泽,UCNkyws3-0Y4ba8QljKm7MFA,256,,,,5,周杰伦 1080P MV,2026-07-31T14:06:15.904475+00:00
8gdYXXOm_RA,https://www.youtube.com/watch?v=8gdYXXOm_RA,【1080合集】周杰伦2000~2011发行MV 1080P修复版合集   107 【2009】画沙 With 袁咏琳,曹恩泽,UCNkyws3-0Y4ba8QljKm7MFA,275,,,,10,周杰伦 1080P MV,2026-07-31T14:06:15.904475+00:00
vd6sL37Tojo,https://www.youtube.com/watch?v=vd6sL37Tojo,【1080合集】周杰伦2000~2011发行MV 1080P修复版合集   11 【范特西】爱在西元前,曹恩泽,UCNkyws3-0Y4ba8QljKm7MFA,239,,,,9,周杰伦 1080P MV,2026-07-31T14:06:15.904475+00:00
ZKb8AegBuf0,https://www.youtube.com/watch?v=ZKb8AegBuf0,【1080合集】周杰伦2000~2011发行MV 1080P修复版合集   110 【跨时代】好久不见,曹恩泽,UCNkyws3-0Y4ba8QljKm7MFA,251,,,,14,周杰伦 1080P MV,2026-07-31T14:06:15.904475+00:00
iGlF1X7ds-g,https://www.youtube.com/watch?v=iGlF1X7ds-g,【1080合集】周杰伦2000~2011发行MV 1080P修复版合集   112 【跨时代】嘻哈空姐,曹恩泽,UCNkyws3-0Y4ba8QljKm7MFA,171,,,,8,周杰伦 1080P MV,2026-07-31T14:06:15.904475+00:00
zqAQzj1x67Q,https://www.youtube.com/watch?v=zqAQzj1x67Q,【1080合集】周杰伦2000~2011发行MV 1080P修复版合集   114 【跨时代】说了再见,曹恩泽,UCNkyws3-0Y4ba8QljKm7MFA,284,,,,11,周杰伦 1080P MV,2026-07-31T14:06:15.904475+00:00
bY1TdaxbllM,https://www.youtube.com/watch?v=bY1TdaxbllM,【1080合集】周杰伦2000~2011发行MV 1080P修复版合集   115 【跨时代】烟花易冷,曹恩泽,UCNkyws3-0Y4ba8QljKm7MFA,274,,,,30,周杰伦 1080P MV,2026-07-31T14:06:15.904475+00:00
GyoWmydRUhg,https://www.youtube.com/watch?v=GyoWmydRUhg,【1080合集】周杰伦2000~2011发行MV 1080P修复版合集   116 【跨时代】自导自演,曹恩泽,UCNkyws3-0Y4ba8QljKm7MFA,253,,,,29,周杰伦 杰威尔音乐,2026-07-31T14:06:15.904475+00:00
NSByHK3_eBk,https://www.youtube.com/watch?v=NSByHK3_eBk,【1080合集】周杰伦2000~2011发行MV 1080P修复版合集   117 【2011】天地一斗 With 科比,曹恩泽,UCNkyws3-0Y4ba8QljKm7MFA,188,,,,22,周杰伦 1080P MV,2026-07-31T14:06:15.904475+00:00
1OdvUoidiso,https://www.youtube.com/watch?v=1OdvUoidiso,【1080合集】周杰伦2000~2011发行MV 1080P修复版合集   12 【范特西】简单爱,曹恩泽,UCNkyws3-0Y4ba8QljKm7MFA,268,,,,9,周杰伦 1080P MV,2026-07-31T14:06:15.904475+00:00
cJzktqMZevI,https://www.youtube.com/watch?v=cJzktqMZevI,【1080合集】周杰伦2000~2011发行MV 1080P修复版合集   16 【范特西】安静,曹恩泽,UCNkyws3-0Y4ba8QljKm7MFA,330,,,,26,周杰伦 1080P MV,2026-07-31T14:06:15.904475+00:00
Mwf5Ijia3jc,https://www.youtube.com/watch?v=Mwf5Ijia3jc,【1080合集】周杰伦2000~2011发行MV 1080P修复版合集   19 【范特西】爸我回来了,曹恩泽,UCNkyws3-0Y4ba8QljKm7MFA,230,,,,9,周杰伦 1080P MV,2026-07-31T14:06:15.904475+00:00
CrxMVuH1rKQ,https://www.youtube.com/watch?v=CrxMVuH1rKQ,【1080合集】周杰伦2000~2011发行MV 1080P修复版合集   23 【Fantasy Plus】你比从前快乐,曹恩泽,UCNkyws3-0Y4ba8QljKm7MFA,201,,,,12,周杰伦 1080P MV,2026-07-31T14:06:15.904475+00:00
s0adIdwA2cs,https://www.youtube.com/watch?v=s0adIdwA2cs,【1080合集】周杰伦2000~2011发行MV 1080P修复版合集   25 【八度空间】龙拳,曹恩泽,UCNkyws3-0Y4ba8QljKm7MFA,277,,,,7,周杰伦 1080P MV,2026-07-31T14:06:15.904475+00:00
IDsN8qEQcg0,https://www.youtube.com/watch?v=IDsN8qEQcg0,【1080合集】周杰伦2000~2011发行MV 1080P修复版合集   27 【八度空间】半岛铁盒,曹恩泽,UCNkyws3-0Y4ba8QljKm7MFA,320,,,,16,周杰伦 1080P MV,2026-07-31T14:06:15.904475+00:00
LL_DOuZbDMs,https://www.youtube.com/watch?v=LL_DOuZbDMs,【1080合集】周杰伦2000~2011发行MV 1080P修复版合集   29 【八度空间】分裂,曹恩泽,UCNkyws3-0Y4ba8QljKm7MFA,268,,,,14,周杰伦 1080P MV,2026-07-31T14:06:15.904475+00:00
TkaQ8DaD3Yk,https://www.youtube.com/watch?v=TkaQ8DaD3Yk,【1080合集】周杰伦2000~2011发行MV 1080P修复版合集   30 【八度空间】火车叨位去,曹恩泽,UCNkyws3-0Y4ba8QljKm7MFA,276,,,,6,周杰伦 1080P MV,2026-07-31T14:06:15.904475+00:00
631PuUIurOQ,https://www.youtube.com/watch?v=631PuUIurOQ,【1080合集】周杰伦2000~2011发行MV 1080P修复版合集   32 【八度空间】米兰的小铁匠,曹恩泽,UCNkyws3-0Y4ba8QljKm7MFA,240,,,,8,周杰伦 1080P MV,2026-07-31T14:06:15.904475+00:00
ZHaiejCvUHg,https://www.youtube.com/watch?v=ZHaiejCvUHg,【1080合集】周杰伦2000~2011发行MV 1080P修复版合集   33 【八度空间】最后的战役 电影版,曹恩泽,UCNkyws3-0Y4ba8QljKm7MFA,853,,,,16,周杰伦 1080P MV,2026-07-31T14:06:15.904475+00:00
xybg7eBBmKQ,https://www.youtube.com/watch?v=xybg7eBBmKQ,【1080合集】周杰伦2000~2011发行MV 1080P修复版合集   35 【叶惠美】东风破,曹恩泽,UCNkyws3-0Y4ba8QljKm7MFA,314,,,,9,周杰伦 1080P MV,2026-07-31T14:06:15.904475+00:00
h_w9ffuSIfY,https://www.youtube.com/watch?v=h_w9ffuSIfY,【1080合集】周杰伦2000~2011发行MV 1080P修复版合集   37 【叶惠美】你听得到 剧场版 第二段副歌无和声,曹恩泽,UCNkyws3-0Y4ba8QljKm7MFA,229,,,,7,周杰伦 1080P MV,2026-07-31T14:06:15.904475+00:00
Zkp5zpv8rDM,https://www.youtube.com/watch?v=Zkp5zpv8rDM,【1080合集】周杰伦2000~2011发行MV 1080P修复版合集   38 【叶惠美】你听得到艺人版,曹恩泽,UCNkyws3-0Y4ba8QljKm7MFA,279,,,,21,周杰伦 1080P MV,2026-07-31T14:06:15.904475+00:00
IW4aCX6unWk,https://www.youtube.com/watch?v=IW4aCX6unWk,【1080合集】周杰伦2000~2011发行MV 1080P修复版合集   41 【叶惠美】三年二班       许光汉出演,曹恩泽,UCNkyws3-0Y4ba8QljKm7MFA,460,,,,33,周杰伦 1080P MV,2026-07-31T14:06:15.904475+00:00
BAvpAIQAdTM,https://www.youtube.com/watch?v=BAvpAIQAdTM,【1080合集】周杰伦2000~2011发行MV 1080P修复版合集   48 【寻找周杰伦】断了的弦,曹恩泽,UCNkyws3-0Y4ba8QljKm7MFA,299,,,,48,周杰伦 1080P MV,2026-07-31T14:06:15.904475+00:00
39B8XyHTo_Q,https://www.youtube.com/watch?v=39B8XyHTo_Q,【1080合集】周杰伦2000~2011发行MV 1080P修复版合集   50 【七里香】搁浅,曹恩泽,UCNkyws3-0Y4ba8QljKm7MFA,265,,,,17,周杰伦 1080P MV,2026-07-31T14:06:15.904475+00:00
g9aKkkSf2a4,https://www.youtube.com/watch?v=g9aKkkSf2a4,【1080合集】周杰伦2000~2011发行MV 1080P修复版合集   51 【七里香】我的地盘,曹恩泽,UCNkyws3-0Y4ba8QljKm7MFA,251,,,,10,周杰伦 1080P MV,2026-07-31T14:06:15.904475+00:00
1iwlq-EzsGo,https://www.youtube.com/watch?v=1iwlq-EzsGo,【1080合集】周杰伦2000~2011发行MV 1080P修复版合集   52 【七里香】借口,曹恩泽,UCNkyws3-0Y4ba8QljKm7MFA,268,,,,2,周杰伦 1080P MV,2026-07-31T14:06:15.904475+00:00
b0rxIAV6d7s,https://www.youtube.com/watch?v=b0rxIAV6d7s,【1080合集】周杰伦2000~2011发行MV 1080P修复版合集   54 【七里香】止战之殇,曹恩泽,UCNkyws3-0Y4ba8QljKm7MFA,276,,,,8,周杰伦 1080P MV,2026-07-31T14:06:15.904475+00:00
t4KRcgh5pM8,https://www.youtube.com/watch?v=t4KRcgh5pM8,【1080合集】周杰伦2000~2011发行MV 1080P修复版合集   55 【七里香】将军,曹恩泽,UCNkyws3-0Y4ba8QljKm7MFA,212,,,,20,周杰伦 1080P MV,2026-07-31T14:06:15.904475+00:00
eXqOhRm7h5I,https://www.youtube.com/watch?v=eXqOhRm7h5I,【1080合集】周杰伦2000~2011发行MV 1080P修复版合集   56 【七里香】困兽之斗,曹恩泽,UCNkyws3-0Y4ba8QljKm7MFA,270,,,,4,周杰伦 1080P MV,2026-07-31T14:06:15.904475+00:00
2BUdsb7DJKg,https://www.youtube.com/watch?v=2BUdsb7DJKg,【1080合集】周杰伦2000~2011发行MV 1080P修复版合集   57 【七里香】乱舞春秋,曹恩泽,UCNkyws3-0Y4ba8QljKm7MFA,286,,,,15,周杰伦 1080P MV,2026-07-31T14:06:15.904475+00:00
3lrCWFz7aX8,https://www.youtube.com/watch?v=3lrCWFz7aX8,【1080合集】周杰伦2000~2011发行MV 1080P修复版合集   60 【十一月的萧邦】浪漫手机,曹恩泽,UCNkyws3-0Y4ba8QljKm7MFA,278,,,,5,周杰伦 1080P MV,2026-07-31T14:06:15.904475+00:00
NxM5Wzs0Ki8,https://www.youtube.com/watch?v=NxM5Wzs0Ki8,【1080合集】周杰伦2000~2011发行MV 1080P修复版合集   63 【十一月的萧邦】黑色毛衣,曹恩泽,UCNkyws3-0Y4ba8QljKm7MFA,253,,,,29,周杰伦 1080P MV,2026-07-31T14:06:15.904475+00:00
BM5PyXN0YUU,https://www.youtube.com/watch?v=BM5PyXN0YUU,【1080合集】周杰伦2000~2011发行MV 1080P修复版合集   64 【十一月的萧邦】蓝色风暴,曹恩泽,UCNkyws3-0Y4ba8QljKm7MFA,287,,,,6,周杰伦 1080P MV,2026-07-31T14:06:15.904475+00:00
-YDdj3mLpwI,https://www.youtube.com/watch?v=-YDdj3mLpwI,【1080合集】周杰伦2000~2011发行MV 1080P修复版合集   65 【十一月的萧邦】珊瑚海 Feat 梁心颐,曹恩泽,UCNkyws3-0Y4ba8QljKm7MFA,261,,,,13,周杰伦 1080P MV,2026-07-31T14:06:15.904475+00:00
i1Mg7sAQ1iI,https://www.youtube.com/watch?v=i1Mg7sAQ1iI,【1080合集】周杰伦2000~2011发行MV 1080P修复版合集   67 【十一月的萧邦】逆鳞,曹恩泽,UCNkyws3-0Y4ba8QljKm7MFA,250,,,,9,周杰伦 1080P MV,2026-07-31T14:06:15.904475+00:00
iLxKebUs8O8,https://www.youtube.com/watch?v=iLxKebUs8O8,【1080合集】周杰伦2000~2011发行MV 1080P修复版合集   69 【十一月的萧邦】飘移,曹恩泽,UCNkyws3-0Y4ba8QljKm7MFA,228,,,,11,周杰伦 1080P MV,2026-07-31T14:06:15.904475+00:00
KmMW8gzK9d8,https://www.youtube.com/watch?v=KmMW8gzK9d8,【1080合集】周杰伦2000~2011发行MV 1080P修复版合集   74 【依然范特西】红模仿,曹恩泽,UCNkyws3-0Y4ba8QljKm7MFA,183,,,,5,周杰伦 1080P MV,2026-07-31T14:06:15.904475+00:00
Mfc50ffF0rI,https://www.youtube.com/watch?v=Mfc50ffF0rI,【1080合集】周杰伦2000~2011发行MV 1080P修复版合集   77 【依然范特西】听妈妈的话,曹恩泽,UCNkyws3-0Y4ba8QljKm7MFA,264,,,,30,周杰伦 1080P MV,2026-07-31T14:06:15.904475+00:00
5axjptr8AfQ,https://www.youtube.com/watch?v=5axjptr8AfQ,【1080合集】周杰伦2000~2011发行MV 1080P修复版合集   78 【依然范特西】心雨,曹恩泽,UCNkyws3-0Y4ba8QljKm7MFA,271,,,,3,周杰伦 1080P MV,2026-07-31T14:06:15.904475+00:00
J8OnXMQRhKs,https://www.youtube.com/watch?v=J8OnXMQRhKs,【1080合集】周杰伦2000~2011发行MV 1080P修复版合集   81 【2006】霍元甲 Ver 2,曹恩泽,UCNkyws3-0Y4ba8QljKm7MFA,277,,,,8,周杰伦 1080P MV,2026-07-31T14:06:15.904475+00:00
3tRxUj7uq1A,https://www.youtube.com/watch?v=3tRxUj7uq1A,【1080合集】周杰伦2000~2011发行MV 1080P修复版合集   83 【2006】黄金甲,曹恩泽,UCNkyws3-0Y4ba8QljKm7MFA,219,,,,13,周杰伦 1080P MV,2026-07-31T14:06:15.904475+00:00
NMY5JWUJjEA,https://www.youtube.com/watch?v=NMY5JWUJjEA,【1080合集】周杰伦2000~2011发行MV 1080P修复版合集   84 【2007】不能说的秘密,曹恩泽,UCNkyws3-0Y4ba8QljKm7MFA,326,,,,13,周杰伦 1080P MV,2026-07-31T14:06:15.904475+00:00
3S8ZJqTvQJ0,https://www.youtube.com/watch?v=3S8ZJqTvQJ0,【1080合集】周杰伦2000~2011发行MV 1080P修复版合集   86 【我很忙】彩虹 Ver 2,曹恩泽,UCNkyws3-0Y4ba8QljKm7MFA,273,,,,7,周杰伦 1080P MV,2026-07-31T14:06:15.904475+00:00
xlO8KzLkk2U,https://www.youtube.com/watch?v=xlO8KzLkk2U,【1080合集】周杰伦2000~2011发行MV 1080P修复版合集   87 【我很忙】扯,曹恩泽,UCNkyws3-0Y4ba8QljKm7MFA,198,,,,8,周杰伦 1080P MV,2026-07-31T14:06:15.904475+00:00
GuxUD4SdpdE,https://www.youtube.com/watch?v=GuxUD4SdpdE,【1080合集】周杰伦2000~2011发行MV 1080P修复版合集   89 【我很忙】蒲公英的约定,曹恩泽,UCNkyws3-0Y4ba8QljKm7MFA,250,,,,9,周杰伦 1080P MV,2026-07-31T14:06:15.904475+00:00
i1d0awexKFI,https://www.youtube.com/watch?v=i1d0awexKFI,【1080合集】周杰伦2000~2011发行MV 1080P修复版合集   92 【我很忙】无双,曹恩泽,UCNkyws3-0Y4ba8QljKm7MFA,233,,,,17,周杰伦 1080P MV,2026-07-31T14:06:15.904475+00:00
SEwVGzZVpqM,https://www.youtube.com/watch?v=SEwVGzZVpqM,【1080合集】周杰伦2000~2011发行MV 1080P修复版合集   93 【我很忙】阳光宅男,曹恩泽,UCNkyws3-0Y4ba8QljKm7MFA,224,,,,4,周杰伦 1080P MV,2026-07-31T14:06:15.904475+00:00
tdQk--87Aso,https://www.youtube.com/watch?v=tdQk--87Aso,【1080合集】周杰伦2000~2011发行MV 1080P修复版合集   94 【我很忙】最长的电影,曹恩泽,UCNkyws3-0Y4ba8QljKm7MFA,238,,,,8,周杰伦 1080P MV,2026-07-31T14:06:15.904475+00:00
uHittnDO3mc,https://www.youtube.com/watch?v=uHittnDO3mc,【1080合集】周杰伦2000~2011发行MV 1080P修复版合集   95 【2008】千山万水（北京奥运会助力歌曲）,曹恩泽,UCNkyws3-0Y4ba8QljKm7MFA,247,,,,18,周杰伦 1080P MV,2026-07-31T14:06:15.904475+00:00
oeAHVHy8aJ8,https://www.youtube.com/watch?v=oeAHVHy8aJ8,【1080合集】周杰伦2000~2011发行MV 1080P修复版合集   97 【魔杰座】给我一首歌的时间,曹恩泽,UCNkyws3-0Y4ba8QljKm7MFA,253,,,,3,周杰伦 1080P MV,2026-07-31T14:06:15.904475+00:00
Iwq2Qvr23No,https://www.youtube.com/watch?v=Iwq2Qvr23No,【1818黄金眼】周杰伦演唱会没抢到票，逛“大莲花”舞台后付两万,1818黄金眼,UCDePf302Ax0fNRRTyNMJaHw,234,,,,1157,周杰伦 演唱会,2026-07-31T14:06:15.904475+00:00
_XSaa9f1-gg,https://www.youtube.com/watch?v=_XSaa9f1-gg,【1818黄金眼】女子花1080买票后表示：周杰伦演唱会几乎看不到周杰伦,1818黄金眼,UCDePf302Ax0fNRRTyNMJaHw,327,,,,2582,周杰伦 演唱会,2026-07-31T14:06:15.904475+00:00
oy_wpM0pd6I,https://www.youtube.com/watch?v=oy_wpM0pd6I,"【2026 7 月 新歌】2026 超好聽的中文歌單 ~ KKBOX華語單曲排行週榜 | 愛就一個字，總會有人，花海，Letting Go，門沒鎖|周杰倫 、林俊傑 JJ Lin,G.E.M.鄧紫棋",Douyin Song 2026,UCSmW-S-Qley8Me_9A52PHHg,,,,is_live,,周杰伦 歌曲,2026-07-31T14:06:15.904475+00:00
tQaPXsSRsH0,https://www.youtube.com/watch?v=tQaPXsSRsH0,"【2026 七月 新歌】2026 超好聽的中文歌單 | KKBOX華語單曲排行週榜 | 愛就一個字，總會有人，花海，Letting Go，門沒鎖|周杰倫 、林俊傑 JJ Lin,G.E.M.鄧紫棋",4kTQ-music,UCj9qf8PabBZuCWxUt3F1gyQ,,,,is_live,,周杰伦 歌曲,2026-07-31T14:06:15.904475+00:00
6pt2n1dF428,https://www.youtube.com/watch?v=6pt2n1dF428,【2026 七月 新歌】2026超好聽的中文歌單 | KKBOX華語單曲排行週榜 | 愛就一個字，總會有人，花海，Letting Go，門沒鎖 | 周杰倫、林俊傑 JJ Lin、G.E.M.鄧紫棋,4K Lyric - KKBOX,UCcQirKq_7ibz7qnlMtJmpOA,4188,,,was_live,85,周杰伦 lyric video,2026-07-31T14:06:15.904475+00:00
AYSKjRcEtzs,https://www.youtube.com/watch?v=AYSKjRcEtzs,【2026 七月 新歌】2026超好聽的中文歌單 | KKBOX華語單曲排行週榜 | 愛就一個字，總會有人，花海，Letting Go，門沒鎖 | 周杰倫、林俊傑 JJ Lin、G.E.M.鄧紫棋,4K Lyric - KKBOX,UCcQirKq_7ibz7qnlMtJmpOA,4198,,,was_live,44,周杰伦 lyric video,2026-07-31T14:06:15.904475+00:00
COw8BRSS6jU,https://www.youtube.com/watch?v=COw8BRSS6jU,【2026 七月 新歌】2026超好聽的中文歌單 | KKBOX華語單曲排行週榜 | 愛就一個字，總會有人，花海，Letting Go，門沒鎖 | 周杰倫、林俊傑 JJ Lin、G.E.M.鄧紫棋,青春之声,UCMoWVuhimBFfC0kO9aP-VkQ,,,,is_live,,周杰伦 歌曲,2026-07-31T14:06:15.904475+00:00
FGhbEA7vQCY,https://www.youtube.com/watch?v=FGhbEA7vQCY,【2026 七月 新歌】2026超好聽的中文歌單 | KKBOX華語單曲排行週榜 | 愛就一個字，總會有人，花海，Letting Go，門沒鎖 | 周杰倫、林俊傑 JJ Lin、G.E.M.鄧紫棋,4kTQ-music,UCj9qf8PabBZuCWxUt3F1gyQ,2866,,,was_live,6424,周杰伦 歌曲,2026-07-31T14:06:15.904475+00:00
Htj1U4FUiuM,https://www.youtube.com/watch?v=Htj1U4FUiuM,【2026 七月 新歌】2026超好聽的中文歌單 | KKBOX華語單曲排行週榜 | 愛就一個字，總會有人，花海，Letting Go，門沒鎖 | 周杰倫、林俊傑 JJ Lin、G.E.M.鄧紫棋,4K Lyric - KKBOX,UCcQirKq_7ibz7qnlMtJmpOA,4199,,,was_live,115,周杰伦 lyric video,2026-07-31T14:06:15.904475+00:00
Pq-jsaoogPM,https://www.youtube.com/watch?v=Pq-jsaoogPM,【2026 七月 新歌】2026超好聽的中文歌單 | KKBOX華語單曲排行週榜 | 愛就一個字，總會有人，花海，Letting Go，門沒鎖 | 周杰倫、林俊傑 JJ Lin、G.E.M.鄧紫棋,青春之声,UCMoWVuhimBFfC0kO9aP-VkQ,13542,,,was_live,2270,周杰伦 高音质,2026-07-31T14:06:15.904475+00:00
Xoq3FSboU_Q,https://www.youtube.com/watch?v=Xoq3FSboU_Q,【2026 七月 新歌】2026超好聽的中文歌單 | KKBOX華語單曲排行週榜 | 愛就一個字，總會有人，花海，Letting Go，門沒鎖 | 周杰倫、林俊傑 JJ Lin、G.E.M.鄧紫棋,4K Lyric - KKBOX,UCcQirKq_7ibz7qnlMtJmpOA,4187,,,was_live,51,周杰伦 lyric video,2026-07-31T14:06:15.904475+00:00
mAngWfAKHD4,https://www.youtube.com/watch?v=mAngWfAKHD4,【2026 七月 新歌】2026超好聽的中文歌單 | KKBOX華語單曲排行週榜 | 愛就一個字，總會有人，花海，Letting Go，門沒鎖 | 周杰倫、林俊傑 JJ Lin、G.E.M.鄧紫棋,音乐盒 and Yīnyuè Playlist,,4668,,,was_live,19870,周杰伦 官方 MV | 周杰伦 歌曲,2026-07-31T14:06:15.904475+00:00
uOkkTgbCjWo,https://www.youtube.com/watch?v=uOkkTgbCjWo,【2026 七月 新歌】2026超好聽的中文歌單 | KKBOX華語單曲排行週榜 | 愛就一個字，總會有人，花海，Letting Go，門沒鎖 | 周杰倫、林俊傑 JJ Lin、G.E.M.鄧紫棋,4K Lyric - KKBOX,UCcQirKq_7ibz7qnlMtJmpOA,4192,,,was_live,689,周杰伦 lyric video,2026-07-31T14:06:15.904475+00:00
dVjQcCBPt9o,https://www.youtube.com/watch?v=dVjQcCBPt9o,【2026 七月新歌】2026超好聽的中文歌單 | KKBOX華語單曲排行週榜 | 愛就一個字，總會有人，花海，Letting Go，門沒鎖 | 周杰倫、林俊傑 JJ Lin、G.E.M.鄧紫棋,4K Lyric - KKBOX,UCcQirKq_7ibz7qnlMtJmpOA,4197,,,was_live,62,周杰伦 lyric video,2026-07-31T14:06:15.904475+00:00
482IpQJbfRA,https://www.youtube.com/watch?v=482IpQJbfRA,【2026 三月 新歌】2026超好聽的中文歌單 | KKBOX華語單曲排行週榜 | 愛就一個字，總會有人，花海，Letting Go，門沒鎖 | 周杰倫、林俊傑 JJ Lin、G.E.M.鄧紫棋,4K Melody Box,UC92dVqSBG3FZcyHR5IXNKGg,3115,,,,131532,周杰伦 歌曲,2026-07-31T14:06:15.904475+00:00
xnT59nMzM3M,https://www.youtube.com/watch?v=xnT59nMzM3M,【2026 三月 新歌】2026超好聽的中文歌單 | KKBOX華語單曲排行週榜 | 愛就一個字，總會有人，花海，Letting Go，門沒鎖 | 周杰倫、林俊傑 JJ Lin、G.E.M.鄧紫棋,韩宝仪 不滅經典,UCnJgbp8kcJBtNm5q9kJ_EBQ,,,,is_live,,周杰伦 歌曲 | 周杰伦 高音质,2026-07-31T14:06:15.904475+00:00
2UUWWRuVMco,https://www.youtube.com/watch?v=2UUWWRuVMco,"【2026 五月新歌】2026超好聽的中文歌單 | KKBOX華語單曲排行週榜 | 愛就一個字，總會有人，花海，Letting Go，門沒鎖|周杰倫 、林俊傑 JJ Lin,G.E.M.鄧紫棋",4K Leaf Music,UCbYaW4qImc-Pno_C8HrJPUQ,,,,is_live,,Jay Chou Official MV | 周杰伦 4K MV | 周杰伦 专辑 | 周杰伦 歌曲 | 周杰伦 高音质,2026-07-31T14:06:15.904475+00:00
z_nSP8b8Ofo,https://www.youtube.com/watch?v=z_nSP8b8Ofo,【2026最新都市剧】精英女机长 05丨从平凡女孩到航空精英，她一路披荆斩棘、破茧蜕变，在万米高空成就事业巅峰并收获真挚爱情！#王丽坤 #王凯,都市恋影剧场,UCek1wNMhQfUAsD2v1sOXGXQ,9937,,,,38,周杰伦 完整版,2026-07-31T14:06:15.904475+00:00
5oVMmpvJc9s,https://www.youtube.com/watch?v=5oVMmpvJc9s,【30分钟无损音乐畅享】【周杰伦+王力宏+林俊杰】经典合集！1080P,零距离MusicChannel,UC98eRW9GgHVfB-93pJTDZow,1660,,,,5233,周杰伦 高音质,2026-07-31T14:06:15.904475+00:00
J1O-nxK9JMc,https://www.youtube.com/watch?v=J1O-nxK9JMc,【4K 60FPS】三上悠亚Yua Mikami & 周杰伦Jay Zhou《一路向北》MV,Light Video,UCITryeaLb_AmqtkmjeTbUQA,296,,,,41357,周杰伦 4K MV,2026-07-31T14:06:15.904475+00:00
2G-6bFZASTI,https://www.youtube.com/watch?v=2G-6bFZASTI,【4K 超高清】周杰伦《窃爱》MV 修复版,4K流年,UCKq3pHCnxwpcBA6wAb5N__A,204,,,,643,周杰伦 4K MV,2026-07-31T14:06:15.904475+00:00
T11SybpUBDQ,https://www.youtube.com/watch?v=T11SybpUBDQ,【4K60FPS】 周杰倫2004無與倫比演唱會《龍捲風》Live,Jay Love,UC2IZ-blOKyN8mX7y35P-klw,242,,,,914,周杰伦 现场 Live,2026-07-31T14:06:15.904475+00:00
xh2-l0yK9qg,https://www.youtube.com/watch?v=xh2-l0yK9qg,【4K60FPS】jay chou《all the way north》一路向北 周杰伦,李狗嗨,UCYC_YsMAFkrA8QLvtElegVg,294,,,,1368696,周杰伦 歌曲 | 周杰伦 演唱会,2026-07-31T14:06:15.904475+00:00
aLUIpVecJKw,https://www.youtube.com/watch?v=aLUIpVecJKw,【4K60FPS】周杰伦 2004【无与伦比演唱会】 Jay Chou Incomparable Concert Live 2004,Kilun,UCVB2mC4FyicvsjfQJLbyuxw,8730,,,,502315,周杰伦 1080P MV | 周杰伦 4K MV | 周杰伦 完整版 | 周杰伦 演唱会 | 周杰伦 现场 Live,2026-07-31T14:06:15.904475+00:00
GJ_E8Og1doU,https://www.youtube.com/watch?v=GJ_E8Og1doU,【4K60FPS】周杰伦-Jay chou 《轨迹》最好听的版本！无与伦比演唱会,Landao-蓝导,UCsyE-aOmz-irmJKnXC1r9Nw,395,,,,1072779,周杰伦 演唱会 | 周杰伦 现场 Live,2026-07-31T14:06:15.904475+00:00
U-Hyu0Ie45g,https://www.youtube.com/watch?v=U-Hyu0Ie45g,【4K60FPS】周杰伦《以父之名》核能现场！天神下凡！ 音乐私藏馆,Landao-蓝导,UCsyE-aOmz-irmJKnXC1r9Nw,339,,,,184043,周杰伦 Official Music Video | 周杰伦 歌曲 | 周杰伦 现场 Live,2026-07-31T14:06:15.904475+00:00
tMaKbNxzxZQ,https://www.youtube.com/watch?v=tMaKbNxzxZQ,【4K60FPS】周杰伦《发如雪》2007世界巡回演唱会 全网唯一完整修复版,密码x,UCwwI3pcal6BGsNYL8035bAg,367,,,,514309,周杰伦 完整版 | 周杰伦 演唱会 | 周杰伦 现场 Live,2026-07-31T14:06:15.904475+00:00
mihLtMinXl0,https://www.youtube.com/watch?v=mihLtMinXl0,【4K60FPS】周杰伦《听妈妈的话》潘玮柏&张学友梦幻联动！！,辉仔的音乐小铺,UCLfT-enkxmzsu-pI7H3UJHg,200,,,,120044,周杰伦 演唱会 | 周杰伦 现场 Live,2026-07-31T14:06:15.904475+00:00
8d-8UYCe8sE,https://www.youtube.com/watch?v=8d-8UYCe8sE,【4K60FPS】周杰伦《无双》震撼海豚音！2007世界巡回演唱会,密码x,UCwwI3pcal6BGsNYL8035bAg,241,,,,23601,周杰伦 现场 Live,2026-07-31T14:06:15.904475+00:00
gg8su13TRkI,https://www.youtube.com/watch?v=gg8su13TRkI,【4K60FPS】周杰伦《给我一首歌的时间+我不配＋安静+轨迹》爷青回！,Kilun,UCVB2mC4FyicvsjfQJLbyuxw,493,,,,323683,周杰伦 4K MV | 周杰伦 歌曲 | 周杰伦 演唱会 | 周杰伦 现场 Live,2026-07-31T14:06:15.904475+00:00
XUaQKo_QaGM,https://www.youtube.com/watch?v=XUaQKo_QaGM,【4K60FPS】周杰伦《英雄》混音版MV修复版！《英雄联盟LOL》主题曲！,4K流年,UCKq3pHCnxwpcBA6wAb5N__A,211,,,,445,周杰伦 1080P MV,2026-07-31T14:06:15.904475+00:00
27xU7a-U_nk,https://www.youtube.com/watch?v=27xU7a-U_nk,【4K60FPS】周杰伦《退后》伴奏, 我是登勤 Duncan,UCHYTcFQTS-RxPPolgvxyoJA,276,,,,39,周杰伦 JVR Music | 周杰伦 杰威尔音乐,2026-07-31T14:06:15.904475+00:00
y5r-jz1ej88,https://www.youtube.com/watch?v=y5r-jz1ej88,【4K60FPS】周杰伦《退后》多少人梦想中的版本,密码x,UCwwI3pcal6BGsNYL8035bAg,262,,,,2240907,周杰伦 现场 Live,2026-07-31T14:06:15.904475+00:00
AsKf-RFduEc,https://www.youtube.com/watch?v=AsKf-RFduEc,【4K60FPS】周杰伦《阳光宅男》2007世界巡回演唱会 你有见过杰伦蹦蹦跳跳吗？,Kilun,UCVB2mC4FyicvsjfQJLbyuxw,245,,,,788,周杰伦 4K MV,2026-07-31T14:06:15.904475+00:00
fKgP17Zu5to,https://www.youtube.com/watch?v=fKgP17Zu5to,【4K60FPS】周杰倫 2024嘉年華演唱會 《說好不哭+我落淚情緒零碎》 Live,麥摳 Michael,UCLf0AUU5JC04GnZkS5vS-Vw,377,,,,13886,周杰伦 现场 Live,2026-07-31T14:06:15.904475+00:00
bdtJrbggiNs,https://www.youtube.com/watch?v=bdtJrbggiNs,【4K60FPS】周杰倫 2024嘉年華演唱會 《黃金甲+本草綱目》 Live,麥摳 Michael,UCLf0AUU5JC04GnZkS5vS-Vw,293,,,,15620,周杰伦 演唱会 | 周杰伦 现场 Live,2026-07-31T14:06:15.904475+00:00
xqW_7WHTS4Y,https://www.youtube.com/watch?v=xqW_7WHTS4Y,【4K60FPS重制】周杰伦《我是如此相信》MV修复版,4K流年,UCKq3pHCnxwpcBA6wAb5N__A,266,,,,402,周杰伦 1080P MV,2026-07-31T14:06:15.904475+00:00
whKmRnjptyI,https://www.youtube.com/watch?v=whKmRnjptyI,【4K60FPS顶级画质】周杰伦   红颜如霜 MV修复版 HiRes顶级音质封装！,4K流年,UCKq3pHCnxwpcBA6wAb5N__A,258,,,,490,周杰伦 1080P MV,2026-07-31T14:06:15.904475+00:00
Sq3Ydmtb9xg,https://www.youtube.com/watch?v=Sq3Ydmtb9xg,【4K60P】周杰伦《东风破》无与伦比演唱会 台北站,Kilun,UCVB2mC4FyicvsjfQJLbyuxw,301,,,,4902,周杰伦 演唱会 | 周杰伦 现场 Live,2026-07-31T14:06:15.904475+00:00
UXyakmXa1wY,https://www.youtube.com/watch?v=UXyakmXa1wY,【4K60P】来看看05年巅峰时期的杰伦如何在演唱會上演绎这首高难度歌曲 周杰伦 一路向北 live 2005  无与伦比演唱会 Jay Chou All the Way North,music live video,UCPFz0Ln8lQEs0ge1zkA8E8w,296,,,,376088,周杰伦 演唱会,2026-07-31T14:06:15.904475+00:00
VGY9BvQ8FmE,https://www.youtube.com/watch?v=VGY9BvQ8FmE,【4K60】《 一路向北 / 園遊會 / 倒影 / 晴天 》 12/8Day4周杰倫嘉年華世界巡迴演唱會臺北大巨蛋 #周杰倫 #嘉年華演唱會 #世界巡迴演唱會 #臺北大巨蛋,MrChang | 應援紀錄,UC0dI-uN7fKwkLJXdIUdEVYQ,382,,,,175366,周杰伦 演唱会 | 周杰伦 现场 Live,2026-07-31T14:06:15.904475+00:00
oNLex9LMATI,https://www.youtube.com/watch?v=oNLex9LMATI,【4K60】《 軌跡 》歌詞版  12/8Day4周杰倫嘉年華世界巡迴演唱會臺北大巨蛋 #周杰倫 #嘉年華演唱會 #世界巡迴演唱會 #臺北大巨蛋,MrChang | 應援紀錄,UC0dI-uN7fKwkLJXdIUdEVYQ,150,,,,195460,周杰伦 演唱会 | 周杰伦 现场 Live,2026-07-31T14:06:15.904475+00:00
30NuHtIR1jA,https://www.youtube.com/watch?v=30NuHtIR1jA,【4K60】《哭笑不得的戰役 / 花海》 12/8Day4周杰倫嘉年華世界巡迴演唱會臺北大巨蛋 #周杰倫 #嘉年華演唱會 #世界巡迴演唱會 #臺北大巨蛋,MrChang | 應援紀錄,UC0dI-uN7fKwkLJXdIUdEVYQ,437,,,,145129,周杰伦 演唱会 | 周杰伦 现场 Live,2026-07-31T14:06:15.904475+00:00
ds_1QFtwqD0,https://www.youtube.com/watch?v=ds_1QFtwqD0,【4K60禎｜经典神曲】周杰伦 The one 演唱会 现场版 分裂,music live video,UCPFz0Ln8lQEs0ge1zkA8E8w,255,,,,116708,周杰伦 现场 Live,2026-07-31T14:06:15.904475+00:00
frIfofs55AM,https://www.youtube.com/watch?v=frIfofs55AM,【4K·HiRes顶级音质】周杰伦《伊斯坦堡》MV 修复版,4K流年,UCKq3pHCnxwpcBA6wAb5N__A,207,,,,451,周杰伦 4K MV,2026-07-31T14:06:15.904475+00:00
gmsk-qEjjTc,https://www.youtube.com/watch?v=gmsk-qEjjTc,【4K·HiRes顶级音质】周杰伦《嘻哈空姐》MV 修复版,4K流年,UCKq3pHCnxwpcBA6wAb5N__A,170,,,,407,周杰伦 4K MV,2026-07-31T14:06:15.904475+00:00
6H-1MWsCmk4,https://www.youtube.com/watch?v=6H-1MWsCmk4,【4K·HiRes顶级音质】周杰伦《自导自演》MV 修复版,4K流年,UCKq3pHCnxwpcBA6wAb5N__A,253,,,,488,周杰伦 4K MV,2026-07-31T14:06:15.904475+00:00
SS92Qc0TqAo,https://www.youtube.com/watch?v=SS92Qc0TqAo,【4K·HiRes顶级音质】播放量 亿 来计算！周杰伦《晴天》最完美版Live！顶级修复~~~,4K流年,UCKq3pHCnxwpcBA6wAb5N__A,267,,,,324,周杰伦 高音质,2026-07-31T14:06:15.904475+00:00
Axvex0gzM-Y,https://www.youtube.com/watch?v=Axvex0gzM-Y,【4K·UHD】周杰伦《疗伤烧肉粽》MV 2160P修复版,4K流年,UCKq3pHCnxwpcBA6wAb5N__A,192,,,,452,周杰伦 4K MV,2026-07-31T14:06:15.904475+00:00
SiBQwweAyCs,https://www.youtube.com/watch?v=SiBQwweAyCs,【4k】 《晴天》-周杰伦,SongCi_music,UCDKTVBsKVyw4W69RSLoLCiA,270,,,,16,周杰伦 4K MV,2026-07-31T14:06:15.904475+00:00
ZIQpSI-2j-s,https://www.youtube.com/watch?v=ZIQpSI-2j-s,【4k】 《晴天》-周杰伦,SongCi_music,UCDKTVBsKVyw4W69RSLoLCiA,270,,,,4,周杰伦 4K MV,2026-07-31T14:06:15.904475+00:00
fY3nbGt4tkA,https://www.youtube.com/watch?v=fY3nbGt4tkA,【4k】《烟花易冷》-周杰伦,有山先生,UC8hZmbRosPc5Hv7GoVFkSIA,264,,,,0,周杰伦 4K MV,2026-07-31T14:06:15.904475+00:00
izYmN2gytl8,https://www.youtube.com/watch?v=izYmN2gytl8,【4k】《烟花易冷》-周杰伦,有山先生,UC8hZmbRosPc5Hv7GoVFkSIA,264,,,,8,周杰伦 4K MV,2026-07-31T14:06:15.904475+00:00
XFr2FEgAvgM,https://www.youtube.com/watch?v=XFr2FEgAvgM,【4K】周杰伦 Jay Chou-《最后的战役》《花海》嘉年华演唱会济南站-20250919,ToTheFore,UCacnAxmN-A8RFfLOjKR864g,358,,,,171,周杰伦 演唱会,2026-07-31T14:06:15.904475+00:00
A-yyqvn-_OM,https://www.youtube.com/watch?v=A-yyqvn-_OM,【4K】周杰倫 2023嘉年華悉尼演唱會 《稻香》,Kilun,UCVB2mC4FyicvsjfQJLbyuxw,185,,,,1283,周杰伦 现场 Live,2026-07-31T14:06:15.904475+00:00
dS_IFZ40BpM,https://www.youtube.com/watch?v=dS_IFZ40BpM,【4K】周杰倫 Jay Chou【半島鐵盒 Peninsula Ironbox】Flash Version Music Video,BigVy,UC1alrtO_FJtrmIhSbFwIiEQ,331,,,,845,周杰伦 4K MV,2026-07-31T14:06:15.904475+00:00
YQyJKTxSrlw,https://www.youtube.com/watch?v=YQyJKTxSrlw,【4K】周杰倫《我美嗎》首唱 完整版 煙火 杭州 嘉年華2026周杰倫世界巡迴演唱會20260403Day1《女兒殿下》,准备好了吗要去兜风吗,UCGC_t8z2qRSCUI-AHfkQ9EA,203,,,,194,周杰伦 完整版,2026-07-31T14:06:15.904475+00:00
u8S9vKVkrsI,https://www.youtube.com/watch?v=u8S9vKVkrsI,【4K丨周杰伦】最伟大的作品MV 彩蛋解密！！,4K流年,UCKq3pHCnxwpcBA6wAb5N__A,415,,,,373,周杰伦 4K MV,2026-07-31T14:06:15.904475+00:00
bWBRDjBTnrg,https://www.youtube.com/watch?v=bWBRDjBTnrg,【4K丨琴伤MV】周杰伦《最伟大的作品》这首歌和当年《琴伤》仔细听 ！CP感挺高哦,4K流年,UCKq3pHCnxwpcBA6wAb5N__A,200,,,,404,周杰伦 4K MV,2026-07-31T14:06:15.904475+00:00
vpLd4p5oz30,https://www.youtube.com/watch?v=vpLd4p5oz30,【4K修复 未收录现场】周杰伦   上海1943 The One演唱会Live版 疯狂忘词,Kilun,UCVB2mC4FyicvsjfQJLbyuxw,203,,,,42230,周杰伦 演唱会 | 周杰伦 现场 Live,2026-07-31T14:06:15.904475+00:00
qLVFOTpUMjo,https://www.youtube.com/watch?v=qLVFOTpUMjo,【4K修复/中文字幕】周杰伦现场版《爱在西元前》《开不了口》《黑色幽默》《你是我的OK绷》《蛇舞》等金曲！#周杰伦  #音乐前线 FULL,SMG电视剧,UCQ9JW4MDfPE3Jawa_5BM4Kw,2838,,,,301,周杰伦 完整版,2026-07-31T14:06:15.904475+00:00
I8y3F08piqQ,https://www.youtube.com/watch?v=I8y3F08piqQ,【4K修复】11.19.2022 周杰伦线上“哥”友会演出部分 《还在流浪》+《半岛铁盒》+《晴天》+《稻香》+《错过的烟火》Live,Kilun,UCVB2mC4FyicvsjfQJLbyuxw,1301,,,,1526,周杰伦 4K MV,2026-07-31T14:06:15.904475+00:00
N6wSXxiE74w,https://www.youtube.com/watch?v=N6wSXxiE74w,【4K修复】SHE田馥甄 周杰倫  潘玮柏 陈嘉桦 任家萱 动感地带 广告,杰伦Hebe频道,UCx8z8QH_EURrw4cDOo_jAsA,34,,,,2032,周杰伦 4K MV,2026-07-31T14:06:15.904475+00:00
YrWI0y2SLF0,https://www.youtube.com/watch?v=YrWI0y2SLF0,【4K修复】【Live】罕见！周杰伦牵手章子怡再唱《红尘客栈》，不愧是原唱，一开口就是江湖！ #周杰伦 #章子怡【神级音综现场】,综艺连连看,UCqNWMqcdGkPpRcGuwytfCTg,525,,,,466287,周杰伦 4K MV | 周杰伦 现场 Live,2026-07-31T14:06:15.904475+00:00
oiSnIk-b-Fg,https://www.youtube.com/watch?v=oiSnIk-b-Fg,【4K修复】周杰伦   上海1943 MV！经典 复古 中国风 神曲！,4K流年,UCKq3pHCnxwpcBA6wAb5N__A,209,,,,564,周杰伦 4K MV,2026-07-31T14:06:15.904475+00:00
sroWNDKUY14,https://www.youtube.com/watch?v=sroWNDKUY14,【4K修复】周杰伦   彩虹 MV 2160P修复版   001   【4K修复】周杰伦   彩虹 MV 2160P修复版,夜风,UCgs0oQayYrU0sYlug9PH0Aw,273,,,,53,周杰伦 4K MV,2026-07-31T14:06:15.904475+00:00
JqQbpNSBfao,https://www.youtube.com/watch?v=JqQbpNSBfao,【4K修复】周杰伦2004无与伦比演唱会 《我的地盘》“忘词地盘”,Kilun,UCVB2mC4FyicvsjfQJLbyuxw,240,,,,12550,周杰伦 演唱会 | 周杰伦 现场 Live,2026-07-31T14:06:15.904475+00:00
prYw61F6UIs,https://www.youtube.com/watch?v=prYw61F6UIs,【4K修复】周杰伦《免费教学录像带》MV 爷青回！,南宁买鞋哥,UCmaw1SRp1yOol6rN6vAEYgQ,262,,,,3,周杰伦 4K MV,2026-07-31T14:06:15.904475+00:00
x9wRYF3eISo,https://www.youtube.com/watch?v=x9wRYF3eISo,【4K修复】周杰伦《园游会》MV 2160p修复版,4K流年,UCKq3pHCnxwpcBA6wAb5N__A,249,,,,1630,周杰伦 4K MV,2026-07-31T14:06:15.904475+00:00
xLF_vvJP1kE,https://www.youtube.com/watch?v=xLF_vvJP1kE,【4K修复】周杰伦《手写的从前》MV「这首歌呢 甜甜的感觉~」HiRes无损音质 爷青回！,4K流年,UCKq3pHCnxwpcBA6wAb5N__A,295,,,,325,周杰伦 4K MV,2026-07-31T14:06:15.904475+00:00
w5jMNUQI32o,https://www.youtube.com/watch?v=w5jMNUQI32o,【4K修复】周杰伦《爱在西元前》MV 2160p【发行于2001年】,4K流年,UCKq3pHCnxwpcBA6wAb5N__A,239,,,,1428,周杰伦 4K MV,2026-07-31T14:06:15.904475+00:00
l2th3euPDR0,https://www.youtube.com/watch?v=l2th3euPDR0,【4K修复】周杰伦《爷爷泡的茶》MV 2160p修复版,4K流年,UCKq3pHCnxwpcBA6wAb5N__A,243,,,,917,周杰伦 4K MV,2026-07-31T14:06:15.904475+00:00
ipySsXdjU50,https://www.youtube.com/watch?v=ipySsXdjU50,【4K修复】周杰伦《爸 我回来了》MV 2160p修复版,4K流年,UCKq3pHCnxwpcBA6wAb5N__A,234,,,,3878,周杰伦 4K MV,2026-07-31T14:06:15.904475+00:00
oFPDCJHu6DA,https://www.youtube.com/watch?v=oFPDCJHu6DA,【4K修复】周杰伦《米兰的小铁匠》MV,4K流年,UCKq3pHCnxwpcBA6wAb5N__A,241,,,,425,周杰伦 4K MV,2026-07-31T14:06:15.904475+00:00
OyWmYgQ5IZs,https://www.youtube.com/watch?v=OyWmYgQ5IZs,【4K修复】周杰伦《花海》MV（海岛唱腔 治愈人心）HiRes顶级音质 爷青回！,4K流年,UCKq3pHCnxwpcBA6wAb5N__A,265,,,,881,周杰伦 4K MV,2026-07-31T14:06:15.904475+00:00
HRUBjNCY-F8,https://www.youtube.com/watch?v=HRUBjNCY-F8,【4K修复】周杰伦《轨迹》MV 2160p修复版 经典中的经典,4K流年,UCKq3pHCnxwpcBA6wAb5N__A,324,,,,1206,周杰伦 4K MV,2026-07-31T14:06:15.904475+00:00
YmAxkV-JeTQ,https://www.youtube.com/watch?v=YmAxkV-JeTQ,【4K修复】周杰伦《阳光宅男》MV重制版！跟着“哎呦哥哥”一起跳起来！！,4K流年,UCKq3pHCnxwpcBA6wAb5N__A,221,,,,760,周杰伦 4K MV,2026-07-31T14:06:15.904475+00:00
e4EP0P-kW8w,https://www.youtube.com/watch?v=e4EP0P-kW8w,【4K修复】周杰倫 Jay Chou【黑色幽默 Black Humor】,Kilun,UCVB2mC4FyicvsjfQJLbyuxw,282,,,,284,周杰伦 4K MV,2026-07-31T14:06:15.904475+00:00
h8km2CJCF4o,https://www.youtube.com/watch?v=h8km2CJCF4o,【4K修复】蔡依林&周杰伦-双J尬舞超级完整版(倒带+布拉格广场)+特效字幕,轩辕天空,UCCGBtKFBUh2DwLo6pCs_MiQ,423,,,,38391,周杰伦 完整版 | 周杰伦 演唱会 | 周杰伦 现场 Live,2026-07-31T14:06:15.904475+00:00
20uzQIpTYEQ,https://www.youtube.com/watch?v=20uzQIpTYEQ,【4K修复丨中国风 神作】周杰伦《东风破》MV 完美重制版！无损音质～～～,4K流年,UCKq3pHCnxwpcBA6wAb5N__A,313,,,,1428,周杰伦 4K MV,2026-07-31T14:06:15.904475+00:00
gwqOIl9DUMw,https://www.youtube.com/watch?v=gwqOIl9DUMw,【4K修复丨动人亲情】周杰伦《迷迭香》MV 外婆入境拍摄 MV中回忆一段过往恋曲    HiRes音质 爷青回！,4K流年,UCKq3pHCnxwpcBA6wAb5N__A,259,,,,305,周杰伦 1080P MV,2026-07-31T14:06:15.904475+00:00
nST0V1-lUFw,https://www.youtube.com/watch?v=nST0V1-lUFw,【4K修复丨周杰伦 x 方文山 创作】容祖儿   小小 MV「淡淡的悲凉，又带了点唯美」的「国风音乐」这首真的好经典！在搭配 HiRes无损音质，这才算完美！,4K流年,UCKq3pHCnxwpcBA6wAb5N__A,264,,,,373,周杰伦 1080P MV | 周杰伦 4K MV,2026-07-31T14:06:15.904475+00:00
_kHMU2PcAN4,https://www.youtube.com/watch?v=_kHMU2PcAN4,【4K修复丨开口脆】周杰伦《Secret秘密钢琴+Mine Mine》MV 2160p ！点开有惊喜哦,4K流年,UCKq3pHCnxwpcBA6wAb5N__A,289,,,,389,周杰伦 4K MV,2026-07-31T14:06:15.904475+00:00
qTDK55_CbRo,https://www.youtube.com/watch?v=qTDK55_CbRo,【4K修复丨最牛周氏Rap】周杰伦《我的地盘》MV 2160p修复版,4K流年,UCKq3pHCnxwpcBA6wAb5N__A,252,,,,1155,周杰伦 4K MV,2026-07-31T14:06:15.904475+00:00
52xruYiRSjY,https://www.youtube.com/watch?v=52xruYiRSjY,【4K修复丨永远的科比】周杰伦《天地一斗》MV 2160p修复版 纪念历史上最伟大的得分后卫！,4K流年,UCKq3pHCnxwpcBA6wAb5N__A,188,,,,583,周杰伦 4K MV,2026-07-31T14:06:15.904475+00:00
gweiGbc17qk,https://www.youtube.com/watch?v=gweiGbc17qk,【4K修复丨江语晨主演】周杰伦《最长的电影》MV 2160p修复版 【此歌乃（周氏情歌）最具代表作品之一】,4K流年,UCKq3pHCnxwpcBA6wAb5N__A,238,,,,2173,周杰伦 4K MV,2026-07-31T14:06:15.904475+00:00
DsrIs8NVt0c,https://www.youtube.com/watch?v=DsrIs8NVt0c,【4K修复丨特效字幕】周杰伦 【2002 The One演唱会 2160P修复版】,Kilun,UCVB2mC4FyicvsjfQJLbyuxw,6817,,,,105639,周杰伦 4K MV | 周杰伦 演唱会 | 周杰伦 现场 Live,2026-07-31T14:06:15.904475+00:00
DMPyKQhcoqA,https://www.youtube.com/watch?v=DMPyKQhcoqA,【4K修复合集】周杰伦 MV 高清修复版 全集   08 【Jay】斗牛#music,Juran Li,UCDpBI8DguGAwUBJpfH0dGyw,289,,,,53,周杰伦 4K MV,2026-07-31T14:06:15.904475+00:00
DdpMZ6qiyY4,https://www.youtube.com/watch?v=DdpMZ6qiyY4,【4K修复合集】周杰伦 MV 高清修复版 全集   09 【Jay】反方向的钟#music,Juran Li,UCDpBI8DguGAwUBJpfH0dGyw,262,,,,35,周杰伦 4K MV,2026-07-31T14:06:15.904475+00:00
tTM-axkXLFw,https://www.youtube.com/watch?v=tTM-axkXLFw,【4K修复合集】周杰伦 MV 高清修复版 全集  04 【Jay】娘子#music,Juran Li,UCDpBI8DguGAwUBJpfH0dGyw,271,,,,28,周杰伦 1080P MV | 周杰伦 4K MV,2026-07-31T14:06:15.904475+00:00
k117hj6svC0,https://www.youtube.com/watch?v=k117hj6svC0,【4K修复合集】周杰伦 MV 高清修复版 全集  07 【Jay】印第安老斑鸠#music,Juran Li,UCDpBI8DguGAwUBJpfH0dGyw,305,,,,43,周杰伦 4K MV,2026-07-31T14:06:15.904475+00:00
sQ0Kqz8lcyc,https://www.youtube.com/watch?v=sQ0Kqz8lcyc,【4K修復】周杰倫2004無與倫比世界巡迴演唱會 《她的睫毛》,Kilun,UCVB2mC4FyicvsjfQJLbyuxw,229,,,,47099,周杰伦 4K MV | 周杰伦 现场 Live,2026-07-31T14:06:15.904475+00:00
sOU3Fwe9O4g,https://www.youtube.com/watch?v=sOU3Fwe9O4g,【4K修復】周杰倫2004無與倫比演唱會 《倒帶》,Kilun,UCVB2mC4FyicvsjfQJLbyuxw,279,,,,3101,周杰伦 4K MV,2026-07-31T14:06:15.904475+00:00
9gvEiKn3Hns,https://www.youtube.com/watch?v=9gvEiKn3Hns,【4K修復】周杰倫2004無與倫比演唱會 《瓦解》,Kilun,UCVB2mC4FyicvsjfQJLbyuxw,215,,,,4936,周杰伦 4K MV,2026-07-31T14:06:15.904475+00:00
CP0H0X7D0Tk,https://www.youtube.com/watch?v=CP0H0X7D0Tk,【4K修復｜神级现场】周杰伦 史上 最轻松的 发如雪,music live video,UCPFz0Ln8lQEs0ge1zkA8E8w,159,,,,78475,周杰伦 现场 Live,2026-07-31T14:06:15.904475+00:00
4dDe4cwqCvI,https://www.youtube.com/watch?v=4dDe4cwqCvI,【4K再來億遍】周杰倫  獻世 MV修復版 HiRes無損音質 爺青回！,Kilun,UCVB2mC4FyicvsjfQJLbyuxw,259,,,,14863,周杰伦 4K MV,2026-07-31T14:06:15.904475+00:00
rI0bvNAZrcY,https://www.youtube.com/watch?v=rI0bvNAZrcY,【4k无损】《等你下课》-周杰伦,有山先生,UC8hZmbRosPc5Hv7GoVFkSIA,271,,,,4,周杰伦 4K MV,2026-07-31T14:06:15.904475+00:00
WKCxusyX6Bo,https://www.youtube.com/watch?v=WKCxusyX6Bo,【4k无损】《青花瓷》-周杰伦,有山先生,UC8hZmbRosPc5Hv7GoVFkSIA,238,,,,33,周杰伦 4K MV,2026-07-31T14:06:15.904475+00:00
VgX0Bas2AG8,https://www.youtube.com/watch?v=VgX0Bas2AG8,【4K珍藏】周杰伦《爱在西元前》现场版！无数杰迷的入坑曲之一，来一起欣赏那无与伦比的神级LIVE吧！#周杰伦 #经典现场 clip,SMG音乐频道,UC2Ee0vgdeIR6eZ2QonMPtOw,2838,,,,7210,周杰伦 完整版 | 周杰伦 杰威尔音乐 | 周杰伦 现场 Live,2026-07-31T14:06:15.904475+00:00
BU4JThv9KgA,https://www.youtube.com/watch?v=BU4JThv9KgA,【4K珍藏】周杰伦《蒲公英的约定》，你是友情，还是错过的爱情？,4K音乐馆,UCNsZs8YVI7Dx3dkmPdOaJJw,246,,,,1333,周杰伦 4K MV,2026-07-31T14:06:15.904475+00:00
JGS-jpuIzc4,https://www.youtube.com/watch?v=JGS-jpuIzc4,【4K稀有修复】周杰伦《轨迹》MV 杰迷们！数下有几个镜头是你们没看过的！,4K流年,UCKq3pHCnxwpcBA6wAb5N__A,121,,,,646,周杰伦 4K MV,2026-07-31T14:06:15.904475+00:00
0mG1GQQBpJw,https://www.youtube.com/watch?v=0mG1GQQBpJw,【4K稀有修复丨你听得到Live】周杰伦2003太阳计划南区好健康音乐会现场,Kilun,UCVB2mC4FyicvsjfQJLbyuxw,121,,,,27842,周杰伦 1080P MV | 周杰伦 4K MV | 周杰伦 Official Music Video | 周杰伦 现场 Live,2026-07-31T14:06:15.904475+00:00
LJUVsZAhqWc,https://www.youtube.com/watch?v=LJUVsZAhqWc,【4K臻藏】周杰伦《七里香》MV | 前奏响起的那一刻，你的DNA动了吗？,GOOD MUSIC,UCYL40rA_qEDjBzhTVGPfnmQ,303,,,,7,周杰伦 4K MV,2026-07-31T14:06:15.904475+00:00
G5IBRY4Ei9I,https://www.youtube.com/watch?v=G5IBRY4Ei9I,【4K超清】周杰伦《纽约地铁》MV DEMO制作剪辑修复!!,leviOsa Music,UCabQ5BBCjgLwNyRy7YmkP3Q,188,,,,84,周杰伦 4K MV,2026-07-31T14:06:15.904475+00:00
PfzpNiVVuMg,https://www.youtube.com/watch?v=PfzpNiVVuMg,【4K超清丨周杰伦】瓦解MV！没看过的请点赞！Falc无损封装！重制！混剪！修复~~~,4K流年,UCKq3pHCnxwpcBA6wAb5N__A,217,,,,946,周杰伦 4K MV,2026-07-31T14:06:15.904475+00:00
FDaA2smwtmg,https://www.youtube.com/watch?v=FDaA2smwtmg,【4K超高清】周杰伦2023《简单爱》MV 蕉下版！,4K流年,UCKq3pHCnxwpcBA6wAb5N__A,208,,,,1916,周杰伦 4K MV,2026-07-31T14:06:15.904475+00:00
oYufpMUCX1o,https://www.youtube.com/watch?v=oYufpMUCX1o,【4K超高清】周杰伦《一点点》MV 修复版 无损音质！,4K流年,UCKq3pHCnxwpcBA6wAb5N__A,220,,,,446,周杰伦 4K MV | 周杰伦 高音质,2026-07-31T14:06:15.904475+00:00
sehB4a5BRPE,https://www.youtube.com/watch?v=sehB4a5BRPE,【4K重制 HiRes】周杰伦《暗号》02无敌 最燃现场！神仙画质！完美修复～～,4K流年,UCKq3pHCnxwpcBA6wAb5N__A,280,,,,4362,周杰伦 4K MV | 周杰伦 现场 Live,2026-07-31T14:06:15.904475+00:00
5iC597A4WIE,https://www.youtube.com/watch?v=5iC597A4WIE,【4K重制】周杰伦   分裂 MV修复 HiRes无损音质 爷青回！,4K流年,UCKq3pHCnxwpcBA6wAb5N__A,269,,,,479,周杰伦 4K MV,2026-07-31T14:06:15.904475+00:00
pxJ6FjJbLmg,https://www.youtube.com/watch?v=pxJ6FjJbLmg,【4K重制】周杰伦   惊叹号MV 2160P修复版,4K流年,UCKq3pHCnxwpcBA6wAb5N__A,240,,,,423,周杰伦 4K MV,2026-07-31T14:06:15.904475+00:00
TbjHXfIJbi4,https://www.youtube.com/watch?v=TbjHXfIJbi4,【4K重制】周杰伦   梯田 MV修复版 HiRes无损音质封装 爷青回！,4K流年,UCKq3pHCnxwpcBA6wAb5N__A,213,,,,8858,周杰伦 4K MV,2026-07-31T14:06:15.904475+00:00
xMvN4amifP4,https://www.youtube.com/watch?v=xMvN4amifP4,【4K重制】周杰伦   爱情悬崖 MV修复,4K流年,UCKq3pHCnxwpcBA6wAb5N__A,270,,,,952,周杰伦 4K MV,2026-07-31T14:06:15.904475+00:00
wmwZMrhIRdQ,https://www.youtube.com/watch?v=wmwZMrhIRdQ,【4K重制】周杰伦《浪漫手机》MV修复版！发行于2005《11月的肖邦》专辑,4K流年,UCKq3pHCnxwpcBA6wAb5N__A,278,,,,582,周杰伦 4K MV,2026-07-31T14:06:15.904475+00:00
e4g5Rdtni5w,https://www.youtube.com/watch?v=e4g5Rdtni5w,【4K重制丨动人亲情】周杰伦   外婆 MV修复 HiRes音质 爷青回！,4K流年,UCKq3pHCnxwpcBA6wAb5N__A,251,,,,815,周杰伦 1080P MV | 周杰伦 4K MV,2026-07-31T14:06:15.904475+00:00
LLt5Q7Bp0i0,https://www.youtube.com/watch?v=LLt5Q7Bp0i0,【4K重制丨帅到起飞】周杰倫 Jay Chou【黑色毛衣 Black Sweater】 MV修复 HiRes无损音质 爷青回！,Kilun,UCVB2mC4FyicvsjfQJLbyuxw,252,,,,860,周杰伦 1080P MV | 周杰伦 4K MV,2026-07-31T14:06:15.904475+00:00
wOB41Pdv_WQ,https://www.youtube.com/watch?v=wOB41Pdv_WQ,【4K重制丨有看过这一版吗？】周杰伦《飘移》MV 稀有修复版！,4K流年,UCKq3pHCnxwpcBA6wAb5N__A,121,,,,1153,周杰伦 4K MV,2026-07-31T14:06:15.904475+00:00
tYkjr0bRkgU,https://www.youtube.com/watch?v=tYkjr0bRkgU,【4K重制丨这是周杰伦？？】S H E《借口》MV 2160P修复版！杰迷们！数下这首歌里有多少首杰伦的歌名～～,4K流年,UCKq3pHCnxwpcBA6wAb5N__A,268,,,,347,周杰伦 4K MV,2026-07-31T14:06:15.904475+00:00
ODw7SbWH04Q,https://www.youtube.com/watch?v=ODw7SbWH04Q,【4K顶级修复】周杰伦   兰亭序 MV HiRes无损音质封装！,4K流年,UCKq3pHCnxwpcBA6wAb5N__A,265,,,,522,周杰伦 4K MV,2026-07-31T14:06:15.904475+00:00
BKjloi9TLBk,https://www.youtube.com/watch?v=BKjloi9TLBk,【4K顶级修复】周杰伦   可爱女人MV HiRes无损音质封装 爷青回！,4K流年,UCKq3pHCnxwpcBA6wAb5N__A,239,,,,13753,周杰伦 4K MV,2026-07-31T14:06:15.904475+00:00
7I8y6WGjUQI,https://www.youtube.com/watch?v=7I8y6WGjUQI,【4K顶级修复】周杰伦   本草纲目 MV Flac无损音质封装,Life with animals,UCmp3q4suIc3REp_v0F-cZPQ,227,,,,227,周杰伦 高音质,2026-07-31T14:06:15.904475+00:00
kDQe-Jtvw7k,https://www.youtube.com/watch?v=kDQe-Jtvw7k,【4K顶级修复】周杰伦   简单爱 MV HiRes无损音质封装！,4K流年,UCKq3pHCnxwpcBA6wAb5N__A,270,,,,801,周杰伦 高音质,2026-07-31T14:06:15.904475+00:00
wOWF-T637aE,https://www.youtube.com/watch?v=wOWF-T637aE,【4K顶级修复】周杰伦   说好的幸福呢 MV HiRes无损音质封装！,4K流年,UCKq3pHCnxwpcBA6wAb5N__A,257,,,,784,周杰伦 1080P MV,2026-07-31T14:06:15.904475+00:00
uuoqD87lAxY,https://www.youtube.com/watch?v=uuoqD87lAxY,【4K顶级修复】周杰伦 - 以父之名 MV Flac无损音质封装！,4K流年,UCKq3pHCnxwpcBA6wAb5N__A,364,,,,2706,周杰伦 4K MV,2026-07-31T14:06:15.904475+00:00
FlgFTHMONzw,https://www.youtube.com/watch?v=FlgFTHMONzw,【4K顶级修复】周杰伦 - 你听得到 MV剧场版,4K流年,UCKq3pHCnxwpcBA6wAb5N__A,228,,,,6279,周杰伦 4K MV,2026-07-31T14:06:15.904475+00:00
AuiGonW2DTw,https://www.youtube.com/watch?v=AuiGonW2DTw,【4K顶级修复】周杰伦 - 双刀（14分钟）电影版MV,4K流年,UCKq3pHCnxwpcBA6wAb5N__A,833,,,,1666,周杰伦 4K MV,2026-07-31T14:06:15.904475+00:00
Lyq_4651vPc,https://www.youtube.com/watch?v=Lyq_4651vPc,【4K顶级修复】周杰伦 - 她的睫毛 MV Flac无损音质封装！,4K流年,UCKq3pHCnxwpcBA6wAb5N__A,231,,,,1491,周杰伦 4K MV,2026-07-31T14:06:15.904475+00:00
ZmF4IcqwIj4,https://www.youtube.com/watch?v=ZmF4IcqwIj4,【4K顶级修复】周杰伦 - 娘子 MV Flac无损音质封装！,4K流年,UCKq3pHCnxwpcBA6wAb5N__A,274,,,,1548,周杰伦 高音质,2026-07-31T14:06:15.904475+00:00
j-TMUVu6d-s,https://www.youtube.com/watch?v=j-TMUVu6d-s,【4K顶级修复】周杰伦 - 枫 MV 柯佳嬿vs刘畊宏 演出 Flac无损音质封装！,4K流年,UCKq3pHCnxwpcBA6wAb5N__A,283,,,,3395,周杰伦 4K MV,2026-07-31T14:06:15.904475+00:00
iv1sbaMUgP0,https://www.youtube.com/watch?v=iv1sbaMUgP0,【4K顶级修复】周杰伦 - 火车叨位去 MV Flac无损音质封装！,4K流年,UCKq3pHCnxwpcBA6wAb5N__A,277,,,,955,周杰伦 4K MV,2026-07-31T14:06:15.904475+00:00
0zi5VvA1v_g,https://www.youtube.com/watch?v=0zi5VvA1v_g,【4K顶级修复】周杰伦 - 爷爷泡的茶 Live 2002The One演唱会现场！,4K流年,UCKq3pHCnxwpcBA6wAb5N__A,276,,,,33156,周杰伦 4K MV | 周杰伦 演唱会 | 周杰伦 现场 Live,2026-07-31T14:06:15.904475+00:00
JVtsk-l9tuo,https://www.youtube.com/watch?v=JVtsk-l9tuo,【4K顶级修复】周杰伦 - 秘密花园 MV,4K流年,UCKq3pHCnxwpcBA6wAb5N__A,91,,,,24655,周杰伦 4K MV,2026-07-31T14:06:15.904475+00:00
aTvCXncK-zM,https://www.youtube.com/watch?v=aTvCXncK-zM,【4K顶级修复】周杰伦 - 稻香 MV Flac无损音质封装！,4K流年,UCKq3pHCnxwpcBA6wAb5N__A,224,,,,5383,周杰伦 4K MV,2026-07-31T14:06:15.904475+00:00
aCcrWhxD2no,https://www.youtube.com/watch?v=aCcrWhxD2no,【4K顶级修复】周杰伦 - 菊花台 MV Flac无损音质封装！,4K流年,UCKq3pHCnxwpcBA6wAb5N__A,295,,,,3495,周杰伦 高音质,2026-07-31T14:06:15.904475+00:00
bKTCQg4ZHCY,https://www.youtube.com/watch?v=bKTCQg4ZHCY,【4K顶级修复】周杰伦 - 麦烝玮 MV Flac无损音质封装！,4K流年,UCKq3pHCnxwpcBA6wAb5N__A,250,,,,1234,周杰伦 4K MV,2026-07-31T14:06:15.904475+00:00
SFtr3K5OKiw,https://www.youtube.com/watch?v=SFtr3K5OKiw,【4K顶级修复】周杰伦 - 麦芽糖 MV Flac无损音质封装！,4K流年,UCKq3pHCnxwpcBA6wAb5N__A,259,,,,907,周杰伦 4K MV,2026-07-31T14:06:15.904475+00:00
c0jHGrtzFHY,https://www.youtube.com/watch?v=c0jHGrtzFHY,【4K顶级修复】周杰伦&刘畊宏 - 最后的战役 MV,4K流年,UCKq3pHCnxwpcBA6wAb5N__A,343,,,,848,周杰伦 4K MV,2026-07-31T14:06:15.904475+00:00
8i9_fmx6l7E,https://www.youtube.com/watch?v=8i9_fmx6l7E,【4K顶级修复】周杰伦&杨瑞代 - 月光 MV Flac无损音质封装！,4K流年,UCKq3pHCnxwpcBA6wAb5N__A,239,,,,1095,周杰伦 4K MV,2026-07-31T14:06:15.904475+00:00
e0_EyXecpVs,https://www.youtube.com/watch?v=e0_EyXecpVs,【4K顶级修复】周杰伦&梁心颐 - 蛇舞 MV HiRes无损音质封装！,4K流年,UCKq3pHCnxwpcBA6wAb5N__A,173,,,,578,周杰伦 4K MV,2026-07-31T14:06:15.904475+00:00
uZV1veCt0dk,https://www.youtube.com/watch?v=uZV1veCt0dk,【4K顶级修复】周杰伦&浪花兄弟 - 你是我的OK绷 MV Flac无损音质封装！,4K流年,UCKq3pHCnxwpcBA6wAb5N__A,285,,,,1824,周杰伦 4K MV,2026-07-31T14:06:15.904475+00:00
u8Bf5NKwQ00,https://www.youtube.com/watch?v=u8Bf5NKwQ00,【4K顶级修复】周杰伦《找自己》Live 2002The One演唱会现场！,4K流年,UCKq3pHCnxwpcBA6wAb5N__A,209,,,,16541,周杰伦 现场 Live,2026-07-31T14:06:15.904475+00:00
XbckbjG_dIA,https://www.youtube.com/watch?v=XbckbjG_dIA,【4K顶级修复丨周杰伦 创作？】江语晨   我的主题曲 MV 陈少荣在这里！Flac无损音质封装！,4K流年,UCKq3pHCnxwpcBA6wAb5N__A,253,,,,962,周杰伦 4K MV,2026-07-31T14:06:15.904475+00:00
WCvxdbmTdqE,https://www.youtube.com/watch?v=WCvxdbmTdqE,【4K顶级修复丨周杰伦创作】S H E   候鸟 MV Flac无损音质封装！,4K流年,UCKq3pHCnxwpcBA6wAb5N__A,284,,,,752,周杰伦 4K MV,2026-07-31T14:06:15.904475+00:00
Ru0ivOt_Lx8,https://www.youtube.com/watch?v=Ru0ivOt_Lx8,【4K顶级修复丨周杰伦创作】S H E   触电 MV Flac无损音质封装！,4K流年,UCKq3pHCnxwpcBA6wAb5N__A,265,,,,1075,周杰伦 1080P MV | 周杰伦 4K MV | 周杰伦 高音质,2026-07-31T14:06:15.904475+00:00
6PxyEBvqA8k,https://www.youtube.com/watch?v=6PxyEBvqA8k,【4K顶级画质】周杰伦   天涯过客 MV 修复版 Flac无损音质封装！,4K流年,UCKq3pHCnxwpcBA6wAb5N__A,253,,,,358,周杰伦 4K MV,2026-07-31T14:06:15.904475+00:00
PVdZbU7ADco,https://www.youtube.com/watch?v=PVdZbU7ADco,【4K顶级画质】周杰伦   明明就 MV修复 HiRes无损音质封装！,4K流年,UCKq3pHCnxwpcBA6wAb5N__A,260,,,,733,周杰伦 4K MV | 周杰伦 高音质,2026-07-31T14:06:15.904475+00:00
Va6eVsmom6I,https://www.youtube.com/watch?v=Va6eVsmom6I,【4K顶级画质】周杰伦 - 你好吗 MV修复版 Flac无损音质封装！,4K流年,UCKq3pHCnxwpcBA6wAb5N__A,222,,,,3351,周杰伦 1080P MV,2026-07-31T14:06:15.904475+00:00
GZAta2uXiDM,https://www.youtube.com/watch?v=GZAta2uXiDM,【4K顶级画质】周杰伦 - 发如雪 MV修复版 Flac无损音质封装！,4K流年,UCKq3pHCnxwpcBA6wAb5N__A,300,,,,3763,周杰伦 4K MV,2026-07-31T14:06:15.904475+00:00
MaMErS4EM2w,https://www.youtube.com/watch?v=MaMErS4EM2w,【4K顶级画质】周杰伦 - 爱你没差 MV 简体 修复版 Flac无损音质封装！,4K流年,UCKq3pHCnxwpcBA6wAb5N__A,286,,,,1215,周杰伦 4K MV,2026-07-31T14:06:15.904475+00:00
ZYzVTdamD2Y,https://www.youtube.com/watch?v=ZYzVTdamD2Y,【4K顶级画质】周杰伦 - 路小雨 MV修复版 Flac无损音质封装！,4K流年,UCKq3pHCnxwpcBA6wAb5N__A,132,,,,1725,周杰伦 4K MV,2026-07-31T14:06:15.904475+00:00
d1Er87v1O68,https://www.youtube.com/watch?v=d1Er87v1O68,【4K顶级画质】周杰伦&五月天《说好不哭》 神级现场Live 洗版级收藏修复 周五组合来了！！！,Jay Love,UC2IZ-blOKyN8mX7y35P-klw,256,,,,348,周杰伦 4K MV,2026-07-31T14:06:15.904475+00:00
iDsb7-fvA6g,https://www.youtube.com/watch?v=iDsb7-fvA6g,【4K顶级画质】周杰伦&嘻游记 - 夜店咖 MV修复版 Flac无损音质封装！,4K流年,UCKq3pHCnxwpcBA6wAb5N__A,177,,,,1419,周杰伦 4K MV,2026-07-31T14:06:15.904475+00:00
ViSiuBZzoxk,https://www.youtube.com/watch?v=ViSiuBZzoxk,【4K顶级画质】周杰伦&袁咏琳 - 傻笑 MV修复版 HiRes无损音质封装！,4K流年,UCKq3pHCnxwpcBA6wAb5N__A,291,,,,412,周杰伦 4K MV,2026-07-31T14:06:15.904475+00:00
jsyf-_YrbN0,https://www.youtube.com/watch?v=jsyf-_YrbN0,【4K顶级画质】周杰伦&袁咏琳 - 怎么了 MV修复版 Flac无损音质封装！,4K流年,UCKq3pHCnxwpcBA6wAb5N__A,233,,,,422,周杰伦 4K MV,2026-07-31T14:06:15.904475+00:00
hbqX3Debl0E,https://www.youtube.com/watch?v=hbqX3Debl0E,【4K顶级画质】周杰伦2007世界巡回演唱会 修复版 Jay Chou 2007 The World Tours Concert Live 2007,Kilun,UCVB2mC4FyicvsjfQJLbyuxw,5858,,,,274124,周杰伦 歌曲 | 周杰伦 演唱会 | 周杰伦 现场 Live,2026-07-31T14:06:15.904475+00:00
oMMXoyqqpVQ,https://www.youtube.com/watch?v=oMMXoyqqpVQ,【4K顶级画质】周杰伦《2013江苏跨年演唱会》洗版收藏级 修复,4K流年,UCKq3pHCnxwpcBA6wAb5N__A,1579,,,,1442,周杰伦 4K MV,2026-07-31T14:06:15.904475+00:00
BN8SbBKxUpg,https://www.youtube.com/watch?v=BN8SbBKxUpg,【4K顶级画质】周杰伦《默》 神级现场 洗版收藏级 修复版！,Kilun,UCVB2mC4FyicvsjfQJLbyuxw,147,,,,10065,周杰伦 4K MV | 周杰伦 现场 Live,2026-07-31T14:06:15.904475+00:00
z_MZJn74zJA,https://www.youtube.com/watch?v=z_MZJn74zJA,【4K顶级画质丨周杰伦创作】南拳妈妈   东山再起 MV修复版 Flac无损音质封装！,4K流年,UCKq3pHCnxwpcBA6wAb5N__A,218,,,,728,周杰伦 4K MV,2026-07-31T14:06:15.904475+00:00
VMbG27QdWic,https://www.youtube.com/watch?v=VMbG27QdWic,【4K顶级画质丨周杰伦创作】陶晶莹   真的假的 MV修复版 Flac无损音质封装！,4K流年,UCKq3pHCnxwpcBA6wAb5N__A,233,,,,186,周杰伦 4K MV,2026-07-31T14:06:15.904475+00:00
PsnDktLqAus,https://www.youtube.com/watch?v=PsnDktLqAus,【4年前】周杰倫被陳年罵垃圾 袁立斥對方：傲慢無知,Yes娛樂,UCr-8dNDiVQHpWs7Znw4UQdQ,85,,,,14053,周杰伦 Official Music Video | 周杰伦 官方 MV | 周杰伦 现场 Live,2026-07-31T14:06:15.904475+00:00
R3leos7q-BM,https://www.youtube.com/watch?v=R3leos7q-BM,【5年前】大小S頒獎被批嘴賤低俗 FIR躺著中槍,Yes娛樂,UCr-8dNDiVQHpWs7Znw4UQdQ,92,,,,894158,周杰伦 歌曲,2026-07-31T14:06:15.904475+00:00
dpBZI022FcA,https://www.youtube.com/watch?v=dpBZI022FcA,【8D环绕混响🎧】周杰伦一小时环绕音乐（纯享版） #戴上耳机 #环绕音乐 #周杰伦 #音乐分享,空心音乐,UCQ64VRtmPpYcSXKNfNaqyfQ,3407,,,,451,周杰伦 歌曲,2026-07-31T14:06:15.904475+00:00
YIizJ1c9OfA,https://www.youtube.com/watch?v=YIizJ1c9OfA,【8D環繞/LIVE感拉滿】周杰倫 Jay Chou - 說了再見 Say Goodbye (高音質/戴耳機沉浸式體驗),JOY (8D Audio Lab),UCvdPjnRMh5OA2K6JdKC-qjQ,272,,,,8,周杰伦 现场 Live | 周杰伦 高音质,2026-07-31T14:06:15.904475+00:00
-J_vM1gfiN8,https://www.youtube.com/watch?v=-J_vM1gfiN8,【8D環繞/Live音質】周杰倫 - 晴天 (Jay Chou - Sunny Day) 戴上耳機世界只剩你和我 🎧,JOY (8D Audio Lab),UCvdPjnRMh5OA2K6JdKC-qjQ,267,,,,7,周杰伦 现场 Live,2026-07-31T14:06:15.904475+00:00
sZJ7AUeskks,https://www.youtube.com/watch?v=sZJ7AUeskks,【8D環繞沉浸】周杰倫 Jay Chou - 擱淺 Stranded (Live 演唱會現場版) 🎧 戴上耳機極致享受！,JOY (8D Audio Lab),UCvdPjnRMh5OA2K6JdKC-qjQ,235,,,,31,周杰伦 现场 Live,2026-07-31T14:06:15.904475+00:00
uAQ7DFXMkjI,https://www.youtube.com/watch?v=uAQ7DFXMkjI,【8K60FPS顶级画质】周杰伦2021浦发TVC宣传片8K 4K修复版！画面很丝滑！画质很极致！,4K流年,UCKq3pHCnxwpcBA6wAb5N__A,79,,,,302,周杰伦 4K MV,2026-07-31T14:06:15.904475+00:00
yhdryAhTKhI,https://www.youtube.com/watch?v=yhdryAhTKhI,【?分】难道是第二伟大的作品？周杰伦《太阳之子》专辑测评 #周杰伦 #太阳之子 #周杰伦新专辑 #中文说唱 #炙热计划,叫累焦雷,UCbv0mXB5tshI2gRbHbqHQBA,847,,,,49,周杰伦 专辑,2026-07-31T14:06:15.904475+00:00
EQ7lCdjoJoU,https://www.youtube.com/watch?v=EQ7lCdjoJoU,【AI原創歌曲】《功夫女足 - 至尊無敵盃》Kung Fu Soccer Ai女聲 [四] 國語歌 |音樂作品|原創作品|周星馳|何穎璇|張小斐|迪麗熱巴|張藝興|劉嘉玲|佐藤健|張繼聰,真·音樂,UCrtWuoUi3W7BTfVF8eEi0fw,173,,,,56483,周杰伦 歌曲,2026-07-31T14:06:15.904475+00:00
UzeUhNzrcE0,https://www.youtube.com/watch?v=UzeUhNzrcE0,【AI周杰伦】10年前的周杰伦唱《烟圈》，有一点巴味了！,Time Canvas Music,UCcAFrHC7BR-N4UIoI--_ADA,265,,,,1044,周杰伦 杰威尔音乐,2026-07-31T14:06:15.904475+00:00
4-ZlcLNZ_XY,https://www.youtube.com/watch?v=4-ZlcLNZ_XY,【AI翻唱】愛在西元前 -用楔形文字刻下了永遠 那已風化千年的誓言 | 周杰倫 | A4不想上班,A4-UX不想上班頻道,UCS1-tnfxrAoBaCQ7qgUkFcw,285,,,,285670,周杰伦 歌曲,2026-07-31T14:06:15.904475+00:00
Qy1seWS2EYY,https://www.youtube.com/watch?v=Qy1seWS2EYY,【AMV】 - 『Zhou Daxia-Jay Chou』,Kyyosh,UCGnxqe8IJekDmmI9oDbHx0w,128,,,,6751,Jay Chou Official MV,2026-07-31T14:06:15.904475+00:00
LXL1SQGt8Ec,https://www.youtube.com/watch?v=LXL1SQGt8Ec,【City News】JF音樂佈道會 一起瘋耶穌,新生命小組教會New Life Church,UChWquKFH5jYw3Oxu5oQ40aA,92,,,,3837,周杰伦 Sony Music Taiwan,2026-07-31T14:06:15.904475+00:00
XkIJqVoB5-4,https://www.youtube.com/watch?v=XkIJqVoB5-4,【CLIP】周杰伦再次演绎《青花瓷》 迷弟王俊凯星星眼看呆《浙江卫视年中盛典 让原创发声》 20190713 [浙江卫视官方HD],中国浙江卫视官方频道 Zhejiang STV Official Channel - 欢迎订阅 -,UC52EYUUSlzcYqHj-qsx0RHg,243,,,,549700,周杰伦 现场 Live,2026-07-31T14:06:15.904475+00:00
VBEFCzP19Js,https://www.youtube.com/watch?v=VBEFCzP19Js,【CLIP】超强回忆杀来袭！周杰伦温柔演唱《简单爱》《浙江卫视年中盛典 让原创发声》 20190713 [浙江卫视官方HD],中国浙江卫视官方频道 Zhejiang STV Official Channel - 欢迎订阅 -,UC52EYUUSlzcYqHj-qsx0RHg,177,,,,107642,周杰伦 Official Music Video | 周杰伦 现场 Live,2026-07-31T14:06:15.904475+00:00
p0yAnVSxnm8,https://www.youtube.com/watch?v=p0yAnVSxnm8,【Cover】Jay Chou 周杰伦《止战之殇 (Song of the Dying War)》 - 深情改编版 (Official Music Video),961Flow,UClmnnljAYM9m5BOOD2Uv3Mw,187,,,,2848,Jay Chou Official MV | 周杰伦 Official Music Video,2026-07-31T14:06:15.904475+00:00
OlwufquLFXY,https://www.youtube.com/watch?v=OlwufquLFXY,【EP9裘德CUT🎶】藏着迪士尼浪漫的《爱情36计》！裘德的跳舞名场面持续上新！听说买周杰伦磁带买成许嵩的了？#国乐无双 EP9 20260729,浙江卫视国乐无双官方频道-欢迎订阅,UCCAe_cPkABsX_bu2aU2X0Ww,808,,,,35,周杰伦 歌曲,2026-07-31T14:06:15.904475+00:00
M-a8ennV7dg,https://www.youtube.com/watch?v=M-a8ennV7dg,【FHD】雙J 周杰倫+蔡依林 - 給我一首歌的時間,JolinLove520fansclub,UC2Egn9LHApkubC7q2FjnOjg,284,,,,10494003,周杰伦 4K MV | 周杰伦 JVR Music | 周杰伦 Official Music Video | 周杰伦 完整版 | 周杰伦 歌曲 | 周杰伦 歌词版 | 周杰伦 演唱会 | 周杰伦 现场 Live,2026-07-31T14:06:15.904475+00:00
5GcLSQ-Tuv0,https://www.youtube.com/watch?v=5GcLSQ-Tuv0,【FM首播】周杰伦Jay Chou - 《红尘客栈》(完整版),McGrady Luo,UCXJuZQdHIwubM3mjNEX0qgA,270,,,,81025,周杰伦 完整版,2026-07-31T14:06:15.904475+00:00
YOliKRK-Dxk,https://www.youtube.com/watch?v=YOliKRK-Dxk,【FM首播】周杰倫-紅塵客棧 (Hit Fm首播完整版),Siang Kai,UCfEjSlToqdzRqqu_ToijaPA,270,,,,539595,周杰伦 完整版,2026-07-31T14:06:15.904475+00:00
7BNBSArUXvo,https://www.youtube.com/watch?v=7BNBSArUXvo,【FULL】《中国新歌声2》第1期: 周杰伦陈奕迅正面交锋抢学员 叶炫清一首《从前慢》唱哭刘欢 SING!CHINA S2 EP.1 20170714 [浙江卫视官方HD],浙江卫视音乐频道 ZJSTV Music Channel - 欢迎订阅 -,UCp8cPvx_Od76EL66vvCnhRA,6087,,,,7879984,周杰伦 完整版,2026-07-31T14:06:15.904475+00:00
JpAsqp2Apk4,https://www.youtube.com/watch?v=JpAsqp2Apk4,【FULL】《中国新歌声》第2期卫视版：周杰伦爆笑模仿周杰伦 女嗓男遭四导师疯抢SING!CHINA EP 2 20160722 官方超清1080P 周杰伦 那英 汪峰 庾澄庆,中国好声音官方频道SING!CHINA Official Channel,UCTmSp0HNi-NVxFinOsp1O4g,5435,,,,256208,周杰伦 完整版,2026-07-31T14:06:15.904475+00:00
YWkIW5KPGUI,https://www.youtube.com/watch?v=YWkIW5KPGUI,【FULL】她踮腳吻了冷麪校草後轉身想跑，那個男人竟反客爲主將她按在牆上深吻，原來他一直偷偷喜歡她，只是等她主動！😍 #drama #lovestory,瑶瑶爱追剧,UC6rJuYMZWNxG-GQ0LIQr3kg,7777,,,,44,周杰伦 Official Music Video | 周杰伦 完整版 | 周杰伦 现场 Live,2026-07-31T14:06:15.904475+00:00
-aMdBA00Ijc,https://www.youtube.com/watch?v=-aMdBA00Ijc,【HD】周深 - 大魚 [歌詞字幕][動畫電影《大魚海棠》印象曲][完整高清音質] Big Fish & Begonia Theme Song (Zhou Shen - Big Fish),BELLA PING MUSIC CHANNEL,UCc0vR4YlrUprAX_AMylgOvg,315,,,,37601143,周杰伦 4K MV,2026-07-31T14:06:15.904475+00:00
52R76yUDal8,https://www.youtube.com/watch?v=52R76yUDal8,【HiRes 24bit 96khz】周杰伦《周杰伦的床边故事》专辑母带音频歌词版,HiRes无损体验馆,UCxO_E6jVdgzqPZDm8dqlqRw,2283,,,,23,周杰伦 专辑,2026-07-31T14:06:15.904475+00:00
7kQ2qmrsQzI,https://www.youtube.com/watch?v=7kQ2qmrsQzI,【HIRES无损】周杰伦《太阳之子》新专辑 纯享版,dongsheng li,UCNrKNlLOSRfG3wOhiw4DHdg,2909,,,,16725,周杰伦 专辑,2026-07-31T14:06:15.904475+00:00
uC4pklO8Uzs,https://www.youtube.com/watch?v=uC4pklO8Uzs,【I Want to Eat Your Pancreas】First Movie Trailer 10/6 (Friday) Take You to Live,GaragePlay 車庫娛樂,UCyNixargb5VhzNV2URJRubA,93,,,,183421,周杰伦 Official Music Video,2026-07-31T14:06:15.904475+00:00
f_8s0KCLvns,https://www.youtube.com/watch?v=f_8s0KCLvns,【Jay Chou 周杰伦】《说好的幸福呢》MIDI扒带伴奏拆解纯享版，只听人声你就亏了！！！,尛樂音乐,UCBtxHqv-zfpMroY9NRGDCpw,255,,,,497,周杰伦 杰威尔音乐,2026-07-31T14:06:15.904475+00:00
So5DK2NYrLY,https://www.youtube.com/watch?v=So5DK2NYrLY,【Jay Chou】 周杰倫第三張張專輯合輯- 八度空間(2002/7/18)收入所有歌曲 #周杰倫   #jay,Relieve stress music channel,UCI4QA9VrtbFuqXeYWbznA7g,2585,,,,2051,周杰伦 专辑,2026-07-31T14:06:15.904475+00:00
CJAK6s1U_j4,https://www.youtube.com/watch?v=CJAK6s1U_j4,【Jay Chou周杰伦歌曲精选30首歌词版】周杰伦歌曲合集  听歌睡觉写作业必备,MusicKing,UCmH3RDfKe7BxnA4l67v03YQ,7983,,,,1496,周杰伦 歌曲,2026-07-31T14:06:15.904475+00:00
paEmbeyzpcw,https://www.youtube.com/watch?v=paEmbeyzpcw,"【JFFLIVE直播精華】""床哥狠批"" 周杰倫演唱會2025 頭場如同唱K？｜一個鐘大合唱時間｜點歌環節一塌糊塗？｜床哥心事台【中文字幕】",錦鯉想點,UCqWfFyiH2tGQD0rQP25e-Zw,671,,,,106572,周杰伦 演唱会,2026-07-31T14:06:15.904475+00:00
8fHilOFedio,https://www.youtube.com/watch?v=8fHilOFedio,【K歌日常】等你下課 - 周杰倫 & 楊瑞代 (Cover By 蠢蠢),蠢蠢,UCJMjp_3XLlQJg6pPfuD4L1Q,270,,,,213382,周杰伦 Sony Music Taiwan,2026-07-31T14:06:15.904475+00:00
C4dluIKEkKY,https://www.youtube.com/watch?v=C4dluIKEkKY,【Live House】楓 cover 周杰倫 完整版,德米凱麗斯,UCRYcd3JdH0cBTnobG2rvSJg,259,,,,18444,周杰伦 完整版,2026-07-31T14:06:15.904475+00:00
vXTTbsmQ74Y,https://www.youtube.com/watch?v=vXTTbsmQ74Y,【LIVE】周杰伦 Jay Chou 《不能说的秘密》高清现场 | 歌词版,Kaizy TV,UCWJfoelhh957FTLDgaonYBQ,302,,,,118915,周杰伦 歌词版 | 周杰伦 演唱会 | 周杰伦 现场 Live,2026-07-31T14:06:15.904475+00:00
dnA1NaIzccs,https://www.youtube.com/watch?v=dnA1NaIzccs,"【Multi Sub】On a rainy night, two lost souls became each other's only light.",Water drama,UCRU798Q0HsH1ZwqYzxp3A0g,10007,,,,6781,周杰伦 演唱会 | 周杰伦 高音质,2026-07-31T14:06:15.904475+00:00
gqx56zsrHgs,https://www.youtube.com/watch?v=gqx56zsrHgs,【MV】周杰倫  不愛我就拉倒,Kevin禹,UCRC4XamKFtWcXDEGhUvjT_A,251,,,,20,周杰伦 1080P MV,2026-07-31T14:06:15.904475+00:00
F5kp2o2nLRA,https://www.youtube.com/watch?v=F5kp2o2nLRA,【Original Lyrics】Mojito 粵語版 | 周杰倫 Jay Chou Cantonese Cover | 全網最騷JoJo Dance,Bili Eason,UCGd32fzWNYGsJpZ8eA-Na-A,191,,,,263595,周杰伦 lyric video,2026-07-31T14:06:15.904475+00:00
rgXkKFvQUZA,https://www.youtube.com/watch?v=rgXkKFvQUZA,【Piano Cover】Jay Chou 周杰倫 - 稻香 Rice Field｜高還原純鋼琴版｜高音質/附譜/附歌詞,Nice piano sheets,UCI2FRQyYm-Vo9rvs6q6wcHg,232,,,,513722,周杰伦 高音质,2026-07-31T14:06:15.904475+00:00
rl2tRoxObnM,https://www.youtube.com/watch?v=rl2tRoxObnM,【Piano Cover】Jay Chou 周杰倫 - 蒲公英的約定｜高還原鋼琴版｜高音質/附譜/歌詞,Nice piano sheets,UCI2FRQyYm-Vo9rvs6q6wcHg,268,,,,1030777,周杰伦 完整版 | 周杰伦 高音质,2026-07-31T14:06:15.904475+00:00
ynH9r7shHBg,https://www.youtube.com/watch?v=ynH9r7shHBg,【Piano Cover】Jay Chou周杰倫 - 晴天/Sunny Day｜高還原純鋼琴版｜高音質/附譜/歌詞,Nice piano sheets,UCI2FRQyYm-Vo9rvs6q6wcHg,286,,,,509317,周杰伦 高音质,2026-07-31T14:06:15.904475+00:00
KnZIniG8spI,https://www.youtube.com/watch?v=KnZIniG8spI,【Piano Cover】周杰倫 Jay Chou - 一路向北 All the Way North｜高還原純鋼琴版｜高音質/附譜/歌詞,Nice piano sheets,UCI2FRQyYm-Vo9rvs6q6wcHg,294,,,,98488,周杰伦 高音质,2026-07-31T14:06:15.904475+00:00
bLIvTFLj3Tg,https://www.youtube.com/watch?v=bLIvTFLj3Tg,【Piano Cover】周杰倫 Jay Chou - 不能說的祕密/Secret｜高還原純鋼琴版｜高音質/附譜/附歌詞,Nice piano sheets,UCI2FRQyYm-Vo9rvs6q6wcHg,321,,,,258863,周杰伦 高音质,2026-07-31T14:06:15.904475+00:00
ti4GsaiePDI,https://www.youtube.com/watch?v=ti4GsaiePDI,【Piano Cover】周杰倫 Jay Chou - 安靜/Silence｜高還原純鋼琴版｜高音質/附譜/附歌詞,Nice piano sheets,UCI2FRQyYm-Vo9rvs6q6wcHg,360,,,,144726,周杰伦 高音质,2026-07-31T14:06:15.904475+00:00
otzGfAsC04k,https://www.youtube.com/watch?v=otzGfAsC04k,【Piano Cover】周杰倫 Jay Chou - 彩虹 Rainbow｜高還原純鋼琴版｜高音質/附譜/附歌詞,Nice piano sheets,UCI2FRQyYm-Vo9rvs6q6wcHg,300,,,,124240,周杰伦 高音质,2026-07-31T14:06:15.904475+00:00
Uk3lDZy30jU,https://www.youtube.com/watch?v=Uk3lDZy30jU,【Piano Cover】周杰倫 Jay Chou - 最偉大的作品 Greatest Works of Art｜電腦演奏完美版｜高音質/附譜/歌詞,Nice piano sheets,UCI2FRQyYm-Vo9rvs6q6wcHg,304,,,,109841,周杰伦 高音质,2026-07-31T14:06:15.904475+00:00
kwUxU2l_u60,https://www.youtube.com/watch?v=kwUxU2l_u60,【Piano Cover】周杰倫 Jay Chou - 最偉大的作品 Greatest Works of Art｜高還原純鋼琴版｜高音質/附譜/歌詞,Nice piano sheets,UCI2FRQyYm-Vo9rvs6q6wcHg,302,,,,704142,周杰伦 高音质,2026-07-31T14:06:15.904475+00:00
bz0Y_WAgrnc,https://www.youtube.com/watch?v=bz0Y_WAgrnc,【Piano Cover】周杰倫 Jay Chou - 等你下課/ Waiting For You｜高還原純鋼琴版｜高音質/附譜/歌詞,Nice piano sheets,UCI2FRQyYm-Vo9rvs6q6wcHg,288,,,,109152,周杰伦 高音质,2026-07-31T14:06:15.904475+00:00
G9hI6-RoySY,https://www.youtube.com/watch?v=G9hI6-RoySY,【Piano Cover】周杰倫 Jay Chou - 說了再見 Say Goodbye｜高還原純鋼琴版｜高音質/附譜/歌詞,Nice piano sheets,UCI2FRQyYm-Vo9rvs6q6wcHg,291,,,,267058,周杰伦 歌词版 | 周杰伦 高音质,2026-07-31T14:06:15.904475+00:00
EWLSA3HCqas,https://www.youtube.com/watch?v=EWLSA3HCqas,【Piano Cover】周杰倫 Jay Chou - 說好不哭/Won't Cry｜高還原純鋼琴版｜高音質/附譜/歌詞,Nice piano sheets,UCI2FRQyYm-Vo9rvs6q6wcHg,238,,,,103455,周杰伦 高音质,2026-07-31T14:06:15.904475+00:00
sJryR9mYpcs,https://www.youtube.com/watch?v=sJryR9mYpcs,【Piano Cover】周杰倫 Jay Chou - 說好的幸福呢 The Promised Love｜高還原純鋼琴版｜高音質/附譜/歌詞,Nice piano sheets,UCI2FRQyYm-Vo9rvs6q6wcHg,247,,,,170833,周杰伦 高音质,2026-07-31T14:06:15.904475+00:00
RBx73RZHj08,https://www.youtube.com/watch?v=RBx73RZHj08,【Piano Cover】周杰倫 Jay Chou - 龍捲風 Tornado｜高還原純鋼琴版｜高音質/附譜/歌詞,Nice piano sheets,UCI2FRQyYm-Vo9rvs6q6wcHg,271,,,,68245,周杰伦 高音质,2026-07-31T14:06:15.904475+00:00
P8F3Ep04ZNM,https://www.youtube.com/watch?v=P8F3Ep04ZNM,【Piano Cover】超好聽的電影OST｜周杰倫 Jay Chou - 路小雨/Lu Xiao Yu｜電影【不能說的秘密】插曲｜高還原純鋼琴版｜高音質/附譜,Nice piano sheets,UCI2FRQyYm-Vo9rvs6q6wcHg,125,,,,589309,周杰伦 Official Music Video | 周杰伦 完整版 | 周杰伦 歌曲 | 周杰伦 高音质,2026-07-31T14:06:15.904475+00:00
Hotlh5Sr9lk,https://www.youtube.com/watch?v=Hotlh5Sr9lk,【ShareMTV】周杰伦 不要你离开(暂定) 完整歌词版(请支持正版),xc350123,UCmhxJkYgSWECsEZnsLlKyZA,265,,,,118254,周杰伦 歌词版,2026-07-31T14:06:15.904475+00:00
_eHMveOPH2M,https://www.youtube.com/watch?v=_eHMveOPH2M,【ShareMTV】周杰伦 乔克叔叔MV 北京发布会版本,xc350123,UCmhxJkYgSWECsEZnsLlKyZA,253,,,,6477,周杰伦 Sony Music Taiwan,2026-07-31T14:06:15.904475+00:00
C1_nxSNmaQY,https://www.youtube.com/watch?v=C1_nxSNmaQY,【ShareMTV】杨瑞代 Ft. 周杰伦 月光 完整版,xc350123,UCmhxJkYgSWECsEZnsLlKyZA,238,,,,68732,周杰伦 完整版,2026-07-31T14:06:15.904475+00:00
Z7SuNpkaDb0,https://www.youtube.com/watch?v=Z7SuNpkaDb0,【ShareMTV】独家首播周杰伦第二波主打听写歌 希腊宝藏 完整版试听,xc350123,UCmhxJkYgSWECsEZnsLlKyZA,272,,,,23973,周杰伦 完整版,2026-07-31T14:06:15.904475+00:00
Pf7QV_hF1g4,https://www.youtube.com/watch?v=Pf7QV_hF1g4,【TFBOYS 王俊凱】周杰倫演唱會與王俊凱首次同台合唱官攝版 （結尾有彩蛋哦╰(*°▽°*)╯【Karry Wang Junkai】,TFBOYS 王俊凱 個人頻道 KARRY WANG JUNKAI,UCXw1apZXvfjtMHh3JzrCSyg,183,,,,22237,周杰伦 演唱会,2026-07-31T14:06:15.904475+00:00
98NJi-865og,https://www.youtube.com/watch?v=98NJi-865og,【TG·CH】周杰伦   LanTing序MV 1080P修复版,华语娱乐汇总,UCQgoucumwvv70WxGeK_nJUA,266,,,,5,周杰伦 1080P MV,2026-07-31T14:06:15.904475+00:00
4C9Lro1buU0,https://www.youtube.com/watch?v=4C9Lro1buU0,【TG·CH】周杰伦   免费教学录影带 1080P修复版,华语娱乐汇总,UCQgoucumwvv70WxGeK_nJUA,262,,,,16,周杰伦 1080P MV,2026-07-31T14:06:15.904475+00:00
jbVLuaXz1vo,https://www.youtube.com/watch?v=jbVLuaXz1vo,【TG·CH】周杰伦   爷爷泡的茶MV 1080p修复版,华语娱乐汇总,UCQgoucumwvv70WxGeK_nJUA,244,,,,8,周杰伦 1080P MV,2026-07-31T14:06:15.904475+00:00
pZG9SuKILt8,https://www.youtube.com/watch?v=pZG9SuKILt8,【TG·CH】周杰伦   自导自演 1080P修复版,华语娱乐汇总,UCQgoucumwvv70WxGeK_nJUA,253,,,,11,周杰伦 1080P MV,2026-07-31T14:06:15.904475+00:00
9uKMnvddx0Q,https://www.youtube.com/watch?v=9uKMnvddx0Q,【TG·CH】周杰伦   菊花台MV 1080P修复版,华语娱乐汇总,UCQgoucumwvv70WxGeK_nJUA,295,,,,2,周杰伦 1080P MV,2026-07-31T14:06:15.904475+00:00
6qtFTw_FPtA,https://www.youtube.com/watch?v=6qtFTw_FPtA,【TG·CH】周杰伦   麦芽糖MV 1080P修复版,华语娱乐汇总,UCQgoucumwvv70WxGeK_nJUA,259,,,,7,周杰伦 1080P MV,2026-07-31T14:06:15.904475+00:00
R3N9wVN-IPo,https://www.youtube.com/watch?v=R3N9wVN-IPo,【TG·CH】周杰伦   黑色幽默MV 1080P修复版,华语娱乐汇总,UCQgoucumwvv70WxGeK_nJUA,283,,,,29,周杰伦 1080P MV,2026-07-31T14:06:15.904475+00:00
_n2S1c2gL2k,https://www.youtube.com/watch?v=_n2S1c2gL2k,【TG·CH】周杰伦  《轨迹》MV 1080P修复版,Kilun,UCVB2mC4FyicvsjfQJLbyuxw,324,,,,354,周杰伦 1080P MV,2026-07-31T14:06:15.904475+00:00
RdJOt-L8H-0,https://www.youtube.com/watch?v=RdJOt-L8H-0,【TVBS】擊敗Beats成「聽歌神器」 周董入股賣耳機,TVBS NEWS,UC5nwNW4KdC0SzrhF9BXEYOQ,105,,,,4377,周杰伦 Sony Music Taiwan,2026-07-31T14:06:15.904475+00:00
TyTJJAyO9cI,https://www.youtube.com/watch?v=TyTJJAyO9cI,【VLOG】周杰伦演唱会 | 我的青春没有遗憾了！ Vlog #15,Ziying Won,UCsNHAFXSc8A6IBrQkO9uagg,885,,,,1097,周杰伦 演唱会,2026-07-31T14:06:15.904475+00:00
DlsjEpiA4Sc,https://www.youtube.com/watch?v=DlsjEpiA4Sc,【ZIBO乐评】周杰伦《同名专辑》（上）,ZIBO资博,UCuYcbG44ydXpQPfV2X0UhYw,269,,,,30439,周杰伦 专辑,2026-07-31T14:06:15.904475+00:00
9PsWOi8sCeg,https://www.youtube.com/watch?v=9PsWOi8sCeg,【{甜甜的 南宁}周杰伦嘉年华2演唱会DAY1,Zu Wong Le,UCCG9V_-G2urTtYCeKqsFmAA,9901,,,,2942,周杰伦 演唱会,2026-07-31T14:06:15.904475+00:00
zEoVTZ6XMz8,https://www.youtube.com/watch?v=zEoVTZ6XMz8,【一次看完4天演唱會】周杰倫多有心？登大巨蛋歷史一刻 把明星朋友都約來了一起破蛋 @ebcstars,東森娛樂,UCmyVDKnXwdw3McUlcijqmvQ,980,,,,111483,周杰伦 演唱会,2026-07-31T14:06:15.904475+00:00
MwyTKFEtRos,https://www.youtube.com/watch?v=MwyTKFEtRos,【一路向北】Jay Chou 周杰伦《一路向北》万人大合唱现场，4K超清视频,寻音,UCyQw5Hbo7MNgWveG7CBDVpg,309,,,,397,周杰伦 4K MV,2026-07-31T14:06:15.904475+00:00
pDonIdAMEy0,https://www.youtube.com/watch?v=pDonIdAMEy0,【一週八天 8 Days A Week】 Official Music Video ｜【黃氏兄弟】瑋瑋 黃挺瑋首張個人創作EP《Pull n' Push》,黃氏兄弟,UCV_S2S-Zs8LeuJxK-T3RQQg,200,,,,3666319,周杰伦 Sony Music Taiwan,2026-07-31T14:06:15.904475+00:00
ixC5YIs7XYc,https://www.youtube.com/watch?v=ixC5YIs7XYc,【七月的極光】周杰倫Jay Chou《太陽之子》06 (純享版),講話沒重點,UC6Qx0smtqSTspGwIWal5kGg,192,,,,55,周杰伦 JVR Music,2026-07-31T14:06:15.904475+00:00
K-dI5nbRd30,https://www.youtube.com/watch?v=K-dI5nbRd30,【中國新歌聲－單曲】費玉清《青花瓷》＋費玉清＆周杰倫《千里之外》,Video&Music Production,UCBopJbCUA1_ynUg3dkvqawA,262,,,,270943,周杰伦 现场 Live,2026-07-31T14:06:15.904475+00:00
_IkLeKonogc,https://www.youtube.com/watch?v=_IkLeKonogc,【你沒看過的周杰倫】《晴天》咪咕2022 完整版Live 高音依舊能打！,Kilun,UCVB2mC4FyicvsjfQJLbyuxw,256,,,,64658,周杰伦 完整版 | 周杰伦 现场 Live,2026-07-31T14:06:15.904475+00:00
snXNxMwXsfA,https://www.youtube.com/watch?v=snXNxMwXsfA,【依然范特西】周杰伦 《本草纲目》 4K修复版,leviOsa Music,UCabQ5BBCjgLwNyRy7YmkP3Q,226,,,,352,周杰伦 4K MV,2026-07-31T14:06:15.904475+00:00
rBkrfi5dw9E,https://www.youtube.com/watch?v=rBkrfi5dw9E,【倒带（黑胶版）】【周杰伦】----【高音质】【动态歌词】,YTのMUSIC,UCgoIE3gRvrvUv6B4R_sHdsw,267,,,,9,周杰伦 高音质,2026-07-31T14:06:15.904475+00:00
gjNvMzForzo,https://www.youtube.com/watch?v=gjNvMzForzo,【全集】伍佰痛風纏身30年！拄拐杖吃力走路引關注【57健康同學會】20260729｜陳柏臣、Angela、張翠芬、吳明珠、張予馨,東森超視,UCL7bheTrjSa9wipFYHw_6gA,2883,,,,95,周杰伦 完整版,2026-07-31T14:06:15.904475+00:00
6ADTHlorMFk,https://www.youtube.com/watch?v=6ADTHlorMFk,【全集】💥十七歲逃婚少女❤️‍🔥雨夜撞見被討債圍堵的落魄天才…約定一起考出小鎮，高考落幕他卻消失只留一封信，帶著所有秘密消失了！#drama #短劇 #短劇全集 #電影#逆襲 #爽文,好運劇場,UCjZdNmiwO36vKg3uw9i0TjA,10041,,,,6381,周杰伦 完整版,2026-07-31T14:06:15.904475+00:00
9TD8CBQisMI,https://www.youtube.com/watch?v=9TD8CBQisMI,【分裂 Split】周杰倫 Jay Chou《歌詞》,kiki lyrics,UC4eOORT0ybwg16oqWguYwYQ,259,,,,199244,周杰伦 官方 MV,2026-07-31T14:06:15.904475+00:00
eHkVD5INtSc,https://www.youtube.com/watch?v=eHkVD5INtSc,【初戀時光機 Time Freak】 DVD 3/15 穿越時空 挽回真愛,CAICHANG 采昌影音館,UCNrawah65mASB20gaiBuZjQ,138,,,,4353,周杰伦 Official Music Video | 周杰伦 完整版 | 周杰伦 官方 MV,2026-07-31T14:06:15.904475+00:00
2MtB-4lf5Sk,https://www.youtube.com/watch?v=2MtB-4lf5Sk,【十一月的蕭邦】周杰伦 《四面楚歌 》 4K修复版,leviOsa Music,UCabQ5BBCjgLwNyRy7YmkP3Q,250,,,,332,周杰伦 4K MV,2026-07-31T14:06:15.904475+00:00
NS8rzuBVkOM,https://www.youtube.com/watch?v=NS8rzuBVkOM,【千萬別請周杰倫當嘉賓！】一上場直接搶走演唱會，粉絲集體叛變！阿信：都是假粉絲！｜周杰倫｜Jay Chou｜演唱會嘉賓｜五月天｜阿信｜張惠妹｜陳奕迅｜林俊傑,娛樂圈深水炸彈,UC1awcaUIyAJGyzYigsszNYQ,979,,,,111108,周杰伦 演唱会,2026-07-31T14:06:15.904475+00:00
BMJTsQGglSw,https://www.youtube.com/watch?v=BMJTsQGglSw,【单曲纯享版】周杰伦 向洋《双截棍》 《中国新歌声》第13期 SING!CHINA EP.13 20161007 [浙江卫视官方超清1080P] 周杰伦战队,浙江卫视音乐频道 ZJSTV Music Channel - 欢迎订阅 -,UCp8cPvx_Od76EL66vvCnhRA,198,,,,113391,周杰伦 1080P MV,2026-07-31T14:06:15.904475+00:00
tavO6d5qtEA,https://www.youtube.com/watch?v=tavO6d5qtEA,【单曲纯享版】周杰伦 羽田《算什么男人》 《中国新歌声》澳门演唱会 SING!CHINA SP.2 20161003 [浙江卫视官方超清1080P],浙江卫视音乐频道 ZJSTV Music Channel - 欢迎订阅 -,UCp8cPvx_Od76EL66vvCnhRA,282,,,,219429,周杰伦 现场 Live,2026-07-31T14:06:15.904475+00:00
mw90POFCMUQ,https://www.youtube.com/watch?v=mw90POFCMUQ,【单曲纯享版】周杰伦 费玉清《千里之外》 《中国新歌声》第7期 SING!CHINA EP.7 20160826 [浙江卫视官方超清1080P],浙江卫视音乐频道 ZJSTV Music Channel - 欢迎订阅 -,UCp8cPvx_Od76EL66vvCnhRA,221,,,,16717940,Jay Chou Official MV | 周杰伦 1080P MV | 周杰伦 4K MV | 周杰伦 Official Music Video | 周杰伦 lyric video | 周杰伦 专辑 | 周杰伦 完整版 | 周杰伦 官方 MV | 周杰伦 歌曲 | 周杰伦 歌词版 | 周杰伦 演唱会 | 周杰伦 现场 Live | 周杰伦 高音质,2026-07-31T14:06:15.904475+00:00
z4yO41vuGVY,https://www.youtube.com/watch?v=z4yO41vuGVY,【去年聖誕節】國際版預告-12月6日 心心相印,環球影片 官方頻道,UC0w338Zlnrm8rUXC1GB-FGQ,181,,,,662644,周杰伦 Official Music Video | 周杰伦 lyric video,2026-07-31T14:06:15.904475+00:00
hx5dcmBHz_k,https://www.youtube.com/watch?v=hx5dcmBHz_k,【台北大巨蛋】周杰倫演唱會精彩片短。source 杰威爾音樂,皮丘,UCRCgPw0oI7ZGojdtrMUZ9hg,192,,,,96,周杰伦 杰威尔音乐,2026-07-31T14:06:15.904475+00:00
HV52v_A8mCk,https://www.youtube.com/watch?v=HV52v_A8mCk,【叱咤風雲】周杰倫神曲曝光 親上陣飆高難度吉他Solo,達人秀新聞,UCGSb1ZNgtYf4_Sqkvambe1Q,97,,,,7438,周杰伦 JVR Music,2026-07-31T14:06:15.904475+00:00
2KHkEp_2tUw,https://www.youtube.com/watch?v=2KHkEp_2tUw,【吉他弹唱】搁浅 周杰伦 【吉他弹唱】搁浅 周杰伦1080P,音乐 个人秀,UC3W6d2rIsUdBnCpxlOnxlqg,95,,,,940,周杰伦 1080P MV,2026-07-31T14:06:15.904475+00:00
JZ246rnln4w,https://www.youtube.com/watch?v=JZ246rnln4w,【告白气球】周杰伦《嘉年华》世界巡回演唱会 新加坡 12/18/2022,琪,UCRiFK9fiLYAB973HAjZHKNw,188,,,,1147,周杰伦 演唱会,2026-07-31T14:06:15.904475+00:00
8h1nUxXUHZM,https://www.youtube.com/watch?v=8h1nUxXUHZM,【周五组合｜梦幻联动】周杰倫 五月天 伤心的人别听慢歌 ＋ 龙卷风 01.01.2022 跨年演唱会,music live video,UCPFz0Ln8lQEs0ge1zkA8E8w,619,,,,134934,周杰伦 现场 Live,2026-07-31T14:06:15.904475+00:00
EDiplU02nv4,https://www.youtube.com/watch?v=EDiplU02nv4,【周杰伦 Jay Chou】《秘密花园》HD Audio 高音质  【没有杂音，加长版】大灌篮／功夫灌篮 插曲 （从幕后花絮DVD取出来的，自己加长了）Kungfu Dunk NICE SONG,T Sing,UCH95lf-tpJzN-Pl5L_k2RzQ,103,,,,132202,周杰伦 高音质,2026-07-31T14:06:15.904475+00:00
JadvicytNBU,https://www.youtube.com/watch?v=JadvicytNBU,【周杰伦 Jay Chou】《落雨声》钢琴独奏 Audio HD 高音质 Solo Beautiful Piano Arrangement Music 第26届金曲奖 2015 江惠 特别贡献奖,T Sing,UCH95lf-tpJzN-Pl5L_k2RzQ,217,,,,26489,周杰伦 高音质,2026-07-31T14:06:15.904475+00:00
3s5VnviMPHQ,https://www.youtube.com/watch?v=3s5VnviMPHQ,【周杰伦2022全新专辑】《最伟大的作品》Greatest Works Of Art,bigger salmon,UCKYoidxkyHoJfNlj08hgZSQ,273,,,,50,周杰伦 专辑,2026-07-31T14:06:15.904475+00:00
iv4XQntJEwY,https://www.youtube.com/watch?v=iv4XQntJEwY,【周杰伦】 专辑 JAY 合集 无广告版,音乐爱听,UCNIdywvDVa2kxfZp-6mfezQ,2615,,,,11425,周杰伦 专辑,2026-07-31T14:06:15.904475+00:00
-cUVwMl5rhU,https://www.youtube.com/watch?v=-cUVwMl5rhU,【周杰伦】 专辑 范特西 合集 无广告版,音乐爱听,UCNIdywvDVa2kxfZp-6mfezQ,2394,,,,28268,周杰伦 专辑,2026-07-31T14:06:15.904475+00:00
4HsyxDEv6so,https://www.youtube.com/watch?v=4HsyxDEv6so,【周杰伦】《伊斯坦堡》高音质完整版伴奏欣赏！只听人声你就亏了！,JayChou Fans,UC1UdY-5gncENCu9urEe6w9Q,208,,,,498,周杰伦 高音质,2026-07-31T14:06:15.904475+00:00
Y3GqCgqh2wY,https://www.youtube.com/watch?v=Y3GqCgqh2wY,【周杰伦】《印第安老斑鸠》高音质完整版伴奏欣赏！只听人声你就亏了！,JayChou Fans,UC1UdY-5gncENCu9urEe6w9Q,301,,,,803,周杰伦 高音质,2026-07-31T14:06:15.904475+00:00
dbBdwXhKc9Q,https://www.youtube.com/watch?v=dbBdwXhKc9Q,【周杰伦】《娘子》高音质完整版伴奏欣赏！只听人声你就亏了！,JayChou Fans,UC1UdY-5gncENCu9urEe6w9Q,270,,,,1358,周杰伦 高音质,2026-07-31T14:06:15.904475+00:00
bqtkJj8CcRo,https://www.youtube.com/watch?v=bqtkJj8CcRo,【周杰伦】《斗牛》高音质完整版伴奏欣赏！只听人声你就亏了！,JayChou Fans,UC1UdY-5gncENCu9urEe6w9Q,289,,,,159,周杰伦 高音质,2026-07-31T14:06:15.904475+00:00
l1UwmzJEZUc,https://www.youtube.com/watch?v=l1UwmzJEZUc,【周杰伦】《黑色幽默》高音质完整版伴奏欣赏！只听人声你就亏了！,JayChou Fans,UC1UdY-5gncENCu9urEe6w9Q,279,,,,157,周杰伦 高音质,2026-07-31T14:06:15.904475+00:00
z2HOzbC2_wY,https://www.youtube.com/watch?v=z2HOzbC2_wY,【周杰伦】七里香 钢琴独奏 Jay Chou【Bi.Bi Piano】,BiBiPiano,UClmlWfXG2qoauM4H8hGXBlA,248,,,,263582,周杰伦 Sony Music Taiwan,2026-07-31T14:06:15.904475+00:00
SjWtqnXnUnU,https://www.youtube.com/watch?v=SjWtqnXnUnU,【周杰伦】伴奏的魅力！《发如雪》无主唱高音质伴奏欣赏！,Jay Love,UC2IZ-blOKyN8mX7y35P-klw,299,,,,267,周杰伦 高音质,2026-07-31T14:06:15.904475+00:00
Imj2vo4lA2U,https://www.youtube.com/watch?v=Imj2vo4lA2U,【周杰伦】借口 钢琴独奏 Jay Chou【Bi.Bi Piano】,BiBiPiano,UClmlWfXG2qoauM4H8hGXBlA,265,,,,187611,周杰伦 Sony Music Taiwan,2026-07-31T14:06:15.904475+00:00
UYdSNcamTco,https://www.youtube.com/watch?v=UYdSNcamTco,【周杰伦】园游会 钢琴独奏 Jay Chou【Bi.Bi Piano】,BiBiPiano,UClmlWfXG2qoauM4H8hGXBlA,195,,,,58515,周杰伦 Sony Music Taiwan,2026-07-31T14:06:15.904475+00:00
kcui5069fc0,https://www.youtube.com/watch?v=kcui5069fc0,【周杰伦】我不配,4K流年,UCKq3pHCnxwpcBA6wAb5N__A,285,,,,521,周杰伦 1080P MV,2026-07-31T14:06:15.904475+00:00
i_ehYcayrCc,https://www.youtube.com/watch?v=i_ehYcayrCc,【周杰伦】无损音质经典中国风歌曲丨华语中国风天花板丨《兰亭序》《发如雪》《青花瓷》《东风破》,傳奇小腦袋,UCnsNp7Nea3TY1py5LQCivmA,2194,,,,711,周杰伦 高音质,2026-07-31T14:06:15.904475+00:00
U8ifQWoL9rw,https://www.youtube.com/watch?v=U8ifQWoL9rw,【周杰伦】最新专辑《最伟大的作品》全专辑12首合辑 ‖还在流浪 说好不哭 红颜如霜 错过的烟火 等你下课 ‖ Jay Chou Latest New Album Topic,ADIOLIVE♪,UCNccafEoEFeAIGZ_8B4SnDw,5475,,,,3374,周杰伦 专辑,2026-07-31T14:06:15.904475+00:00
XGi7leBTgyU,https://www.youtube.com/watch?v=XGi7leBTgyU,【周杰伦】最新专辑《最伟大的作品》全专辑12首合辑 ‖还在流浪 说好不哭 红颜如霜 错过的烟火 等你下课 ‖ Jay Chou Latest New Album Topic,Music Star,UCGKGXaJA2a5wlZ1_BYApzkg,5501,,,,12,周杰伦 专辑,2026-07-31T14:06:15.904475+00:00
HQm_9ZRMjBM,https://www.youtube.com/watch?v=HQm_9ZRMjBM,【周杰伦】演唱会/突然cue老婆昆凌，章子怡好美啊！,Cherry Chen,UCBnvc43Om15yZlqhBlcYGUg,65,,,,197582,周杰伦 演唱会,2026-07-31T14:06:15.904475+00:00
eb2x41aThz8,https://www.youtube.com/watch?v=eb2x41aThz8,【周杰伦】精选歌单合集《听妈妈的话》《说好的幸福呢》《搁浅》《七里香》《安静》《简单爱》《枫》《蒲公英的约定》《一路向北》《兰亭序》,拾光音乐分享,UC49o48lT23URurvrlwFF49g,2745,,,,2,周杰伦 杰威尔音乐,2026-07-31T14:06:15.904475+00:00
fRzPUjFMwI4,https://www.youtube.com/watch?v=fRzPUjFMwI4,【周杰伦】经典好听的高品质音乐合集,爱音乐的金鱼姬,UCTcVFVf7Sdbh6NZKE7ep-ew,21173,,,,3565014,周杰伦 专辑 | 周杰伦 完整版 | 周杰伦 歌曲 | 周杰伦 高音质,2026-07-31T14:06:15.904475+00:00
jOGW6lKYx7c,https://www.youtube.com/watch?v=jOGW6lKYx7c,【周杰伦】经典好听的高品质音乐合集,快乐的,UCr0ENHXbp9wWK8W30xcJP7g,21174,,,,1029,周杰伦 杰威尔音乐,2026-07-31T14:06:15.904475+00:00
wRKO9B715Gs,https://www.youtube.com/watch?v=wRKO9B715Gs,【周杰伦】经典好听的高品质音乐合集,Non Copyright Claim Music Footage Contents  ,UCBnPrvqBEFdgT0esLHYqLEA,17789,,,,79,周杰伦 杰威尔音乐,2026-07-31T14:06:15.904475+00:00
AhyV1lM3l0E,https://www.youtube.com/watch?v=AhyV1lM3l0E,【周杰伦】黑色毛衣 钢琴独奏 Jay Chou【Bi.Bi Piano】,BiBiPiano,UClmlWfXG2qoauM4H8hGXBlA,247,,,,134833,周杰伦 Sony Music Taiwan,2026-07-31T14:06:15.904475+00:00
m_oCWggMpq8,https://www.youtube.com/watch?v=m_oCWggMpq8,【周杰伦专辑166首集合】每首歌曲 都是顶级文案 地表最高音质 中国流行浪潮的开拓者 p01 夜曲-周杰伦,有超超,UCOBruCHNxpEgGidFAizM2nw,228,,,,0,周杰伦 专辑,2026-07-31T14:06:15.904475+00:00
rD54mL75exg,https://www.youtube.com/watch?v=rD54mL75exg,【周杰伦专辑166首集合】每首歌曲 都是顶级文案 地表最高音质 中国流行浪潮的开拓者 p01 夜曲-周杰伦,有超超,UCOBruCHNxpEgGidFAizM2nw,228,,,,11,周杰伦 专辑,2026-07-31T14:06:15.904475+00:00
56LmQqNT1uk,https://www.youtube.com/watch?v=56LmQqNT1uk,【周杰伦专辑全回顾】第一期：《JAY》 #周杰伦  #JAY #龙卷风 #可爱女人 #星晴,韩若晴,UCxNBRQQenNRLlqx6OapEPqg,840,,,,2,周杰伦 专辑,2026-07-31T14:06:15.904475+00:00
R48ZNUzL6O0,https://www.youtube.com/watch?v=R48ZNUzL6O0,【周杰伦专辑全回顾】第一期：《JAY》 #周杰伦  #JAY #龙卷风 #可爱女人 #星晴,咸鱼频道QAQ,UCCfyJfZ8ZmKc2YYWQ4-22bw,846,,,,3,周杰伦 专辑,2026-07-31T14:06:15.904475+00:00
VMcU0D2thVo,https://www.youtube.com/watch?v=VMcU0D2thVo,【周杰伦专辑全回顾】第七期：《依然范特西》 #千里之外 #依然范特西 #周杰伦 #听妈妈的话 #菊花台,咸鱼频道QAQ,UC_nULZA0Uuag81Vtss_wqkg,603,,,,0,周杰伦 专辑,2026-07-31T14:06:15.904475+00:00
qEfh4GEYdpo,https://www.youtube.com/watch?v=qEfh4GEYdpo,【周杰伦专辑全回顾】第三期：《八度空间》 #八度空间 #半岛铁盒 #爷爷泡的茶 #周杰伦 #华语乐坛,咸鱼频道QAQ,UCCfyJfZ8ZmKc2YYWQ4-22bw,628,,,,10,周杰伦 专辑,2026-07-31T14:06:15.904475+00:00
42_1gHHZyak,https://www.youtube.com/watch?v=42_1gHHZyak,【周杰伦专辑全回顾】第九期：《魔杰座》 #稻香  #周杰伦  #说好的幸福呢 #给我一首歌的时间#魔杰座,咸鱼频道QAQ,UCCfyJfZ8ZmKc2YYWQ4-22bw,897,,,,7,周杰伦 专辑,2026-07-31T14:06:15.904475+00:00
cxel1Mjd1eU,https://www.youtube.com/watch?v=cxel1Mjd1eU,【周杰伦专辑全回顾】第二期：《范特西》 #周杰伦 #爱在西元前 #范特西 #双截棍 #开不了口 #周同學的精选,咸鱼频道QAQ,UC_nULZA0Uuag81Vtss_wqkg,562,,,,2,周杰伦 专辑,2026-07-31T14:06:15.904475+00:00
xOUIw-KAK3M,https://www.youtube.com/watch?v=xOUIw-KAK3M,【周杰伦专辑全回顾】第五期：《七里香》 #周杰伦 #七里香 #华语乐坛 #搁浅 #借口,咸鱼频道QAQ,UC_nULZA0Uuag81Vtss_wqkg,895,,,,4,周杰伦 专辑,2026-07-31T14:06:15.904475+00:00
IH2mT1b0too,https://www.youtube.com/watch?v=IH2mT1b0too,【周杰伦专辑全回顾】第八期：《我很忙》 #蒲公英的约定 #青花瓷 #周杰伦 #牛仔很忙 #华语乐坛,咸鱼频道QAQ,UCCfyJfZ8ZmKc2YYWQ4-22bw,667,,,,3,周杰伦 专辑,2026-07-31T14:06:15.904475+00:00
3nC3oov-WPE,https://www.youtube.com/watch?v=3nC3oov-WPE,【周杰伦专辑全回顾】第六期：《11月的萧邦》 #夜曲 #周杰伦 #发如雪 #一路向北 #黑色毛衣,咸鱼频道QAQ,UCCfyJfZ8ZmKc2YYWQ4-22bw,884,,,,14,周杰伦 专辑,2026-07-31T14:06:15.904475+00:00
Fx-5YHhsC08,https://www.youtube.com/watch?v=Fx-5YHhsC08,【周杰伦专辑全回顾】第十一期：《惊叹号》 #周杰伦 #惊叹号 #minemine #水手怕水 #琴伤,咸鱼频道QAQ,UC627aguMWZyF2otserqQbyQ,986,,,,1,周杰伦 专辑,2026-07-31T14:06:15.904475+00:00
1oX6ZuBI9kE,https://www.youtube.com/watch?v=1oX6ZuBI9kE,【周杰伦专辑全回顾】第十三期：《哎呦，不错哦》 #周杰伦 #哎呦不错哦 #算什么男人   #手写的从前 #天涯过客,咸鱼频道QAQ,UC_nULZA0Uuag81Vtss_wqkg,685,,,,1,周杰伦 专辑,2026-07-31T14:06:15.904475+00:00
DMCgYdBgzOs,https://www.youtube.com/watch?v=DMCgYdBgzOs,【周杰伦专辑全回顾】第十二期：《12新作》 #明明就 #周杰伦 #12新作 #红尘客栈 #华语乐坛,咸鱼频道QAQ,UCCfyJfZ8ZmKc2YYWQ4-22bw,961,,,,0,周杰伦 专辑,2026-07-31T14:06:15.904475+00:00
p_1JbsSmbJc,https://www.youtube.com/watch?v=p_1JbsSmbJc,【周杰伦专辑全回顾】第十六期：《范特西PLUS》 #世界末日 #你比从前快乐 #周杰伦 #蜗牛 #范特西,咸鱼频道QAQ,UCBBdOM1YPJz6vy-ScSkIvig,329,,,,2,周杰伦 专辑,2026-07-31T14:06:15.904475+00:00
EX7_5Yu7rSM,https://www.youtube.com/watch?v=EX7_5Yu7rSM,【周杰伦专辑全回顾】第十四期：《周杰伦的床边故事》 #周杰伦 #床边故事 #告白气球 #JAY #华语乐坛,咸鱼频道QAQ,UC_nULZA0Uuag81Vtss_wqkg,586,,,,7,周杰伦 专辑,2026-07-31T14:06:15.904475+00:00
74U3KUa_qrQ,https://www.youtube.com/watch?v=74U3KUa_qrQ,【周杰伦专辑全回顾】第十期：《跨时代》 #周杰伦 #超人不会飞 #烟花易冷 #跨时代 #说了再见,咸鱼频道QAQ,UC627aguMWZyF2otserqQbyQ,1826,,,,3,周杰伦 专辑,2026-07-31T14:06:15.904475+00:00
ZuxEsHRsyDk,https://www.youtube.com/watch?v=ZuxEsHRsyDk,【周杰伦专辑全回顾】第四期：《叶惠美》 #以父之名 #晴天 #周杰伦  #三年二班 #东风破,咸鱼频道QAQ,UC_nULZA0Uuag81Vtss_wqkg,835,,,,0,周杰伦 专辑,2026-07-31T14:06:15.904475+00:00
yAu5mx4vaYo,https://www.youtube.com/watch?v=yAu5mx4vaYo,【周杰伦专辑开箱】EP11 第七张专辑《依然范特西》- Unboxing Jay Chou Seventh album《Still Fantasy》,MR.JAY_HOBBY CHANNEL,UCf6R-gY9R86ljnxXGKfYYuQ,429,,,,581,周杰伦 专辑,2026-07-31T14:06:15.904475+00:00
j54Zh0Qqs4U,https://www.youtube.com/watch?v=j54Zh0Qqs4U,【周杰伦专辑开箱】EP14《世界巡迴演唱会》2007 - Unboxing《The World Tours》 2007 Jay Chou album,MR.JAY_HOBBY CHANNEL,UCf6R-gY9R86ljnxXGKfYYuQ,601,,,,443,周杰伦 专辑,2026-07-31T14:06:15.904475+00:00
hrj5Ogc_F5E,https://www.youtube.com/watch?v=hrj5Ogc_F5E,【周杰伦专辑开箱】EP15《魔杰座》第九张专辑 - Unboxing《Capricorn》Jay Chou Ninth album,MR.JAY_HOBBY CHANNEL,UCf6R-gY9R86ljnxXGKfYYuQ,529,,,,427,周杰伦 专辑,2026-07-31T14:06:15.904475+00:00
aiAc0Bzpu0M,https://www.youtube.com/watch?v=aiAc0Bzpu0M,【周杰伦专辑开箱】EP16《龍戰骑士》MV专辑 - Unboxing《Dragon Rider》Jay Chou MV album,MR.JAY_HOBBY CHANNEL,UCf6R-gY9R86ljnxXGKfYYuQ,431,,,,276,周杰伦 专辑,2026-07-31T14:06:15.904475+00:00
fKyZdrsyG1g,https://www.youtube.com/watch?v=fKyZdrsyG1g,【周杰伦专辑开箱】EP17《跨时代》第十张专辑 - Unboxing《The Era》Jay Chou Tenth album,MR.JAY_HOBBY CHANNEL,UCf6R-gY9R86ljnxXGKfYYuQ,505,,,,403,周杰伦 专辑,2026-07-31T14:06:15.904475+00:00
rO2-4Pu4WRs,https://www.youtube.com/watch?v=rO2-4Pu4WRs,【周杰伦专辑开箱】EP18《超时代世界巡迴演唱会》2010 - Unboxing《The Era Would Tour》2010 Jay Chou ablum,MR.JAY_HOBBY CHANNEL,UCf6R-gY9R86ljnxXGKfYYuQ,659,,,,325,周杰伦 专辑,2026-07-31T14:06:15.904475+00:00
gRb8vdNmMT8,https://www.youtube.com/watch?v=gRb8vdNmMT8,【周杰伦专辑开箱】EP19《驚嘆號》第十一张专辑 - Unboxing《Exclamation Mark》Jay Chou Eleventh album,MR.JAY_HOBBY CHANNEL,UCf6R-gY9R86ljnxXGKfYYuQ,468,,,,482,周杰伦 专辑,2026-07-31T14:06:15.904475+00:00
oabi1rQSMZI,https://www.youtube.com/watch?v=oabi1rQSMZI,【周杰伦专辑开箱】EP21《J moment 这一刻》MV专辑 - Unboxing Jay Chou MV album《J moment》,MR.JAY_HOBBY CHANNEL,UCf6R-gY9R86ljnxXGKfYYuQ,497,,,,497,周杰伦 专辑,2026-07-31T14:06:15.904475+00:00
gd0Wb_fVsJY,https://www.youtube.com/watch?v=gd0Wb_fVsJY,【周杰伦专辑开箱】EP24《周杰伦的床边故事》第十四张专辑 - Unboxing Jay Chou《Bed Time Stories》Fourteenth album,MR.JAY_HOBBY CHANNEL,UCf6R-gY9R86ljnxXGKfYYuQ,492,,,,610,周杰伦 专辑,2026-07-31T14:06:15.904475+00:00
ecVBAIheC2s,https://www.youtube.com/watch?v=ecVBAIheC2s,【周杰伦专辑开箱】EP2《范特西》第二张专辑 - Unboxing《Fantasy》Jay Chou Second album,MR.JAY_HOBBY CHANNEL,UCf6R-gY9R86ljnxXGKfYYuQ,789,,,,1912,周杰伦 专辑,2026-07-31T14:06:15.904475+00:00
vtCnxscKKzk,https://www.youtube.com/watch?v=vtCnxscKKzk,【周杰伦专辑开箱】EP3《八度空间》第三张专辑 - Unboxing《The Eight Dimesions》Jay Chou Third album,MR.JAY_HOBBY CHANNEL,UCf6R-gY9R86ljnxXGKfYYuQ,612,,,,1243,周杰伦 专辑,2026-07-31T14:06:15.904475+00:00
hMrCyPh__xQ,https://www.youtube.com/watch?v=hMrCyPh__xQ,【周杰伦专辑开箱】EP5《尋找周杰伦》EP专辑 - Unboxing《Hidden Track》Jay Chou EP album,MR.JAY_HOBBY CHANNEL,UCf6R-gY9R86ljnxXGKfYYuQ,359,,,,718,周杰伦 专辑,2026-07-31T14:06:15.904475+00:00
8W7Z29c6Fns,https://www.youtube.com/watch?v=8W7Z29c6Fns,【周杰伦专辑开箱】EP6《七里香》第五张专辑 - Unboxing《Common Jasmin Orange 》Jay Chou Fifth album,MR.JAY_HOBBY CHANNEL,UCf6R-gY9R86ljnxXGKfYYuQ,480,,,,594,周杰伦 专辑,2026-07-31T14:06:15.904475+00:00
KvKgASOeYPo,https://www.youtube.com/watch?v=KvKgASOeYPo,【周杰伦专辑开箱】EP7《無与倫比演唱会》2004 LIVE CD - Unboxing《Incomparable Concert》2004 Jay Chou LIVE CD album,MR.JAY_HOBBY CHANNEL,UCf6R-gY9R86ljnxXGKfYYuQ,540,,,,556,周杰伦 专辑,2026-07-31T14:06:15.904475+00:00
aZ8xLeEEXAQ,https://www.youtube.com/watch?v=aZ8xLeEEXAQ,【周杰伦专辑开箱】EP9《無以倫比演唱会》2004 Live VCD - Unboxing《Incomparable Concert》2004 Jay Chou Live VCD album,MR.JAY_HOBBY CHANNEL,UCf6R-gY9R86ljnxXGKfYYuQ,376,,,,456,周杰伦 专辑,2026-07-31T14:06:15.904475+00:00
Gmfe_RBLgCI,https://www.youtube.com/watch?v=Gmfe_RBLgCI,【周杰伦丨完美主义4K】鬼畜系MV！好酷噢！名字都唱到歌里了！周杰伦～周杰伦～周杰伦～～～,4K流年,UCKq3pHCnxwpcBA6wAb5N__A,243,,,,423,周杰伦 4K MV,2026-07-31T14:06:15.904475+00:00
KXDqwScHsMY,https://www.youtube.com/watch?v=KXDqwScHsMY,【周杰伦合辑】《最伟大的作品》全新专辑12首合辑 ‖ 还在流浪 说好不哭 红颜如霜 错过的烟火 等你下课 ‖ Jay Chou Latest New Album Topic,Music Star,UCGKGXaJA2a5wlZ1_BYApzkg,5203,,,,2,周杰伦 专辑,2026-07-31T14:06:15.904475+00:00
mZNxdF4dsR0,https://www.youtube.com/watch?v=mZNxdF4dsR0,【周杰伦新歌听后感】在喧嚣背后，还听见什么？｜《太阳之子》音乐开箱,音乐开箱 MUSIC UNBOX,UC9NqmhxwXMcp0-8TWpVGgQw,375,,,,1517,周杰伦 专辑,2026-07-31T14:06:15.904475+00:00
Wv_J_nB0kS0,https://www.youtube.com/watch?v=Wv_J_nB0kS0,【周杰伦歌曲精选50首歌词版】 周杰伦经典高音质歌单合集 听歌,搞笑娱乐,UCRdcqBFJLujbR8K9zibr6Og,13737,,,,1544,周杰伦 高音质,2026-07-31T14:06:15.904475+00:00
eYfTz2KwPyU,https://www.youtube.com/watch?v=eYfTz2KwPyU,【周杰伦演唱会点歌系列】周杰伦粉丝点歌，嗨翻全场，全是回忆,yohn henry,UCVt1dcDGyEEw0aO-117yIxA,1934,,,,3500,周杰伦 演唱会,2026-07-31T14:06:15.904475+00:00
XmOqzSPdPRw,https://www.youtube.com/watch?v=XmOqzSPdPRw,【周杰伦精选】周杰伦精选合集 无损音质连播 看书 睡觉 写作业必备,梁sir地产天下,UC-sxv0rSYkSkqCbRDsx8hMQ,25627,,,,77,周杰伦 高音质,2026-07-31T14:06:15.904475+00:00
FpO5ZhU-Bjs,https://www.youtube.com/watch?v=FpO5ZhU-Bjs,【周杰倫20嵗之前爲別人寫的歌】冷門，卻全是精品。誕生於專輯《Jay》之前的歌曲。,楠哥说剧,UCv6dJcv1CzS-L5OfTe7GHLw,486,,,,210867,周杰伦 专辑,2026-07-31T14:06:15.904475+00:00
iiEbGImOD30,https://www.youtube.com/watch?v=iiEbGImOD30,【周杰倫】五歲愛兒Romeo驚喜出演 MV《粉色海洋》俏皮扭動撩妹萌翻,達人秀新聞,UCGSb1ZNgtYf4_Sqkvambe1Q,107,,,,19843,周杰伦 1080P MV,2026-07-31T14:06:15.904475+00:00
pHM7p5uIt-E,https://www.youtube.com/watch?v=pHM7p5uIt-E,【周杰倫】周杰倫《太陽之子》MV全球首映會&專輯記者會,ofiii 歐飛 all free,UCC8vFOkoUCV1QbRV-O_VuMA,589,,,,537,周杰伦 1080P MV,2026-07-31T14:06:15.904475+00:00
HfA3GWurJJg,https://www.youtube.com/watch?v=HfA3GWurJJg,【周杰倫】淘金小鎮 - 歌詞,Music & Wisdom & Travel,UCpuJv956IcebNEP0RoTPn4w,267,,,,8648,周杰伦 歌词版,2026-07-31T14:06:15.904475+00:00
hyhcwP3er-E,https://www.youtube.com/watch?v=hyhcwP3er-E,【周杰倫】那天下雨了 - 歌詞 【太陽之子】,Music & Wisdom & Travel,UCpuJv956IcebNEP0RoTPn4w,224,,,,109911,周杰伦 歌曲 | 周杰伦 歌词版,2026-07-31T14:06:15.904475+00:00
pNQ-wtnGo3s,https://www.youtube.com/watch?v=pNQ-wtnGo3s,【周杰倫】🎧歷年精選EP.1🎼【高音質歌曲】Songs of the Most Popular Chinese Singer,Relieve stress music channel,UCI4QA9VrtbFuqXeYWbznA7g,2558,,,,531,周杰伦 高音质,2026-07-31T14:06:15.904475+00:00
3DJoh9ZbRaU,https://www.youtube.com/watch?v=3DJoh9ZbRaU,【周杰倫地表最強演唱會-大笨鐘+暗號+彩虹+龍捲風】 Jay Chou's The Invincible Concert (Big Ben+Secret Code+Rainbow+Tornado),周杰倫 Jay Chou,UC8CU5nVhCQIdAGrFFp4loOQ,228,,,,665456,Jay Chou Official MV | 周杰伦 Official Music Video | 周杰伦 官方 MV | 周杰伦 歌词版 | 周杰伦 演唱会 | 周杰伦 现场 Live,2026-07-31T14:06:15.904475+00:00
pb-OgmKhyos,https://www.youtube.com/watch?v=pb-OgmKhyos,【周杰倫地表最強演唱會LIVE-Now You See Me】 Jay Chou's The Invincible Concert LIVE (Now You See Me),周杰倫 Jay Chou,UC8CU5nVhCQIdAGrFFp4loOQ,169,,,,213012,Jay Chou Official MV | 周杰伦 JVR Music | 周杰伦 Official Music Video | 周杰伦 lyric video | 周杰伦 完整版 | 周杰伦 官方 MV | 周杰伦 现场 Live,2026-07-31T14:06:15.904475+00:00
oslCSRtn_hk,https://www.youtube.com/watch?v=oslCSRtn_hk,【周杰倫地表最強演唱會LIVE-七里香】 Jay Chou's The Invincible Concert LIVE (Qi-Li-Xiang),周杰倫 Jay Chou,UC8CU5nVhCQIdAGrFFp4loOQ,311,,,,1436122,Jay Chou Official MV | 周杰伦 1080P MV | 周杰伦 4K MV | 周杰伦 Official Music Video | 周杰伦 lyric video | 周杰伦 完整版 | 周杰伦 官方 MV | 周杰伦 歌曲 | 周杰伦 歌词版 | 周杰伦 演唱会 | 周杰伦 现场 Live | 周杰伦 高音质,2026-07-31T14:06:15.904475+00:00
NuTUZu7I9E0,https://www.youtube.com/watch?v=NuTUZu7I9E0,【周杰倫地表最強演唱會LIVE-以父之名】 Jay Chou's The Invincible Concert LIVE (In The Name of The Father),周杰倫 Jay Chou,UC8CU5nVhCQIdAGrFFp4loOQ,225,,,,555460,周杰伦 Official Music Video | 周杰伦 完整版 | 周杰伦 官方 MV | 周杰伦 歌词版,2026-07-31T14:06:15.904475+00:00
VdbxP5ACvFY,https://www.youtube.com/watch?v=VdbxP5ACvFY,【周杰倫地表最強演唱會LIVE-半島鐵盒】 Jay Chou's The Invincible Concert LIVE (Peninsula Ironbox),周杰倫 Jay Chou,UC8CU5nVhCQIdAGrFFp4loOQ,267,,,,680635,周杰伦 Official Music Video | 周杰伦 lyric video | 周杰伦 完整版 | 周杰伦 现场 Live,2026-07-31T14:06:15.904475+00:00
UGBlsqE855I,https://www.youtube.com/watch?v=UGBlsqE855I,【周杰倫地表最強演唱會LIVE-印地安老斑鳩】 Jay Chou's The Invincible Concert LIVE (Ancient Indian Turtledove),周杰倫 Jay Chou,UC8CU5nVhCQIdAGrFFp4loOQ,209,,,,280312,周杰伦 演唱会,2026-07-31T14:06:15.904475+00:00
kXU6E7RSotI,https://www.youtube.com/watch?v=kXU6E7RSotI,【周杰倫地表最強演唱會LIVE-告白汽球】 Jay Chou's The Invincible Concert LIVE (Love Confession),周杰倫 Jay Chou,UC8CU5nVhCQIdAGrFFp4loOQ,264,,,,1497517,Jay Chou Official MV | 周杰伦 Official Music Video | 周杰伦 lyric video | 周杰伦 完整版 | 周杰伦 官方 MV | 周杰伦 歌词版,2026-07-31T14:06:15.904475+00:00
eY2Gj4qaN-8,https://www.youtube.com/watch?v=eY2Gj4qaN-8,【周杰倫地表最強演唱會LIVE-土耳其冰淇淋】 Jay Chou's The Invincible Concert LIVE (Tu Er Qi Ice Cream),周杰倫 Jay Chou,UC8CU5nVhCQIdAGrFFp4loOQ,192,,,,251319,周杰伦 Official Music Video | 周杰伦 lyric video | 周杰伦 完整版,2026-07-31T14:06:15.904475+00:00
i04MbXdU3ks,https://www.youtube.com/watch?v=i04MbXdU3ks,【周杰倫地表最強演唱會LIVE-夜曲+竊愛】 Jay Chou's The Invincible Concert LIVE (Nocturne+Stolen Love),周杰倫 Jay Chou,UC8CU5nVhCQIdAGrFFp4loOQ,220,,,,1050070,Jay Chou Official MV | 周杰伦 Official Music Video | 周杰伦 lyric video | 周杰伦 完整版 | 周杰伦 官方 MV | 周杰伦 歌曲 | 周杰伦 歌词版 | 周杰伦 演唱会,2026-07-31T14:06:15.904475+00:00
CQpg2tuythc,https://www.youtube.com/watch?v=CQpg2tuythc,【周杰倫地表最強演唱會LIVE-床邊故事】 Jay Chou's The Invincible Concert LIVE (Bedtime Story),周杰倫 Jay Chou,UC8CU5nVhCQIdAGrFFp4loOQ,225,,,,456603,Jay Chou Official MV | 周杰伦 Official Music Video | 周杰伦 lyric video | 周杰伦 完整版 | 周杰伦 官方 MV | 周杰伦 现场 Live,2026-07-31T14:06:15.904475+00:00
dywnOs9Aucw,https://www.youtube.com/watch?v=dywnOs9Aucw,【周杰倫地表最強演唱會LIVE-我要夏天】 Jay Chou's The Invincible Concert LIVE (I Want Summer),周杰倫 Jay Chou,UC8CU5nVhCQIdAGrFFp4loOQ,212,,,,249283,Jay Chou Official MV | 周杰伦 JVR Music | 周杰伦 Official Music Video | 周杰伦 lyric video | 周杰伦 完整版 | 周杰伦 官方 MV | 周杰伦 歌词版,2026-07-31T14:06:15.904475+00:00
JKPVRyg01gg,https://www.youtube.com/watch?v=JKPVRyg01gg,【周杰倫地表最強演唱會LIVE-晴天】 Jay Chou's The Invincible Concert LIVE (Sunny Day),周杰倫 Jay Chou,UC8CU5nVhCQIdAGrFFp4loOQ,246,,,,2717738,Jay Chou Official MV | 周杰伦 1080P MV | 周杰伦 4K MV | 周杰伦 Official Music Video | 周杰伦 lyric video | 周杰伦 完整版 | 周杰伦 歌曲 | 周杰伦 歌词版 | 周杰伦 演唱会 | 周杰伦 现场 Live,2026-07-31T14:06:15.904475+00:00
lA7gHxxscBA,https://www.youtube.com/watch?v=lA7gHxxscBA,【周杰倫地表最強演唱會LIVE-楓+退後+擱淺】 Jay Chou's The Invincible Concert LIVE (Maple Leaf+A Step Back+Step Aside),周杰倫 Jay Chou,UC8CU5nVhCQIdAGrFFp4loOQ,119,,,,215599,Jay Chou Official MV | 周杰伦 Official Music Video | 周杰伦 lyric video | 周杰伦 官方 MV | 周杰伦 现场 Live,2026-07-31T14:06:15.904475+00:00
h73YitljimA,https://www.youtube.com/watch?v=h73YitljimA,"【周杰倫地表最強演唱會LIVE-爸 我回來了】 Jay Chou's The Invincible Concert LIVE (Dad, I'm Home)",周杰倫 Jay Chou,UC8CU5nVhCQIdAGrFFp4loOQ,116,,,,236136,Jay Chou Official MV | 周杰伦 Official Music Video | 周杰伦 完整版 | 周杰伦 官方 MV | 周杰伦 歌词版 | 周杰伦 演唱会,2026-07-31T14:06:15.904475+00:00
HqViGMJq93k,https://www.youtube.com/watch?v=HqViGMJq93k,【周杰倫地表最強演唱會LIVE-爺爺泡的茶】 Jay Chou's The Invincible Concert LIVE (Grandpa's Tea),周杰倫 Jay Chou,UC8CU5nVhCQIdAGrFFp4loOQ,266,,,,468985,周杰伦 lyric video | 周杰伦 完整版 | 周杰伦 歌词版,2026-07-31T14:06:15.904475+00:00
vdyXuvYnKpc,https://www.youtube.com/watch?v=vdyXuvYnKpc,【周杰倫地表最強演唱會LIVE-稻香】 Jay Chou's The Invincible Concert LIVE (Rice Field),周杰倫 Jay Chou,UC8CU5nVhCQIdAGrFFp4loOQ,206,,,,1239075,Jay Chou Official MV | 周杰伦 1080P MV | 周杰伦 4K MV | 周杰伦 Official Music Video | 周杰伦 官方 MV | 周杰伦 歌词版,2026-07-31T14:06:15.904475+00:00
JfShFw_l53A,https://www.youtube.com/watch?v=JfShFw_l53A,【周杰倫地表最強演唱會LIVE-美人魚】 Jay Chou's The Invincible Concert LIVE (Mermaid),周杰倫 Jay Chou,UC8CU5nVhCQIdAGrFFp4loOQ,204,,,,477960,周杰伦 官方 MV,2026-07-31T14:06:15.904475+00:00
kZTErd7UblM,https://www.youtube.com/watch?v=kZTErd7UblM,【周杰倫地表最強演唱會LIVE-說走就走】 Jay Chou's The Invincible Concert LIVE (Let's Go),周杰倫 Jay Chou,UC8CU5nVhCQIdAGrFFp4loOQ,265,,,,340583,Jay Chou Official MV | 周杰伦 Official Music Video | 周杰伦 完整版 | 周杰伦 歌词版 | 周杰伦 演唱会,2026-07-31T14:06:15.904475+00:00
Ltx4C2uxz8M,https://www.youtube.com/watch?v=Ltx4C2uxz8M,【周杰倫地表最強演唱會LIVE-開不了口】 Jay Chou's The Invincible Concert LIVE (I Find It Hard To Say),周杰倫 Jay Chou,UC8CU5nVhCQIdAGrFFp4loOQ,272,,,,1877404,Jay Chou Official MV | 周杰伦 JVR Music | 周杰伦 Official Music Video | 周杰伦 lyric video | 周杰伦 完整版 | 周杰伦 官方 MV | 周杰伦 现场 Live,2026-07-31T14:06:15.904475+00:00
F9UkZ1iI0Ng,https://www.youtube.com/watch?v=F9UkZ1iI0Ng,【周杰倫地表最強演唱會LIVE-雙截棍】 Jay Chou's The Invincible Concert LIVE (Nunchucks),周杰倫 Jay Chou,UC8CU5nVhCQIdAGrFFp4loOQ,146,,,,776614,Jay Chou Official MV | 周杰伦 Official Music Video | 周杰伦 lyric video | 周杰伦 完整版 | 周杰伦 官方 MV | 周杰伦 歌词版 | 周杰伦 演唱会 | 周杰伦 现场 Live,2026-07-31T14:06:15.904475+00:00
cXZkjQSgoFw,https://www.youtube.com/watch?v=cXZkjQSgoFw,【周杰倫地表最強演唱會LIVE-青花瓷】 Jay Chou's The Invincible Concert LIVE (Blue and White Porcelain),周杰倫 Jay Chou,UC8CU5nVhCQIdAGrFFp4loOQ,234,,,,1454655,Jay Chou Official MV | 周杰伦 JVR Music | 周杰伦 Official Music Video | 周杰伦 lyric video | 周杰伦 完整版 | 周杰伦 官方 MV | 周杰伦 歌词版 | 周杰伦 演唱会 | 周杰伦 现场 Live | 周杰伦 高音质,2026-07-31T14:06:15.904475+00:00
Io-tgEmJOyg,https://www.youtube.com/watch?v=Io-tgEmJOyg,【周杰倫地表最強演唱會LIVE-鞋子特大號】 Jay Chou's The Invincible Concert LIVE (Extra Large Shoes),周杰倫 Jay Chou,UC8CU5nVhCQIdAGrFFp4loOQ,202,,,,258823,Jay Chou Official MV | 周杰伦 Official Music Video | 周杰伦 完整版 | 周杰伦 官方 MV | 周杰伦 歌词版 | 周杰伦 现场 Live,2026-07-31T14:06:15.904475+00:00
yyeJ2huGKbE,https://www.youtube.com/watch?v=yyeJ2huGKbE,【周杰倫地表最強演唱會LIVE開場-英雄】Jay Chou's The Invincible Concert LIVE (Hero),周杰倫 Jay Chou,UC8CU5nVhCQIdAGrFFp4loOQ,181,,,,643498,Jay Chou Official MV | 周杰伦 Official Music Video | 周杰伦 lyric video | 周杰伦 完整版 | 周杰伦 官方 MV | 周杰伦 歌词版,2026-07-31T14:06:15.904475+00:00
9FL3x47ctqU,https://www.youtube.com/watch?v=9FL3x47ctqU,【周杰倫歌曲精選50首】周杰倫經典高音質歌單合集 聽歌,Hdson,UCb6sX3CiURMXYO1donwBAHA,13335,,,,2686,周杰伦 高音质,2026-07-31T14:06:15.904475+00:00
xdGdsavd-To,https://www.youtube.com/watch?v=xdGdsavd-To,【周杰倫演唱會忘記這首歌！妹子點播浪漫手機他下秒懵了】@no_face707,台灣達人秀,UCIECJyQ6meDyN-UnVHgXAMA,736,,,,1685603,周杰伦 JVR Music | 周杰伦 演唱会 | 周杰伦 现场 Live,2026-07-31T14:06:15.904475+00:00
nuzb2kT4EhU,https://www.youtube.com/watch?v=nuzb2kT4EhU,【周杰倫演唱會神秘嘉賓集錦】周杰倫情商大爆發時刻，有多少藝人大咖來過周杰倫演唱會現場？,楠哥说剧,UCv6dJcv1CzS-L5OfTe7GHLw,483,,,,170138,周杰伦 演唱会,2026-07-31T14:06:15.904475+00:00
DF2yemPVTKI,https://www.youtube.com/watch?v=DF2yemPVTKI,"【品牌名】2026最火的30首""古风神曲"" 🎵 抖音2026年最火破百万的古风歌曲 【古风歌曲 有歌词】中国风歌曲 - 古典音乐 - 流行歌曲",Guzheng Zen Dizi,UCXD8VWwUQsdBlk0xnOsPJ3w,3684,,,,10,周杰伦 官方 MV,2026-07-31T14:06:15.904475+00:00
8ugiA8q5h-A,https://www.youtube.com/watch?v=8ugiA8q5h-A,【嘉年華II】周杰倫新巡演首唱〈那天下雨了〉、〈女兒殿下〉 小女兒看爸爸路上塞車!奶音急喊:他說要等我(太陽之子/誰稀罕/湘女多情/I Do/簡單愛)｜完全娛樂,NewShowBiz完全娛樂,UCX9VHpN62jkqCCntHxymPOA,288,,,,87263,周杰伦 现场 Live,2026-07-31T14:06:15.904475+00:00
NEb146zpG9c,https://www.youtube.com/watch?v=NEb146zpG9c,"【嘉年華】動力火車當嘉賓""從小聽周杰倫歌長大"" 忠孝東路走九遍成下水道:有人沒買到票│完全娛樂",NewShowBiz完全娛樂,UCX9VHpN62jkqCCntHxymPOA,133,,,,24336,周杰伦 JVR Music,2026-07-31T14:06:15.904475+00:00
oa5NxHREM8U,https://www.youtube.com/watch?v=oa5NxHREM8U,【嘉年華】周杰倫最終場合體五月天！ 張惠妹現場唱《三天三夜》嗨喊：大巨蛋跳起來,八大電視娛樂百分百,UCR2NvuBypJZl9n11qLAauWQ,283,,,,4298,周杰伦 现场 Live,2026-07-31T14:06:15.904475+00:00
3I8BbUnbUhU,https://www.youtube.com/watch?v=3I8BbUnbUhU,【嘉年華】周杰倫演唱會歌迷披婚紗告白 點歌〈屋頂〉直呼:我唱得比他好 │ 完全娛樂,NewShowBiz完全娛樂,UCX9VHpN62jkqCCntHxymPOA,175,,,,88814,周杰伦 现场 Live,2026-07-31T14:06:15.904475+00:00
MEtutQYZfqk,https://www.youtube.com/watch?v=MEtutQYZfqk,"【嘉年華】阿Ken把演唱會當跨年主持歌迷狂讚 周杰倫發文感謝不忘吐槽""大聲什麼啦""｜完全娛樂",NewShowBiz完全娛樂,UCX9VHpN62jkqCCntHxymPOA,505,,,,765409,周杰伦 演唱会,2026-07-31T14:06:15.904475+00:00
1_-RJqhpqsM,https://www.youtube.com/watch?v=1_-RJqhpqsM,【夜的第七章MV 4K修复】周杰伦《最伟大的作品》和《夜的第七章》两首仔细听！CP感挺高哦,4K流年,UCKq3pHCnxwpcBA6wAb5N__A,230,,,,645,周杰伦 4K MV,2026-07-31T14:06:15.904475+00:00
q3B4qgFxlUg,https://www.youtube.com/watch?v=q3B4qgFxlUg,【夢回07】周杰倫墨爾本再唱原key《楓》高音全頂殺瘋了！,Kilun,UCVB2mC4FyicvsjfQJLbyuxw,120,,,,337105,周杰伦 现场 Live,2026-07-31T14:06:15.904475+00:00
fkJ2k993NZY,https://www.youtube.com/watch?v=fkJ2k993NZY,【夢開始的地方】周杰倫 魔天倫世界巡迴演唱會 上海站 一路向北 live,music live video,UCPFz0Ln8lQEs0ge1zkA8E8w,267,,,,3242,周杰伦 现场 Live,2026-07-31T14:06:15.904475+00:00
jJUFccBO3cQ,https://www.youtube.com/watch?v=jJUFccBO3cQ,"【天王QQ】周杰倫自爆家中地位提高 竟是靠女兒老師的""一句話""",NewShowBiz完全娛樂,UCX9VHpN62jkqCCntHxymPOA,149,,,,17856,周杰伦 1080P MV,2026-07-31T14:06:15.904475+00:00
mQWyHJyAvP4,https://www.youtube.com/watch?v=mQWyHJyAvP4,【天王來了】周杰倫告白氣球MV 教徒弟小派怎麼把妹?!,NewShowBiz完全娛樂,UCX9VHpN62jkqCCntHxymPOA,170,,,,46865,周杰伦 1080P MV,2026-07-31T14:06:15.904475+00:00
J82BNsOafv4,https://www.youtube.com/watch?v=J82BNsOafv4,"【天王流淚】歌迷真情告白逼哭周杰倫台上爆哭 他感性回應大喊""唱到不能唱為止""！｜完全娛樂",NewShowBiz完全娛樂,UCX9VHpN62jkqCCntHxymPOA,259,,,,128320,周杰伦 现场 Live,2026-07-31T14:06:15.904475+00:00
cs44T61No2g,https://www.youtube.com/watch?v=cs44T61No2g,【天能】首支官方預告，8月27日(週四) IMAX同步上映,華納兄弟台灣,UC8XIx0eSj0onoJXa2iG0Rmw,127,,,,1342492,周杰伦 Official Music Video | 周杰伦 lyric video,2026-07-31T14:06:15.904475+00:00
ST1wHWofQJU,https://www.youtube.com/watch?v=ST1wHWofQJU,【太阳之子】《翻唱 小八 曼波》（原唱 周杰伦 Jay Chou）「Children of the Sun」古典 新金属「周董」诗歌剧（杰迷）待兼唐怀瑟《杰威尔》赛马娘【方文山 黄雨勋】JY 601,鑫森淼焱磊,UCedzQf6vsf5PnbXfgq_VH-w,237,,,,3,周杰伦 杰威尔音乐,2026-07-31T14:06:15.904475+00:00
H7F1nK-iiPk,https://www.youtube.com/watch?v=H7F1nK-iiPk,"【太陽之子】周杰倫MV愛走路！阿KEN虧:去大安森林公園拍 替小女兒寫新歌...寵溺""她是家中小霸王""｜完全娛樂",NewShowBiz完全娛樂,UCX9VHpN62jkqCCntHxymPOA,328,,,,117253,周杰伦 完整版,2026-07-31T14:06:15.904475+00:00
1xjckPLa3Yc,https://www.youtube.com/watch?v=1xjckPLa3Yc,"【太陽之子】周杰倫寵小女兒寫〈女兒殿下〉曝超萌對話! 被問""爸爸我美嗎?""...笑回:搞到精神錯亂｜完全娛樂",NewShowBiz完全娛樂,UCX9VHpN62jkqCCntHxymPOA,161,,,,357389,周杰伦 Official Music Video | 周杰伦 专辑 | 周杰伦 完整版 | 周杰伦 现场 Live,2026-07-31T14:06:15.904475+00:00
XetorVLgWpQ,https://www.youtube.com/watch?v=XetorVLgWpQ,【失落地帶_Alone】整個世界，只剩下你一個人．．． DVD 8/18撲朔迷離,CAICHANG 采昌影音館,UCNrawah65mASB20gaiBuZjQ,101,,,,5321,周杰伦 Official Music Video | 周杰伦 lyric video | 周杰伦 官方 MV | 周杰伦 歌词版,2026-07-31T14:06:15.904475+00:00
EoblZsIWbsc,https://www.youtube.com/watch?v=EoblZsIWbsc,【女兒殿下】周杰倫Jay Chou《太陽之子》10 (純享版),講話沒重點,UC6Qx0smtqSTspGwIWal5kGg,225,,,,28,周杰伦 JVR Music | 周杰伦 杰威尔音乐,2026-07-31T14:06:15.904475+00:00
4k_RT8S75BY,https://www.youtube.com/watch?v=4k_RT8S75BY,【她的幸福壽司夢 East Side Sushi】感動橫掃各大影展 DVD 4/21 一生懸命,CAICHANG 采昌影音館,UCNrawah65mASB20gaiBuZjQ,137,,,,6830,周杰伦 完整版,2026-07-31T14:06:15.904475+00:00
kYhYldRwBnI,https://www.youtube.com/watch?v=kYhYldRwBnI,【威廉古堡MV 导演版 4K重制】周杰伦早期〈神曲〉代表作之一！VCD版修复！无损音质 字幕重制,4K流年,UCKq3pHCnxwpcBA6wAb5N__A,234,,,,906,周杰伦 4K MV,2026-07-31T14:06:15.904475+00:00
jc2kCF2zwLQ,https://www.youtube.com/watch?v=jc2kCF2zwLQ,【娛樂專區】周杰倫出輯MV世界跑像地理雜誌 明星買地買到元宇宙 一塊要千萬｜TVBS新聞 2022.07.28,TVBS選新聞,UCL0_NxCvkcXwZHpvqgMZY-A,1160,,,,300,周杰伦 1080P MV,2026-07-31T14:06:15.904475+00:00
_2YApsGXksw,https://www.youtube.com/watch?v=_2YApsGXksw,【学中文找周杰伦 导师们有话说】《中国新歌声》SING!CHINA 第3期花絮 20160729 [浙江卫视官方超清1080P] 周杰伦 那英 汪峰 庾澄庆,浙江卫视音乐频道 ZJSTV Music Channel - 欢迎订阅 -,UCp8cPvx_Od76EL66vvCnhRA,137,,,,11451,周杰伦 1080P MV,2026-07-31T14:06:15.904475+00:00
QcsaFez4KKQ,https://www.youtube.com/watch?v=QcsaFez4KKQ,【完整版】周杰倫翻唱 你怎麼捨得我難過 黃品源,QZY STUDIO,UCL4to3u7lX_D7XHu4T80TyA,102,,,,144257,周杰伦 完整版,2026-07-31T14:06:15.904475+00:00
9emlI-dnbZg,https://www.youtube.com/watch?v=9emlI-dnbZg,【完结】所有人都笑我是外行，直到我一眼看穿絕世古董！揭開國寶秘密，成為鑒寶之王！#minidrama  #中國短劇#精彩大陸短劇,雨霖劇場Yulin Theatre,UCOA3m-yAPTeyB1dXGOsiMdQ,8015,,,,365,周杰伦 Official Music Video | 周杰伦 完整版 | 周杰伦 杰威尔音乐 | 周杰伦 现场 Live,2026-07-31T14:06:15.904475+00:00
cTnnpVwc-aM,https://www.youtube.com/watch?v=cTnnpVwc-aM,【官摄1080P】周杰伦香港站嘉宾点歌「容祖儿 阿Sa 邓紫棋 王俊凯」,4K流年,UCKq3pHCnxwpcBA6wAb5N__A,239,,,,350,周杰伦 1080P MV,2026-07-31T14:06:15.904475+00:00
_r5s7Rua8k0,https://www.youtube.com/watch?v=_r5s7Rua8k0,【官方4K来了 】周杰伦   不能说的秘密MV 神仙画质！超高清重制修复，完美还原，杰迷们，请三连转发！！~,4K流年,UCKq3pHCnxwpcBA6wAb5N__A,330,,,,928,周杰伦 4K MV,2026-07-31T14:06:15.904475+00:00
HofI-EpTaXk,https://www.youtube.com/watch?v=HofI-EpTaXk,【导师CUT】周杰伦 音乐合辑完整版《中国新歌声2》SING!CHINA S2 [浙江卫视官方HD],浙江卫视音乐频道 ZJSTV Music Channel - 欢迎订阅 -,UCp8cPvx_Od76EL66vvCnhRA,1186,,,,28940,周杰伦 完整版,2026-07-31T14:06:15.904475+00:00
vLWw9G2wgt8,https://www.youtube.com/watch?v=vLWw9G2wgt8,【尋找周杰倫】周杰伦 《断了的弦》 4K修复版,leviOsa Music,UCabQ5BBCjgLwNyRy7YmkP3Q,299,,,,409,周杰伦 4K MV,2026-07-31T14:06:15.904475+00:00
_OAL6hc3tDk,https://www.youtube.com/watch?v=_OAL6hc3tDk,【小編不正經預測】歌后篇 ft. @COOL 潮流生活網 @Dcard @台灣達人秀 @蝦皮購物 @妞新聞 #PTT三金版 @公視台語台 @[多喝水] #微醉  ｜KKBOX,KKBOX,UCWjDbk8VIEc_OYqsAyal-Cw,342,,,,8396,周杰伦 Sony Music Taiwan,2026-07-31T14:06:15.904475+00:00
18PD2OzjowI,https://www.youtube.com/watch?v=18PD2OzjowI,【小腳怪】中文官方終極預告,華納兄弟台灣,UC8XIx0eSj0onoJXa2iG0Rmw,143,,,,693203,周杰伦 Official Music Video,2026-07-31T14:06:15.904475+00:00
LF3NsLIx50o,https://www.youtube.com/watch?v=LF3NsLIx50o,【幕後花絮】周杰倫   英雄 粉絲自製MV,葉式特工Yes Ranger,UCXpxKdZAiyUEaTkoCPpEZzg,296,,,,15798,周杰伦 1080P MV,2026-07-31T14:06:15.904475+00:00
Ky6-rK7_-_Q,https://www.youtube.com/watch?v=Ky6-rK7_-_Q,【平原習作 O.U.R. WORKS】Michael C | 周杰倫 | 回到過去 x 我不配 x 晴天 x 夜曲 x 一路向北 | Quarantine home session #5 |,Michael C,UCmSTqnekfv6KTifuNgB0dFQ,711,,,,2292,周杰伦 Sony Music Taiwan,2026-07-31T14:06:15.904475+00:00
xjDr7HJ2LVQ,https://www.youtube.com/watch?v=xjDr7HJ2LVQ,【开场表演】费玉清《青花瓷》《中国新歌声》第7期 SING!CHINA EP.7 20160826 [浙江卫视官方超清1080P],浙江卫视音乐频道 ZJSTV Music Channel - 欢迎订阅 -,UCp8cPvx_Od76EL66vvCnhRA,231,,,,4586931,周杰伦 现场 Live,2026-07-31T14:06:15.904475+00:00
sunGwL_mIps,https://www.youtube.com/watch?v=sunGwL_mIps,【強勢回歸】周杰倫新專輯有哪些神曲？隱藏彩蛋、音樂密碼大公開！｜《太陽之子》全網最強解析,凱斯理 Castaly,UCOhdjPoLKTXGIsNyDZAcgoA,1581,,,,62430,周杰伦 专辑,2026-07-31T14:06:15.904475+00:00
cJnCmqdiwow,https://www.youtube.com/watch?v=cJnCmqdiwow,【怪物奇兵 全新世代】全新預告，7月15日(週四) 中英文版同步上映,華納兄弟台灣,UC8XIx0eSj0onoJXa2iG0Rmw,146,,,,1154314,周杰伦 Official Music Video,2026-07-31T14:06:15.904475+00:00
DCHaWk7PUbk,https://www.youtube.com/watch?v=DCHaWk7PUbk,【意语翻唱】周杰伦《夜曲》——当华语R&B撞上意大利美声,硅音社,UCD3tdVrZSbChsDQnYje8OGw,213,,,,35,周杰伦 杰威尔音乐,2026-07-31T14:06:15.904475+00:00
FN2d3jkxOKs,https://www.youtube.com/watch?v=FN2d3jkxOKs,【我很忙】周杰伦 《我不配》 4K修复版,leviOsa Music,UCabQ5BBCjgLwNyRy7YmkP3Q,318,,,,344,周杰伦 4K MV,2026-07-31T14:06:15.904475+00:00
xJbZ4HJrKlo,https://www.youtube.com/watch?v=xJbZ4HJrKlo,【我的周游记】谁的青春没有周杰伦🎧 用40首经典歌名 拼凑出你我的故事🎵｜MUSIC VIDEO｜低清Dissy｜,低清DISSY,UCFeErdI5a_YlUd1WzpVAZUQ,308,,,,1098211,周杰伦 Official Music Video,2026-07-31T14:06:15.904475+00:00
ZdAY4mQBovM,https://www.youtube.com/watch?v=ZdAY4mQBovM,【抖音tik tok】周杰伦歌曲串烧，杰伦陪伴的青春,抖音热门集中营,UC3q4VqZYGKupUksVXgWqsqA,223,,,,394,周杰伦 歌曲,2026-07-31T14:06:15.904475+00:00
dilwpB8Zpdw,https://www.youtube.com/watch?v=dilwpB8Zpdw,【掏金小鎮】周杰倫Jay Chou《太陽之子》11 (純享版),講話沒重點,UC6Qx0smtqSTspGwIWal5kGg,251,,,,10,周杰伦 JVR Music,2026-07-31T14:06:15.904475+00:00
7NWQBP4rBEo,https://www.youtube.com/watch?v=7NWQBP4rBEo,【揉揉酱】翻奏 周杰伦《淘金小镇》,RouRouJiang Violin,UCkKEc61Z6hfX6uNrO9W1rqg,242,,,,70,周杰伦 Official Music Video,2026-07-31T14:06:15.904475+00:00
0HJbN9th4pQ,https://www.youtube.com/watch?v=0HJbN9th4pQ,【撩星聞】杭州歌迷賺爛！周杰倫7首新歌全球首演 〈女兒殿下〉遞麥台下齊喊「我美嗎」嗨翻｜嘉年華II世界巡迴演唱會,中天娛樂頻道,UC0UX_EK8-UuBi-OrkmWB6eA,306,,,,32117,周杰伦 演唱会 | 周杰伦 现场 Live,2026-07-31T14:06:15.904475+00:00
VbJ0v-TK9VA,https://www.youtube.com/watch?v=VbJ0v-TK9VA,【撩星聞】粉絲唱功震驚全場！周杰倫勝負欲被激發〈擱淺〉高音飆上去啦｜周杰倫嘉年華世界巡迴演唱會@ 臺北大巨蛋,中天娛樂頻道,UC0UX_EK8-UuBi-OrkmWB6eA,192,,,,212858,周杰伦 演唱会,2026-07-31T14:06:15.904475+00:00
8u0LIytNs70,https://www.youtube.com/watch?v=8u0LIytNs70,【无损音质+动态歌词】  周杰伦  -  告白气球  //你说你有点难追 想让我知难而退//,StudioPok,UCwARzcD3fKknI8M7KIPfz1A,214,,,,1387,周杰伦 高音质,2026-07-31T14:06:15.904475+00:00
CosXY2J0leg,https://www.youtube.com/watch?v=CosXY2J0leg,【无损音质-周杰伦】不能说的秘密-周杰伦 #不能说的秘密#周杰伦,Maggie Music,UCTBIfxZTDb7ihKp3Mt9W84Q,330,,,,204,周杰伦 高音质,2026-07-31T14:06:15.904475+00:00
AwhqdQ0ZHEk,https://www.youtube.com/watch?v=AwhqdQ0ZHEk,【无损音质】2006年诸神之战，周杰伦专辑年《隐形翅膀》直接封神,无损音乐厅,UCG87Bp-d_ceXs7J1m4VLkHQ,10105,,,,716,周杰伦 专辑,2026-07-31T14:06:15.904475+00:00
Pz2FVn2CYsE,https://www.youtube.com/watch?v=Pz2FVn2CYsE,【无损音质】周杰伦歌曲精选142首 歌词版纯享 地表最高音质 每一首都是顶级文案 中国流行音乐开拓者JAY p01 001. 夜曲, 熬一耶ye,UCbeMtJtF9Hi80wT17copuGA,228,,,,2,周杰伦 高音质,2026-07-31T14:06:15.904475+00:00
xqrOwuMErx0,https://www.youtube.com/watch?v=xqrOwuMErx0,【无损音质】周杰伦精选歌曲合集100首、华语经典音乐、流行音乐 p01 《可爱女人》,噺一,UCZvFn1g-h0ZOBK_IPvtRuOQ,240,,,,3,周杰伦 高音质,2026-07-31T14:06:15.904475+00:00
X4n1Oo6hjuI,https://www.youtube.com/watch?v=X4n1Oo6hjuI,【无损高音质】Jay 周杰伦 搁浅 附带歌词,Music Box,UCztItJX_Kca_FKuPsD-IaTg,238,,,,34,周杰伦 高音质,2026-07-31T14:06:15.904475+00:00
PnHAh5uQxGo,https://www.youtube.com/watch?v=PnHAh5uQxGo,【枫】【周杰伦】----【高音质】【动态歌词】,YTのMUSIC,UCgoIE3gRvrvUv6B4R_sHdsw,286,,,,17,周杰伦 高音质,2026-07-31T14:06:15.904475+00:00
ycPGwBqoTZQ,https://www.youtube.com/watch?v=ycPGwBqoTZQ,"【柏林我愛你 Berlin, I Love You】 DVD 8/9 城市裡遇到愛",CAICHANG 采昌影音館,UCNrawah65mASB20gaiBuZjQ,175,,,,55,周杰伦 1080P MV | 周杰伦 Official Music Video | 周杰伦 lyric video | 周杰伦 完整版 | 周杰伦 官方 MV | 周杰伦 歌词版 | 周杰伦 演唱会 | 周杰伦 高音质,2026-07-31T14:06:15.904475+00:00
7pL8JxV_6a0,https://www.youtube.com/watch?v=7pL8JxV_6a0,【歌詞】周杰倫 《女兒殿下》去找媽媽！  ！  ！,Music & Wisdom & Travel,UCpuJv956IcebNEP0RoTPn4w,225,,,,88611,周杰伦 歌词版,2026-07-31T14:06:15.904475+00:00
f4AUvbASxns,https://www.youtube.com/watch?v=f4AUvbASxns,【殺瘋了】 周杰倫 硬頂 楓 原key！ 青筋都爆出来 周杰倫 嘉年華演唱會 墨爾本站 2024.03.17,music live video,UCPFz0Ln8lQEs0ge1zkA8E8w,120,,,,61290,周杰伦 现场 Live,2026-07-31T14:06:15.904475+00:00
T4ybNFCXLMg,https://www.youtube.com/watch?v=T4ybNFCXLMg,【比爾牛影像】Leif // 周杰倫 Jay Chou【Mojito】#taiwan #commercials  #dancevideo,比爾牛影像,UCGeoV758xmkp1pMpqt18eNg,81,,,,57,周杰伦 Sony Music Taiwan,2026-07-31T14:06:15.904475+00:00
ReGT-Nmxil0,https://www.youtube.com/watch?v=ReGT-Nmxil0,【流行音乐】周杰伦歌曲6小时合集！周董一次听到爽！,GGbond乐团,UCjqjsH9S-Q9BfRgcrcuh1QQ,21174,,,,986,周杰伦 歌曲,2026-07-31T14:06:15.904475+00:00
q73d0tGFWgA,https://www.youtube.com/watch?v=q73d0tGFWgA,【熊愛Talk】EP17：️長得醜還搞什麼穿搭啊？,熊愛Talk,UCMKyrPXJaQ5H-5McKBBvd6w,3996,,,,242,周杰伦 完整版,2026-07-31T14:06:15.904475+00:00
zb6SKoTf2Rk,https://www.youtube.com/watch?v=zb6SKoTf2Rk,【爱你有我】2015江苏卫视新年演唱会——周杰伦 ——《手写的从前》  HD,江苏卫视官方频道China JiangsuTV Official Channel,UCZWO2OrUFQ0F6Ft_zO4LqQg,312,,,,184324,周杰伦 1080P MV | 周杰伦 演唱会,2026-07-31T14:06:15.904475+00:00
sxfKI4SSUQk,https://www.youtube.com/watch?v=sxfKI4SSUQk,【爱你有我】2015江苏卫视新年演唱会——周杰伦——《青花瓷》  HD,江苏卫视官方频道China JiangsuTV Official Channel,UCZWO2OrUFQ0F6Ft_zO4LqQg,17,,,,63355,周杰伦 1080P MV,2026-07-31T14:06:15.904475+00:00
qFlPHAJ258g,https://www.youtube.com/watch?v=qFlPHAJ258g,【爱你有我】2015江苏卫视新年演唱会——陈奕迅 、周杰伦——《淘汰》 HD,江苏卫视官方频道China JiangsuTV Official Channel,UCZWO2OrUFQ0F6Ft_zO4LqQg,260,,,,571347,周杰伦 1080P MV | 周杰伦 演唱会,2026-07-31T14:06:15.904475+00:00
FiPcD_Kx_tQ,https://www.youtube.com/watch?v=FiPcD_Kx_tQ,【爱你有我】江苏卫视2015新年演唱会——周杰伦——《安静》 HD,江苏卫视官方频道China JiangsuTV Official Channel,UCZWO2OrUFQ0F6Ft_zO4LqQg,264,,,,265883,周杰伦 1080P MV | 周杰伦 演唱会,2026-07-31T14:06:15.904475+00:00
ZxL0qoP4PwA,https://www.youtube.com/watch?v=ZxL0qoP4PwA,【爱你有我】江苏卫视2015新年演唱会——周杰伦——《说好的幸福呢》 HD,江苏卫视官方频道China JiangsuTV Official Channel,UCZWO2OrUFQ0F6Ft_zO4LqQg,248,,,,182622,周杰伦 1080P MV | 周杰伦 演唱会 | 周杰伦 现场 Live,2026-07-31T14:06:15.904475+00:00
Pu9hC4ylYBY,https://www.youtube.com/watch?v=Pu9hC4ylYBY,【爱护动物】百万级录音棚听周杰伦&梁心颐《蛇舞》【Hi-Res】,森树Tree,UCdOhBaL7-vKiZM9RtqdA-ug,218,,,,3,周杰伦 杰威尔音乐,2026-07-31T14:06:15.904475+00:00
CdYLQ0X9ZXo,https://www.youtube.com/watch?v=CdYLQ0X9ZXo,【狗狗史酷比！】首支官方預告,華納兄弟台灣,UC8XIx0eSj0onoJXa2iG0Rmw,84,,,,267256,周杰伦 Official Music Video,2026-07-31T14:06:15.904475+00:00
q0F7IoVLciI,https://www.youtube.com/watch?v=q0F7IoVLciI,【现场live】教室合唱周杰伦《说好不哭》 钢琴一响感觉来了——成都知更室内合唱团,中国四川广播电视台 China SiChuanTV Official Channel—欢迎订阅!,UCT_o3s19ejpRw-Q-5Dp7Sqw,276,,,,7524,周杰伦 现场 Live,2026-07-31T14:06:15.904475+00:00
jLk3L_KhmEo,https://www.youtube.com/watch?v=jLk3L_KhmEo,【琵琶】周杰伦 - 发如雪 (Pipa Cover by Carolyn Wang 梦游天下) | 你发如雪，凄美了离别，我焚香感动了谁？邀明月，让回忆皎洁，爱在月光下完美,梦游天下 Carolyn Wang's Music Channel,UCLVTxGR5xJlrf_cTmYuBkQQ,292,,,,3839,周杰伦 杰威尔音乐,2026-07-31T14:06:15.904475+00:00
eQZUaXxJlAY,https://www.youtube.com/watch?v=eQZUaXxJlAY,【百万纪念】周杰伦《青花瓷》神级现场！中国风天花板！,安皓,UCsIUyjK5E7GSi4aCW3asnqg,232,,,,27498,周杰伦 现场 Live,2026-07-31T14:06:15.904475+00:00
KU8-zLLXKLQ,https://www.youtube.com/watch?v=KU8-zLLXKLQ,【直播完整版】1204 周杰倫攜眾明星出席DIOR台北101旗艦店節慶酒會｜民視快新聞｜,民視新聞網 Formosa TV News network,UC2VmWn8dAqkzlQqvy02E1PA,3491,,,was_live,3148,周杰伦 完整版,2026-07-31T14:06:15.904475+00:00
apdfdnsZceY,https://www.youtube.com/watch?v=apdfdnsZceY,【直播完整版】周杰倫大巨蛋首日　直擊場外3.7萬粉絲湧入｜三立新聞網 SETN.com,三立新聞網SETN,UCIU8ha-NHmLjtUwU7dFiXUA,3272,,,was_live,5272,周杰伦 完整版,2026-07-31T14:06:15.904475+00:00
hy95wHi0zHE,https://www.youtube.com/watch?v=hy95wHi0zHE,【直播完整版】周杰倫演唱會第二日！歌迷場外求票拚最後機會│94看新聞,94看新聞,UCAaTK8YjjSu92M_GLOK3Clg,1526,,,was_live,202,周杰伦 完整版,2026-07-31T14:06:15.904475+00:00
IY-ACgPXO4o,https://www.youtube.com/watch?v=IY-ACgPXO4o,【直播完整版】周杰倫演唱會第二日！歌迷場外求票拚最後機會｜三立新聞網 SETN.com,三立新聞網SETN,UCIU8ha-NHmLjtUwU7dFiXUA,1526,,,was_live,3960,周杰伦 完整版,2026-07-31T14:06:15.904475+00:00
2pnthEL0pfs,https://www.youtube.com/watch?v=2pnthEL0pfs,【真4K】周杰伦《还在流浪》MV,4K流年,UCKq3pHCnxwpcBA6wAb5N__A,266,,,,57,周杰伦 4K MV,2026-07-31T14:06:15.904475+00:00
rfA4ZwZ9XE0,https://www.youtube.com/watch?v=rfA4ZwZ9XE0,【真4K丨BD重剪修复】周杰伦《一路向北》MV 神仙画质，杰迷们三连转发！,4K流年,UCKq3pHCnxwpcBA6wAb5N__A,299,,,,2876,周杰伦 4K MV,2026-07-31T14:06:15.904475+00:00
7UZqCFPBPmU,https://www.youtube.com/watch?v=7UZqCFPBPmU,"【真的太狂啦】""地表最強""嘉賓陣容 三大金曲歌王助陣周杰倫",NewShowBiz完全娛樂,UCX9VHpN62jkqCCntHxymPOA,832,,,,6285905,周杰伦 演唱会,2026-07-31T14:06:15.904475+00:00
YaJi3kzdR5Q,https://www.youtube.com/watch?v=YaJi3kzdR5Q,【磁带·周杰伦】按下播放键的那一刻仿佛回到了2001年「爱在西元前」梦开始的地方,怪兽电台MonsterBlog,UC9Kuc0r0nZH8g4G0j0gyNLw,260,,,,237,周杰伦 Sony Music Taiwan,2026-07-31T14:06:15.904475+00:00
9PiW8XcM0So,https://www.youtube.com/watch?v=9PiW8XcM0So,【神級現場】周杰伦 烟花易冷 最後的高音就像一把利劍 live 2010,music live video,UCPFz0Ln8lQEs0ge1zkA8E8w,210,,,,11715,周杰伦 现场 Live,2026-07-31T14:06:15.904475+00:00
_UPmg9xXn-o,https://www.youtube.com/watch?v=_UPmg9xXn-o,【神鬼傳奇】湯姆克魯斯重逢蔡依林-1,環球影片 官方頻道,UC0w338Zlnrm8rUXC1GB-FGQ,178,,,,117176,周杰伦 Official Music Video | 周杰伦 lyric video,2026-07-31T14:06:15.904475+00:00
IgpAUdCPKK8,https://www.youtube.com/watch?v=IgpAUdCPKK8,【稻香 Rice Field】周杰倫 Jay Chou《歌詞》,kiki lyrics,UC4eOORT0ybwg16oqWguYwYQ,224,,,,953126,Jay Chou Official MV | 周杰伦 Official Music Video | 周杰伦 完整版 | 周杰伦 官方 MV | 周杰伦 歌曲 | 周杰伦 歌词版,2026-07-31T14:06:15.904475+00:00
OA62ZyGn594,https://www.youtube.com/watch?v=OA62ZyGn594,【精彩回顧】鄧紫棋隨口飆高音〈夜曲〉！RAP倒背如流致敬周杰倫 @ebcstars,東森娛樂,UCmyVDKnXwdw3McUlcijqmvQ,1228,,,,2465,周杰伦 杰威尔音乐,2026-07-31T14:06:15.904475+00:00
lz-v3BOBaWk,https://www.youtube.com/watch?v=lz-v3BOBaWk,【精彩看点】张杰戴佩妮点名于文文来接周杰伦《告白气球》的歌词  可惜铁粉却尴尬一笑表示自己没记住｜时光音乐会•老友记 Time Concert • Old Friends｜MangoTV,湖南卫视芒果TV官方频道  China HunanTV Official Channel,UC1pHFqCMAIHP8gr4lYGtNLA,687,,,,96713,周杰伦 完整版,2026-07-31T14:06:15.904475+00:00
S2E9u4SfE1o,https://www.youtube.com/watch?v=S2E9u4SfE1o,【精选电视剧】老去的家人 02丨#宋佳 摊上顽劣公公，酗酒家暴逼走婆婆，一场车祸变成痴呆，丈夫事业受挫负债累累，深夜独自隐忍落泪，却始终保持善意积极生活，和 #黄磊 携手走出困境！,好剧家年华,UCMKQpznWhc9AqppmVF5saZQ,2459,,,,7,周杰伦 Official Music Video | 周杰伦 lyric video | 周杰伦 完整版 | 周杰伦 官方 MV | 周杰伦 杰威尔音乐,2026-07-31T14:06:15.904475+00:00
j-3vT-ntF9A,https://www.youtube.com/watch?v=j-3vT-ntF9A,【絕版】周杰倫 暗號+最後的戰役 愛是唯一演唱會,Kilun,UCVB2mC4FyicvsjfQJLbyuxw,489,,,,100631,周杰伦 现场 Live,2026-07-31T14:06:15.904475+00:00
YL8Z78av-Bs,https://www.youtube.com/watch?v=YL8Z78av-Bs,【繁中】周杰倫-等你下課KTV(無人聲),大西國中-劉梓華,UC5ertvAxHvGKsDKQNJUyj8A,271,,,,1018602,周杰伦 完整版,2026-07-31T14:06:15.904475+00:00
L-ne6_vXWm0,https://www.youtube.com/watch?v=L-ne6_vXWm0,【纯享版】一群中学生用杯子敲出《稻香》周杰伦都惊呆了！《2018春季盛典》/浙江卫视官方HD/,浙江卫视音乐频道 ZJSTV Music Channel - 欢迎订阅 -,UCp8cPvx_Od76EL66vvCnhRA,240,,,,2087074,周杰伦 1080P MV | 周杰伦 Official Music Video,2026-07-31T14:06:15.904475+00:00
Tn11sKlozrE,https://www.youtube.com/watch?v=Tn11sKlozrE,【纯享版】周杰伦 陈奕迅 刘欢 那英 《沧海一声笑》《中国新歌声2》第1期 SING!CHINA S2 EP.1 20170714 [浙江卫视官方HD],浙江卫视音乐频道 ZJSTV Music Channel - 欢迎订阅 -,UCp8cPvx_Od76EL66vvCnhRA,177,,,,7953472,周杰伦 现场 Live,2026-07-31T14:06:15.904475+00:00
Gw4tc5qFubI,https://www.youtube.com/watch?v=Gw4tc5qFubI,【纯享版】周杰伦《斗牛》好声音20180921第十期 Sing!China官方HD,中国好声音官方频道SING!CHINA Official Channel,UCTmSp0HNi-NVxFinOsp1O4g,186,,,,557564,周杰伦 Official Music Video,2026-07-31T14:06:15.904475+00:00
UmQV80bwxAc,https://www.youtube.com/watch?v=UmQV80bwxAc,【纯享版】周杰伦的这首《霍元甲》任何时候听都不会过时简直太好听了！《2018春季盛典》/浙江卫视官方HD/,浙江卫视音乐频道 ZJSTV Music Channel - 欢迎订阅 -,UCp8cPvx_Od76EL66vvCnhRA,274,,,,407749,周杰伦 现场 Live,2026-07-31T14:06:15.904475+00:00
ULYksmjBwzY,https://www.youtube.com/watch?v=ULYksmjBwzY,【纯享版】王赫野姚晓棠全新演绎情歌《最后一页》 忧伤旋律搭配歌声中的惆怅感 情感渲染力十足！ #天赐的声音5 EP1 20240426,浙江卫视音乐频道 ZJSTV Music Channel - 欢迎订阅 -,UCp8cPvx_Od76EL66vvCnhRA,275,,,,49083421,周杰伦 4K MV,2026-07-31T14:06:15.904475+00:00
U7aezWTDEds,https://www.youtube.com/watch?v=U7aezWTDEds,【纯分享】周杰伦 2024 嘉年华 【吉隆坡站】 26/10/2024 【山顶远视觉完整版】,善良的包子,UCSknzXK5JPO77CGhbzfaS2Q,9769,,,,13712,周杰伦 演唱会,2026-07-31T14:06:15.904475+00:00
tr_Ithb3RQ0,https://www.youtube.com/watch?v=tr_Ithb3RQ0,【聽到賺到】台北最終場大放送！周杰倫.張惠妹世紀合體,NewShowBiz完全娛樂,UCX9VHpN62jkqCCntHxymPOA,554,,,,324240,周杰伦 现场 Live,2026-07-31T14:06:15.904475+00:00
QX9_kRR05YE,https://www.youtube.com/watch?v=QX9_kRR05YE,【致周杰伦的情书】by 流汗橙 Aro Low ft. NickTheKs：用100多首周杰伦歌曲的歌名写成的一首歌！,Aro Low (流汗橙),UCGmCWj6dvnTfH_-K4p5RTeg,235,,,,74,周杰伦 歌曲,2026-07-31T14:06:15.904475+00:00
YRoFms8eOuA,https://www.youtube.com/watch?v=YRoFms8eOuA,【花海 Floral Sea】周杰倫 Jay Chou 歌詞版 Lyrics Version,meow_ouo,UC3XzFx2D1mWqkV80ySJYcyA,265,,,,196,周杰伦 歌词版,2026-07-31T14:06:15.904475+00:00
oOFTSohMQMQ,https://www.youtube.com/watch?v=oOFTSohMQMQ,【范特西】周杰伦 《忍者》 4K修复版,leviOsa Music,UCabQ5BBCjgLwNyRy7YmkP3Q,159,,,,697,周杰伦 4K MV,2026-07-31T14:06:15.904475+00:00
MmR6SNSiwsE,https://www.youtube.com/watch?v=MmR6SNSiwsE,【華爾街日報報導】觀《刺殺金正恩》成言論自由保衛戰,The News Lens 關鍵評論網,UC4bokYuSrVGpI6_WYv7Gdbw,275,,,,1005,周杰伦 Sony Music Taiwan,2026-07-31T14:06:15.904475+00:00
dOsRyqy2yoo,https://www.youtube.com/watch?v=dOsRyqy2yoo,【萬里之外_演唱版 (悅安)】／歌詞改編：台灣成 （林信成，2022/03/11）／調寄：千里之外,林信成,UCN8l6TWTVa9sPoOKdIgSypw,256,,,,10,周杰伦 歌词版,2026-07-31T14:06:15.904475+00:00
Y2rU2CdJp5k,https://www.youtube.com/watch?v=Y2rU2CdJp5k,【蜘蛛人：重生日】電影片尾曲 - 周興哲Eric Chou《All For You》MV Teaser,Sony Pictures 索尼影業,UChqkMH_hpzCHWyGGdcSpFFA,30,,,,10900,周杰伦 Sony Music Taiwan,2026-07-31T14:06:15.904475+00:00
dr_LEy7etnM,https://www.youtube.com/watch?v=dr_LEy7etnM,【见字如面S4】完整版第1期：周杰伦发歌被嫌恋爱观过时，李宗盛吐槽华语乐坛,腾讯视频 - Get the WeTV APP,UCQatgKoA7lylp_UzvsLCgcw,5354,,,,10923,周杰伦 完整版,2026-07-31T14:06:15.904475+00:00
EgC_bGq17k0,https://www.youtube.com/watch?v=EgC_bGq17k0,【訪問完整版】周杰倫心情超好!記者會臨時改流程 突開放媒體訪問...親切互動有問必答｜完全娛樂,NewShowBiz完全娛樂,UCX9VHpN62jkqCCntHxymPOA,254,,,,7527,周杰伦 完整版,2026-07-31T14:06:15.904475+00:00
hEZqyqDl8l8,https://www.youtube.com/watch?v=hEZqyqDl8l8,【誰稀罕】周杰倫Jay Chou《太陽之子》05 (純享版),講話沒重點,UC6Qx0smtqSTspGwIWal5kGg,259,,,,248,周杰伦 JVR Music,2026-07-31T14:06:15.904475+00:00
z9OcDrWGiEA,https://www.youtube.com/watch?v=z9OcDrWGiEA,【變調+高音拉長】《最長的電影》聽哭了！周杰倫2023悉尼演唱會,Kilun,UCVB2mC4FyicvsjfQJLbyuxw,160,,,,30704,周杰伦 现场 Live,2026-07-31T14:06:15.904475+00:00
Osn9_gH-ajc,https://www.youtube.com/watch?v=Osn9_gH-ajc,【超近】周杰倫2023嘉年華演唱會悉尼《我落淚情緒零碎》,Jay Love,UC2IZ-blOKyN8mX7y35P-klw,207,,,,72575,周杰伦 演唱会 | 周杰伦 现场 Live,2026-07-31T14:06:15.904475+00:00
7BHjjH3FYuc,https://www.youtube.com/watch?v=7BHjjH3FYuc,【超高音质】周杰伦《红豆》无与伦比哈尔滨站,密码x,UCwwI3pcal6BGsNYL8035bAg,261,,,,56739,周杰伦 高音质,2026-07-31T14:06:15.904475+00:00
X4jBZLoFe_M,https://www.youtube.com/watch?v=X4jBZLoFe_M,【車勢星聞】🚗 #周杰倫 推出全新專輯收錄13首歌，「 #太陽之子」MV致敬30幅名畫~~🐻  #杰威爾,車勢星聞,UC4Lfc8P7EeiTKgx7lTBUgzg,223,,,,68,周杰伦 杰威尔音乐,2026-07-31T14:06:15.904475+00:00
izLqtjrez7w,https://www.youtube.com/watch?v=izLqtjrez7w,【这版   你有看过吗 】周杰伦《晴天》MV 稀有宣传版！4K修复~~~,4K流年,UCKq3pHCnxwpcBA6wAb5N__A,121,,,,904,周杰伦 4K MV,2026-07-31T14:06:15.904475+00:00
4cJJeVkxiho,https://www.youtube.com/watch?v=4cJJeVkxiho,"【追星勝利組】王俊凱再圓夢！當周杰倫演唱會嘉賓 網喊""又幸福了""！ │完全娛樂",NewShowBiz完全娛樂,UCX9VHpN62jkqCCntHxymPOA,218,,,,11703,周杰伦 演唱会,2026-07-31T14:06:15.904475+00:00
YfSflkzoBNg,https://www.youtube.com/watch?v=YfSflkzoBNg,【那天下雨了 | 非官方MV】周杰伦 翘课的那一天，花落的那一天，我应该对你唱着晴天（完整版自制概念mv）,jason annn,UCVfFB8hSIm7Fl33UI2zJcJQ,221,,,,10820,周杰伦 1080P MV | 周杰伦 官方 MV,2026-07-31T14:06:15.904475+00:00
fzS4z4UwSQ4,https://www.youtube.com/watch?v=fzS4z4UwSQ4,【那天下雨了】AI周杰倫 +5key版—年輕音色,周杰倫影片製作,UC1r7UwMZ6aOclorbKzY4hOw,225,,,,204815,周杰伦 4K MV,2026-07-31T14:06:15.904475+00:00
3jpvgMv_3ZQ,https://www.youtube.com/watch?v=3jpvgMv_3ZQ,【金曲34】周杰倫無緣角逐歌王！ 鄧紫棋成陳建騏心中遺珠？｜👍小編推新聞20230516,華視新聞 CH52,UCDCJyLpbfgeVE9iZiEam-Kg,187,,,,2450,周杰伦 Sony Music Taiwan,2026-07-31T14:06:15.904475+00:00
GdjNDZBbeZ4,https://www.youtube.com/watch?v=GdjNDZBbeZ4,【金曲37】田馥甄緬懷袁惟仁台上落淚 哭到無法唱下去全場不捨,八大電視娛樂百分百,UCR2NvuBypJZl9n11qLAauWQ,169,,,,292852,周杰伦 Sony Music Taiwan,2026-07-31T14:06:15.904475+00:00
vboMIZnGla4,https://www.youtube.com/watch?v=vboMIZnGla4,【锐评】周杰伦最差专辑？《最伟大的作品》全专详细测评（上）#周杰伦 #新专辑 #最伟大的作品 #乐评 #华语乐坛,特别厉害的祁奕翔,UCoiQBj12yEnTTTx-teSrWLw,761,,,,52,周杰伦 专辑,2026-07-31T14:06:15.904475+00:00
fTth8sEscrg,https://www.youtube.com/watch?v=fTth8sEscrg,【锐评】周杰伦最差专辑？《最伟大的作品》全专详细测评（下） #周杰伦 #最伟大的作品 #乐评 #新专辑 #华语乐坛,特别厉害的祁奕翔,UCoiQBj12yEnTTTx-teSrWLw,693,,,,12,周杰伦 专辑,2026-07-31T14:06:15.904475+00:00
AnmSt98PDak,https://www.youtube.com/watch?v=AnmSt98PDak,【青春版】九三《稻香》（原唱：周杰倫）青春又治愈的嗓音，聽了整個人心情都好了【#華語人氣排行榜|#選最佳抒情歌】,華語歌曲,UCg3RlgKs32XrkAWadzeOlLQ,153,,,,693826,周杰伦 歌曲,2026-07-31T14:06:15.904475+00:00
mxkBMACJ-Oc,https://www.youtube.com/watch?v=mxkBMACJ-Oc,【靠譜歌王】首支預告-今年暑假 昔日今曲,環球影片 官方頻道,UC0w338Zlnrm8rUXC1GB-FGQ,180,,,,902962,周杰伦 Official Music Video | 周杰伦 lyric video | 周杰伦 杰威尔音乐,2026-07-31T14:06:15.904475+00:00
bISDKwdCqvc,https://www.youtube.com/watch?v=bISDKwdCqvc,【騷莎狂潮 Shine】DVD 2/22 舞動生命,CAICHANG 采昌影音館,UCNrawah65mASB20gaiBuZjQ,157,,,,975,周杰伦 Official Music Video,2026-07-31T14:06:15.904475+00:00
C9Ugmf3wFlA,https://www.youtube.com/watch?v=C9Ugmf3wFlA,【高音質】《晴天》電吉他版｜重溫周杰倫的青春｜Jay Chou Qing Tian Guitar Cover,lifetime guitar,UC6TRKT4n5YRl6AV31hFIpHQ,171,,,,70,周杰伦 高音质,2026-07-31T14:06:15.904475+00:00
6ia-B3BO9kc,https://www.youtube.com/watch?v=6ia-B3BO9kc,【高音質】【動態歌詞Lyrics】 周杰伦 & 阿信 - 说好不哭  《离开我以后 要我好好过》,TY Music Studio,UCOf9G3SAvu2Q4O2wyOLKDjQ,232,,,,905,周杰伦 高音质,2026-07-31T14:06:15.904475+00:00
Se4fw_fPGAM,https://www.youtube.com/watch?v=Se4fw_fPGAM,【高音質】原key！時隔17年周杰倫再次在台北唱起原key《楓》 #周杰倫大巨蛋#嘉年華,大脸鸭的龟房,UCcW5spGQ7tJwN0OjW5sIqyg,118,,,,93,周杰伦 高音质,2026-07-31T14:06:15.904475+00:00
im784awrmKw,https://www.youtube.com/watch?v=im784awrmKw,【高音質】周杰倫-Mine Mine,Peculiar音樂,UCqLvZedmzf-a8R2gwj8vQyw,265,,,,750,周杰伦 高音质,2026-07-31T14:06:15.904475+00:00
h7HQmiwIJG8,https://www.youtube.com/watch?v=h7HQmiwIJG8,【高音質】周杰倫-Now You See Me,Peculiar音樂,UCqLvZedmzf-a8R2gwj8vQyw,170,,,,902,周杰伦 高音质,2026-07-31T14:06:15.904475+00:00
z_s-9PVx1fo,https://www.youtube.com/watch?v=z_s-9PVx1fo,【高音質】周杰倫-一點點,Peculiar音樂,UCqLvZedmzf-a8R2gwj8vQyw,220,,,,662,周杰伦 高音质,2026-07-31T14:06:15.904475+00:00
1OW5dlQnH3E,https://www.youtube.com/watch?v=1OW5dlQnH3E,【高音質】周杰倫-七里香,Peculiar音樂,UCqLvZedmzf-a8R2gwj8vQyw,295,,,,9782,周杰伦 高音质,2026-07-31T14:06:15.904475+00:00
pKHvMmYLPkk,https://www.youtube.com/watch?v=pKHvMmYLPkk,【高音質】周杰倫-不能說的秘密,Peculiar音樂,UCqLvZedmzf-a8R2gwj8vQyw,300,,,,3413,周杰伦 高音质,2026-07-31T14:06:15.904475+00:00
iaM6VC1lJug,https://www.youtube.com/watch?v=iaM6VC1lJug,【高音質】周杰倫-世界未末日,Peculiar音樂,UCqLvZedmzf-a8R2gwj8vQyw,265,,,,4385,周杰伦 高音质,2026-07-31T14:06:15.904475+00:00
gNPRTtEQcO8,https://www.youtube.com/watch?v=gNPRTtEQcO8,【高音質】周杰倫-世界末日,Peculiar音樂,UCqLvZedmzf-a8R2gwj8vQyw,255,,,,42007,周杰伦 高音质,2026-07-31T14:06:15.904475+00:00
aE7gQt0gQH8,https://www.youtube.com/watch?v=aE7gQt0gQH8,【高音質】周杰倫-亂舞春秋,Peculiar音樂,UCqLvZedmzf-a8R2gwj8vQyw,270,,,,4549,周杰伦 高音质,2026-07-31T14:06:15.904475+00:00
QpysyLUa00M,https://www.youtube.com/watch?v=QpysyLUa00M,【高音質】周杰倫-以父之名,Peculiar音樂,UCqLvZedmzf-a8R2gwj8vQyw,335,,,,18081,周杰伦 高音质,2026-07-31T14:06:15.904475+00:00
JHC_vCT1HPk,https://www.youtube.com/watch?v=JHC_vCT1HPk,【高音質】周杰倫-伊斯坦堡,Peculiar音樂,UCqLvZedmzf-a8R2gwj8vQyw,205,,,,3077,周杰伦 高音质,2026-07-31T14:06:15.904475+00:00
ZsDMTy3MseM,https://www.youtube.com/watch?v=ZsDMTy3MseM,【高音質】周杰倫-你好嗎,Peculiar音樂,UCqLvZedmzf-a8R2gwj8vQyw,220,,,,245,周杰伦 高音质,2026-07-31T14:06:15.904475+00:00
Jc_TFX-xpRg,https://www.youtube.com/watch?v=Jc_TFX-xpRg,【高音質】周杰倫-傻笑 feat.袁詠琳,Peculiar音樂,UCqLvZedmzf-a8R2gwj8vQyw,285,,,,2414,周杰伦 高音质,2026-07-31T14:06:15.904475+00:00
KucxJ1EkDVM,https://www.youtube.com/watch?v=KucxJ1EkDVM,【高音質】周杰倫-分裂,Peculiar音樂,UCqLvZedmzf-a8R2gwj8vQyw,255,,,,2884,周杰伦 高音质,2026-07-31T14:06:15.904475+00:00
7-ZKtHuHoyk,https://www.youtube.com/watch?v=7-ZKtHuHoyk,【高音質】周杰倫-半島鐵盒,Peculiar音樂,UCqLvZedmzf-a8R2gwj8vQyw,300,,,,57096,周杰伦 高音质,2026-07-31T14:06:15.904475+00:00
BH_BjwtixS8,https://www.youtube.com/watch?v=BH_BjwtixS8,【高音質】周杰倫-半獸人,Peculiar音樂,UCqLvZedmzf-a8R2gwj8vQyw,245,,,,16566,周杰伦 高音质,2026-07-31T14:06:15.904475+00:00
K3sHzsZA9Ac,https://www.youtube.com/watch?v=K3sHzsZA9Ac,【高音質】周杰倫-反方向的鐘,Peculiar音樂,UCqLvZedmzf-a8R2gwj8vQyw,260,,,,65391,周杰伦 高音质,2026-07-31T14:06:15.904475+00:00
4AfAl-BdrL8,https://www.youtube.com/watch?v=4AfAl-BdrL8,【高音質】周杰倫-可愛女人,Peculiar音樂,UCqLvZedmzf-a8R2gwj8vQyw,240,,,,33023,周杰伦 高音质,2026-07-31T14:06:15.904475+00:00
fLfrvhZpNa0,https://www.youtube.com/watch?v=fLfrvhZpNa0,【高音質】周杰倫-同一種調調,Peculiar音樂,UCqLvZedmzf-a8R2gwj8vQyw,230,,,,3644,周杰伦 高音质,2026-07-31T14:06:15.904475+00:00
RUC0tUiwZRQ,https://www.youtube.com/watch?v=RUC0tUiwZRQ,【高音質】周杰倫-四手聯彈,Peculiar音樂,UCqLvZedmzf-a8R2gwj8vQyw,45,,,,67,周杰伦 高音质,2026-07-31T14:06:15.904475+00:00
rTBFJ9Tt2Io,https://www.youtube.com/watch?v=rTBFJ9Tt2Io,【高音質】周杰倫-回到過去,Peculiar音樂,UCqLvZedmzf-a8R2gwj8vQyw,200,,,,3815,周杰伦 高音质,2026-07-31T14:06:15.904475+00:00
4dyk-EHmXZU,https://www.youtube.com/watch?v=4dyk-EHmXZU,【高音質】周杰倫-困獸之鬥,Peculiar音樂,UCqLvZedmzf-a8R2gwj8vQyw,265,,,,5312,周杰伦 高音质,2026-07-31T14:06:15.904475+00:00
Ow2F4ZX99bE,https://www.youtube.com/watch?v=Ow2F4ZX99bE,【高音質】周杰倫-園遊會,Peculiar音樂,UCqLvZedmzf-a8R2gwj8vQyw,255,,,,15448,周杰伦 高音质,2026-07-31T14:06:15.904475+00:00
huCkI5BG8gY,https://www.youtube.com/watch?v=huCkI5BG8gY,【高音質】周杰倫-夜曲,Peculiar音樂,UCqLvZedmzf-a8R2gwj8vQyw,225,,,,15501,周杰伦 高音质,2026-07-31T14:06:15.904475+00:00
Vc_lE7N88rM,https://www.youtube.com/watch?v=Vc_lE7N88rM,【高音質】周杰倫-夜的第七章,Peculiar音樂,UCqLvZedmzf-a8R2gwj8vQyw,230,,,,23580,周杰伦 高音质,2026-07-31T14:06:15.904475+00:00
9UR5obnc22E,https://www.youtube.com/watch?v=9UR5obnc22E,【高音質】周杰倫-天涯過客,Peculiar音樂,UCqLvZedmzf-a8R2gwj8vQyw,250,,,,1250,周杰伦 高音质,2026-07-31T14:06:15.904475+00:00
zI24kK6UV4g,https://www.youtube.com/watch?v=zI24kK6UV4g,【高音質】周杰倫-她的睫毛,Peculiar音樂,UCqLvZedmzf-a8R2gwj8vQyw,235,,,,60502,周杰伦 高音质,2026-07-31T14:06:15.904475+00:00
QRHTLw96ZlY,https://www.youtube.com/watch?v=QRHTLw96ZlY,【高音質】周杰倫-好久不見,Peculiar音樂,UCqLvZedmzf-a8R2gwj8vQyw,250,,,,1816,周杰伦 高音质,2026-07-31T14:06:15.904475+00:00
rcEF0VKKYEc,https://www.youtube.com/watch?v=rcEF0VKKYEc,【高音質】周杰倫-妳聽得到,Peculiar音樂,UCqLvZedmzf-a8R2gwj8vQyw,230,,,,17427,周杰伦 高音质,2026-07-31T14:06:15.904475+00:00
2n06LuUu2n0,https://www.youtube.com/watch?v=2n06LuUu2n0,【高音質】周杰倫-安靜,Peculiar音樂,UCqLvZedmzf-a8R2gwj8vQyw,330,,,,2205,周杰伦 高音质,2026-07-31T14:06:15.904475+00:00
4YnXUjPdk1Q,https://www.youtube.com/watch?v=4YnXUjPdk1Q,【高音質】周杰倫-對不起,Peculiar音樂,UCqLvZedmzf-a8R2gwj8vQyw,225,,,,4720,周杰伦 高音质,2026-07-31T14:06:15.904475+00:00
GK0sntGfrIE,https://www.youtube.com/watch?v=GK0sntGfrIE,【高音質】周杰倫-忍者,Peculiar音樂,UCqLvZedmzf-a8R2gwj8vQyw,160,,,,12145,周杰伦 高音质,2026-07-31T14:06:15.904475+00:00
HD3l62jb5g0,https://www.youtube.com/watch?v=HD3l62jb5g0,【高音質】周杰倫-愛在西元前,Peculiar音樂,UCqLvZedmzf-a8R2gwj8vQyw,235,,,,4173,周杰伦 高音质,2026-07-31T14:06:15.904475+00:00
5K4_1e4kLL8,https://www.youtube.com/watch?v=5K4_1e4kLL8,【高音質】周杰倫-愛情懸崖,Peculiar音樂,UCqLvZedmzf-a8R2gwj8vQyw,245,,,,9839,周杰伦 高音质,2026-07-31T14:06:15.904475+00:00
Py7_i4FNAD4,https://www.youtube.com/watch?v=Py7_i4FNAD4,【高音質】周杰倫-懦夫,Peculiar音樂,UCqLvZedmzf-a8R2gwj8vQyw,220,,,,31425,周杰伦 高音质,2026-07-31T14:06:15.904475+00:00
5wecwjMRoKc,https://www.youtube.com/watch?v=5wecwjMRoKc,【高音質】周杰倫-我要夏天,Peculiar音樂,UCqLvZedmzf-a8R2gwj8vQyw,220,,,,708,周杰伦 高音质,2026-07-31T14:06:15.904475+00:00
G8bDE5e4T2c,https://www.youtube.com/watch?v=G8bDE5e4T2c,【高音質】周杰倫-手語,Peculiar音樂,UCqLvZedmzf-a8R2gwj8vQyw,285,,,,792,周杰伦 高音质,2026-07-31T14:06:15.904475+00:00
4pFNi6ZHsqo,https://www.youtube.com/watch?v=4pFNi6ZHsqo,【高音質】周杰倫-擱淺,Peculiar音樂,UCqLvZedmzf-a8R2gwj8vQyw,240,,,,5116,周杰伦 高音质,2026-07-31T14:06:15.904475+00:00
0s2GnJ-5OmY,https://www.youtube.com/watch?v=0s2GnJ-5OmY,【高音質】周杰倫-斷了的弦,Peculiar音樂,UCqLvZedmzf-a8R2gwj8vQyw,295,,,,6295,周杰伦 高音质,2026-07-31T14:06:15.904475+00:00
c8w4hGqBkTU,https://www.youtube.com/watch?v=c8w4hGqBkTU,【高音質】周杰倫-明明就,Peculiar音樂,UCqLvZedmzf-a8R2gwj8vQyw,260,,,,2676,周杰伦 高音质,2026-07-31T14:06:15.904475+00:00
xKW0bUBCjnA,https://www.youtube.com/watch?v=xKW0bUBCjnA,【高音質】周杰倫-星晴,Peculiar音樂,UCqLvZedmzf-a8R2gwj8vQyw,250,,,,81975,周杰伦 高音质,2026-07-31T14:06:15.904475+00:00
seLQPcl7QCY,https://www.youtube.com/watch?v=seLQPcl7QCY,【高音質】周杰倫-晴天,Peculiar音樂,UCqLvZedmzf-a8R2gwj8vQyw,270,,,,8800,周杰伦 高音质,2026-07-31T14:06:15.904475+00:00
YGrtQiGZ46Y,https://www.youtube.com/watch?v=YGrtQiGZ46Y,【高音質】周杰倫-暗號,Peculiar音樂,UCqLvZedmzf-a8R2gwj8vQyw,270,,,,10856,周杰伦 高音质,2026-07-31T14:06:15.904475+00:00
5xFtZVSxp-4,https://www.youtube.com/watch?v=5xFtZVSxp-4,【高音質】周杰倫-最後的戰役,Peculiar音樂,UCqLvZedmzf-a8R2gwj8vQyw,240,,,,3803,周杰伦 高音质,2026-07-31T14:06:15.904475+00:00
Lm-j89ioyz0,https://www.youtube.com/watch?v=Lm-j89ioyz0,【高音質】周杰倫-最長的電影,Peculiar音樂,UCqLvZedmzf-a8R2gwj8vQyw,235,,,,4454,周杰伦 高音质,2026-07-31T14:06:15.904475+00:00
hkVwETmqVcs,https://www.youtube.com/watch?v=hkVwETmqVcs,【高音質】周杰倫-東風破,Peculiar音樂,UCqLvZedmzf-a8R2gwj8vQyw,315,,,,16906,周杰伦 高音质,2026-07-31T14:06:15.904475+00:00
_PCZcx74c4Y,https://www.youtube.com/watch?v=_PCZcx74c4Y,【高音質】周杰倫-梯田,Peculiar音樂,UCqLvZedmzf-a8R2gwj8vQyw,210,,,,37767,周杰伦 高音质,2026-07-31T14:06:15.904475+00:00
UVTyoh9H5Ms,https://www.youtube.com/watch?v=UVTyoh9H5Ms,【高音質】周杰倫-楓,Peculiar音樂,UCqLvZedmzf-a8R2gwj8vQyw,275,,,,6512,周杰伦 高音质,2026-07-31T14:06:15.904475+00:00
z_S4Wu14Jbc,https://www.youtube.com/watch?v=z_S4Wu14Jbc,【高音質】周杰倫-止戰之殤,Peculiar音樂,UCqLvZedmzf-a8R2gwj8vQyw,280,,,,9383,周杰伦 高音质,2026-07-31T14:06:15.904475+00:00
sJ1oC3w58bc,https://www.youtube.com/watch?v=sJ1oC3w58bc,【高音質】周杰倫-浪漫手機,Peculiar音樂,UCqLvZedmzf-a8R2gwj8vQyw,240,,,,44393,周杰伦 高音质,2026-07-31T14:06:15.904475+00:00
qqbaPIZMMrY,https://www.youtube.com/watch?v=qqbaPIZMMrY,【高音質】周杰倫-無雙,Peculiar音樂,UCqLvZedmzf-a8R2gwj8vQyw,235,,,,3730,周杰伦 高音质,2026-07-31T14:06:15.904475+00:00
5pNLOe6niAg,https://www.youtube.com/watch?v=5pNLOe6niAg,【高音質】周杰倫-爺爺泡的茶,Peculiar音樂,UCqLvZedmzf-a8R2gwj8vQyw,235,,,,27143,周杰伦 高音质,2026-07-31T14:06:15.904475+00:00
AkYRNE08hRo,https://www.youtube.com/watch?v=AkYRNE08hRo,【高音質】周杰倫-牛仔很忙,Peculiar音樂,UCqLvZedmzf-a8R2gwj8vQyw,170,,,,2318,周杰伦 高音质,2026-07-31T14:06:15.904475+00:00
uGYzVix_Mak,https://www.youtube.com/watch?v=uGYzVix_Mak,【高音質】周杰倫-獻世,Peculiar音樂,UCqLvZedmzf-a8R2gwj8vQyw,275,,,,1239,周杰伦 高音质,2026-07-31T14:06:15.904475+00:00
ft8Rd2olw8M,https://www.youtube.com/watch?v=ft8Rd2olw8M,【高音質】周杰倫-珊瑚海 feat.梁心頤,Peculiar音樂,UCqLvZedmzf-a8R2gwj8vQyw,255,,,,2806,周杰伦 高音质,2026-07-31T14:06:15.904475+00:00
oCVsgrMjnWg,https://www.youtube.com/watch?v=oCVsgrMjnWg,【高音質】周杰倫-甜甜的,Peculiar音樂,UCqLvZedmzf-a8R2gwj8vQyw,240,,,,4887,周杰伦 高音质,2026-07-31T14:06:15.904475+00:00
rXr4PSQCLPE,https://www.youtube.com/watch?v=rXr4PSQCLPE,【高音質】周杰倫-簡單愛,Peculiar音樂,UCqLvZedmzf-a8R2gwj8vQyw,270,,,,150810,周杰伦 高音质,2026-07-31T14:06:15.904475+00:00
nPstScQrd5c,https://www.youtube.com/watch?v=nPstScQrd5c,【高音質】周杰倫-紅塵客棧,Peculiar音樂,UCqLvZedmzf-a8R2gwj8vQyw,270,,,,1065,周杰伦 高音质,2026-07-31T14:06:15.904475+00:00
uHh3FWzWJSc,https://www.youtube.com/watch?v=uHh3FWzWJSc,【高音質】周杰倫-給我一首歌的時間,Peculiar音樂,UCqLvZedmzf-a8R2gwj8vQyw,255,,,,5203,周杰伦 高音质,2026-07-31T14:06:15.904475+00:00
zJDFamVN9PY,https://www.youtube.com/watch?v=zJDFamVN9PY,【高音質】周杰倫-聽爸爸的話,Peculiar音樂,UCqLvZedmzf-a8R2gwj8vQyw,260,,,,4343,周杰伦 高音质,2026-07-31T14:06:15.904475+00:00
WwKfgQ9uUlI,https://www.youtube.com/watch?v=WwKfgQ9uUlI,【高音質】周杰倫-聽見下雨的聲音,Peculiar音樂,UCqLvZedmzf-a8R2gwj8vQyw,275,,,,1488,周杰伦 高音质,2026-07-31T14:06:15.904475+00:00
vhp0GHiETn4,https://www.youtube.com/watch?v=vhp0GHiETn4,【高音質】周杰倫-自導自演,Peculiar音樂,UCqLvZedmzf-a8R2gwj8vQyw,245,,,,1510,周杰伦 高音质,2026-07-31T14:06:15.904475+00:00
NC8gVA7YweU,https://www.youtube.com/watch?v=NC8gVA7YweU,【高音質】周杰倫-英雄,Peculiar音樂,UCqLvZedmzf-a8R2gwj8vQyw,200,,,,391,周杰伦 高音质,2026-07-31T14:06:15.904475+00:00
59r9v1b9TR8,https://www.youtube.com/watch?v=59r9v1b9TR8,【高音質】周杰倫-菊花台,Peculiar音樂,UCqLvZedmzf-a8R2gwj8vQyw,300,,,,1487,周杰伦 高音质,2026-07-31T14:06:15.904475+00:00
owyFK2BLDWM,https://www.youtube.com/watch?v=owyFK2BLDWM,【高音質】周杰倫-藍色風暴,Peculiar音樂,UCqLvZedmzf-a8R2gwj8vQyw,265,,,,1512,周杰伦 高音质,2026-07-31T14:06:15.904475+00:00
AUeWBwdErqM,https://www.youtube.com/watch?v=AUeWBwdErqM,【高音質】周杰倫-蘭亭序,Peculiar音樂,UCqLvZedmzf-a8R2gwj8vQyw,255,,,,1245,周杰伦 高音质,2026-07-31T14:06:15.904475+00:00
Qw3pnB8weOM,https://www.youtube.com/watch?v=Qw3pnB8weOM,【高音質】周杰倫-蝸牛,Peculiar音樂,UCqLvZedmzf-a8R2gwj8vQyw,230,,,,1325,周杰伦 高音质,2026-07-31T14:06:15.904475+00:00
BSbkmDLtq6U,https://www.youtube.com/watch?v=BSbkmDLtq6U,【高音質】周杰倫-說了再見,Peculiar音樂,UCqLvZedmzf-a8R2gwj8vQyw,285,,,,2088,周杰伦 高音质,2026-07-31T14:06:15.904475+00:00
MVX1pAXlG-k,https://www.youtube.com/watch?v=MVX1pAXlG-k,【高音質】周杰倫-跨時代,Peculiar音樂,UCqLvZedmzf-a8R2gwj8vQyw,195,,,,2043,周杰伦 高音质,2026-07-31T14:06:15.904475+00:00
vg_HhmpaGrk,https://www.youtube.com/watch?v=vg_HhmpaGrk,【高音質】周杰倫-軌跡,Peculiar音樂,UCqLvZedmzf-a8R2gwj8vQyw,325,,,,4991,周杰伦 高音质,2026-07-31T14:06:15.904475+00:00
kaiQAT6qdlY,https://www.youtube.com/watch?v=kaiQAT6qdlY,【高音質】周杰倫-退後,Peculiar音樂,UCqLvZedmzf-a8R2gwj8vQyw,265,,,,4011,周杰伦 高音质,2026-07-31T14:06:15.904475+00:00
jSVzQBJKip0,https://www.youtube.com/watch?v=jSVzQBJKip0,【高音質】周杰倫-開不了口,Peculiar音樂,UCqLvZedmzf-a8R2gwj8vQyw,285,,,,23102,周杰伦 高音质,2026-07-31T14:06:15.904475+00:00
1F1qc0Z3gZw,https://www.youtube.com/watch?v=1F1qc0Z3gZw,【高音質】周杰倫-陽光宅男,Peculiar音樂,UCqLvZedmzf-a8R2gwj8vQyw,220,,,,5989,周杰伦 高音质,2026-07-31T14:06:15.904475+00:00
u1XqhGb5-uE,https://www.youtube.com/watch?v=u1XqhGb5-uE,【高音質】周杰倫-雙刀,Peculiar音樂,UCqLvZedmzf-a8R2gwj8vQyw,290,,,,17051,周杰伦 高音质,2026-07-31T14:06:15.904475+00:00
UxUkeib26PI,https://www.youtube.com/watch?v=UxUkeib26PI,【高音質】周杰倫-雙截棍,Peculiar音樂,UCqLvZedmzf-a8R2gwj8vQyw,195,,,,14316,周杰伦 高音质,2026-07-31T14:06:15.904475+00:00
4o5szJCCLVE,https://www.youtube.com/watch?v=4o5szJCCLVE,【高音質】周杰倫-青花瓷,Peculiar音樂,UCqLvZedmzf-a8R2gwj8vQyw,240,,,,2234,周杰伦 高音质,2026-07-31T14:06:15.904475+00:00
FecnnPDaycY,https://www.youtube.com/watch?v=FecnnPDaycY,【高音質】周杰倫-飄移,Peculiar音樂,UCqLvZedmzf-a8R2gwj8vQyw,215,,,,184826,周杰伦 高音质,2026-07-31T14:06:15.904475+00:00
21kXAbk20vo,https://www.youtube.com/watch?v=21kXAbk20vo,【高音質】周杰倫-驚嘆號,Peculiar音樂,UCqLvZedmzf-a8R2gwj8vQyw,230,,,,674,周杰伦 高音质,2026-07-31T14:06:15.904475+00:00
wovI6dqxrds,https://www.youtube.com/watch?v=wovI6dqxrds,【高音質】周杰倫-鬥牛,Peculiar音樂,UCqLvZedmzf-a8R2gwj8vQyw,250,,,,1797,周杰伦 高音质,2026-07-31T14:06:15.904475+00:00
TeTOtNKjjSM,https://www.youtube.com/watch?v=TeTOtNKjjSM,【高音質】周杰倫-鬥琴,Peculiar音樂,UCqLvZedmzf-a8R2gwj8vQyw,140,,,,117,周杰伦 高音质,2026-07-31T14:06:15.904475+00:00
SkNPE6ZrdYc,https://www.youtube.com/watch?v=SkNPE6ZrdYc,【高音質】周杰倫-魔術先生,Peculiar音樂,UCqLvZedmzf-a8R2gwj8vQyw,185,,,,1075,周杰伦 高音质,2026-07-31T14:06:15.904475+00:00
f7bURUAkRnY,https://www.youtube.com/watch?v=f7bURUAkRnY,【高音質】周杰倫-黃金甲,Peculiar音樂,UCqLvZedmzf-a8R2gwj8vQyw,215,,,,14920,周杰伦 高音质,2026-07-31T14:06:15.904475+00:00
l4-rcenzD0s,https://www.youtube.com/watch?v=l4-rcenzD0s,【高音質】周杰倫-黑色毛衣,Peculiar音樂,UCqLvZedmzf-a8R2gwj8vQyw,245,,,,25944,周杰伦 高音质,2026-07-31T14:06:15.904475+00:00
Oqc-sKtjqAk,https://www.youtube.com/watch?v=Oqc-sKtjqAk,【高音質】周杰倫-龍戰騎士,Peculiar音樂,UCqLvZedmzf-a8R2gwj8vQyw,270,,,,1065,周杰伦 高音质,2026-07-31T14:06:15.904475+00:00
whBDiRRmbh8,https://www.youtube.com/watch?v=whBDiRRmbh8,【高音質】周杰倫-龍拳,Peculiar音樂,UCqLvZedmzf-a8R2gwj8vQyw,275,,,,9268,周杰伦 高音质,2026-07-31T14:06:15.904475+00:00
npD0sejBx58,https://www.youtube.com/watch?v=npD0sejBx58,【高音質】周杰倫-龍捲風,Peculiar音樂,UCqLvZedmzf-a8R2gwj8vQyw,250,,,,8658,周杰伦 高音质,2026-07-31T14:06:15.904475+00:00
Y74B59mEfSk,https://www.youtube.com/watch?v=Y74B59mEfSk,【高音質】周杰倫嘉年華演唱會悉尼站《斷了的弦》《我落淚情緒零碎》,Kilun,UCVB2mC4FyicvsjfQJLbyuxw,387,,,,24844,周杰伦 现场 Live | 周杰伦 高音质,2026-07-31T14:06:15.904475+00:00
LlpLRVbKi3o,https://www.youtube.com/watch?v=LlpLRVbKi3o,【高音质】周杰伦 (Jay Chou) - 花海。“回忆划不开，欠你的宠爱，我在等待重来。”,Pmusica,UCzCG4inz-LPILp0AfRbxOzg,260,,,,142,周杰伦 高音质,2026-07-31T14:06:15.904475+00:00
DbAmCzSMEWQ,https://www.youtube.com/watch?v=DbAmCzSMEWQ,【魔杰座】周杰伦 《龙战骑士》 4K修复版,leviOsa Music,UCabQ5BBCjgLwNyRy7YmkP3Q,323,,,,190,周杰伦 4K MV,2026-07-31T14:06:15.904475+00:00
uRHVKISQtKM,https://www.youtube.com/watch?v=uRHVKISQtKM,【魚閃閃】街頭超甜翻唱周杰倫神曲《晴天》☀️ 清透嗓音帶你重溫青春回憶！(Live 現場版) #翻唱 #晴天#音樂現場 #流行音樂 #LiveMusic,魚閃閃BLING《煌𝓚》,UCBcybqAZAmStmWwLhAKCRNA,219,,,,7035,周杰伦 现场 Live,2026-07-31T14:06:15.904475+00:00
dHC5LEOlUu4,https://www.youtube.com/watch?v=dHC5LEOlUu4,【黑胶试听】【4K】周杰伦《依然范特西》退后 红模仿 心雨 白色风车 周杰伦20周年纪念黑胶套装试听 依然范特西B 黑胶欣赏,朵花儿黑胶糖,UCQo7pHNxRoLUXFfEIWQByRg,1023,,,,1116,周杰伦 Sony Music Taiwan,2026-07-31T14:06:15.904475+00:00
axAbbPnTxSM,https://www.youtube.com/watch?v=axAbbPnTxSM,【黑胶试听】【4K】周杰伦《八度空间》黑胶欣赏 龙拳 火车叨位去 分裂 周杰伦20周年纪念黑胶套装试听 八度空间B,朵花儿黑胶糖,UCQo7pHNxRoLUXFfEIWQByRg,840,,,,933,周杰伦 4K MV | 周杰伦 Sony Music Taiwan,2026-07-31T14:06:15.904475+00:00
jk7g7fyLtrw,https://www.youtube.com/watch?v=jk7g7fyLtrw,【黑胶试听】【4K】周杰伦《叶惠美》黑胶欣赏 三年二班 东风破 你听得到 同一种调调 周杰伦20周年纪念黑胶套装试听 叶惠美B,朵花儿黑胶糖,UCQo7pHNxRoLUXFfEIWQByRg,1089,,,,2330,周杰伦 4K MV | 周杰伦 Sony Music Taiwan,2026-07-31T14:06:15.904475+00:00
1ezdOANj7ps,https://www.youtube.com/watch?v=1ezdOANj7ps,【黑胶试听】【4K】周杰伦《我很忙》黑胶欣赏 扯 甜甜的 最长的电影 周杰伦20周年纪念黑胶套装试听 我很忙C,朵花儿黑胶糖,UCQo7pHNxRoLUXFfEIWQByRg,726,,,,923,周杰伦 4K MV,2026-07-31T14:06:15.904475+00:00
kaDgyPdJVE8,https://www.youtube.com/watch?v=kaDgyPdJVE8,【黑胶试听】【4K】周杰伦《我很忙》黑胶欣赏 牛仔很忙 彩虹 青花瓷 阳光宅男 周杰伦20周年纪念黑胶套装试听 我很忙A,朵花儿黑胶糖,UCQo7pHNxRoLUXFfEIWQByRg,920,,,,1579,周杰伦 Sony Music Taiwan,2026-07-31T14:06:15.904475+00:00
-U5YNQfLNxI,https://www.youtube.com/watch?v=-U5YNQfLNxI,【黑胶试听】【4K】周杰伦《我很忙》黑胶欣赏 蒲公英的约定 无双 我不配 周杰伦20周年纪念黑胶套装试听 我很忙B,朵花儿黑胶糖,UCQo7pHNxRoLUXFfEIWQByRg,801,,,,1321,周杰伦 4K MV,2026-07-31T14:06:15.904475+00:00
HBxFa4Ii-VQ,https://www.youtube.com/watch?v=HBxFa4Ii-VQ,【黑胶试听】【4K】周杰伦《范特西》黑胶欣赏 威廉古堡 双截棍 安静 周杰伦20周年纪念黑胶套装试听 范特西C,朵花儿黑胶糖,UCQo7pHNxRoLUXFfEIWQByRg,800,,,,1059,周杰伦 4K MV,2026-07-31T14:06:15.904475+00:00
GuGFNt_YeZQ,https://www.youtube.com/watch?v=GuGFNt_YeZQ,【黑胶试听】【4K】周杰伦《范特西》黑胶欣赏 开不了口 上海一九四三 对不起 周杰伦20周年纪念黑胶套装试听 范特西B,朵花儿黑胶糖,UCQo7pHNxRoLUXFfEIWQByRg,744,,,,1891,周杰伦 4K MV,2026-07-31T14:06:15.904475+00:00
WAC6VirgR1E,https://www.youtube.com/watch?v=WAC6VirgR1E,【黑胶试听】周杰伦 - 轨迹 -《叶惠美》台版黑胶唱片 | Ortofon OM 20 | Fluance RT82 | H4n Pro | Sony A6400 | Sigma 56 f1.4,Derek Y,UCm9Ickztx1MYLZKMDQx3cDw,330,,,,1258,周杰伦 Sony Music Taiwan,2026-07-31T14:06:15.904475+00:00
hJimBkEFX1g,https://www.youtube.com/watch?v=hJimBkEFX1g,【龙卷风MV 4K修复】周杰伦早期〈神曲〉代表作之一！无损音质 字幕重制！,4K流年,UCKq3pHCnxwpcBA6wAb5N__A,254,,,,989,周杰伦 4K MV,2026-07-31T14:06:15.904475+00:00
k5-to2YadNo,https://www.youtube.com/watch?v=k5-to2YadNo,【𝟰𝗞】241026 周杰伦嘉年华演唱会 - 说好不哭,JING WEN,UCCy3dickkXieC32Pmr_J_9g,103,,,,29,周杰伦 杰威尔音乐,2026-07-31T14:06:15.904475+00:00
5N5M0rPBLNw,https://www.youtube.com/watch?v=5N5M0rPBLNw,【📀BTS】KUNGFU-PEN betrayed rock music by joining C-BLOCK? | The Rap of China 2026 | iQIYI SuperShow,iQIYI 潮综艺 - Get the iQIYI APP,UCQ6ptCagG3W0Bf4lexvnBEg,1078,,,,1248,Jay Chou Official MV,2026-07-31T14:06:15.904475+00:00
ycQq2hji8zg,https://www.youtube.com/watch?v=ycQq2hji8zg,一位破产的CEO被迫回到一个贫困的村庄结婚，却发现妻子的家人是亿万富翁，并帮助他改变了人生。,Boss Movies,UC-TNThhWcYXgnBHgIJsUj1A,5223,,,,18673,周杰伦 歌曲,2026-07-31T14:06:15.904475+00:00
Cow3GMCL7gs,https://www.youtube.com/watch?v=Cow3GMCL7gs,一小时周杰伦经典歌曲合集。周杰伦的歌陪伴着无数人的过去，青春和爱意全都写在他的旋律里，花开有幸相逢，与过往好好告别 #周杰伦 #8090后的回忆 #稻香 #晴天 #经典歌曲,搞笑段子后续,UCQUdD0KHbIAMOjeNBuDg7ow,2831,,,is_upcoming,,周杰伦 歌曲,2026-07-31T14:06:15.904475+00:00
qYHZ8iuTvCo,https://www.youtube.com/watch?v=qYHZ8iuTvCo,一点点   周杰伦   歌词动态版   高音质,Rich Lyrics,UCfIXUQd-VrPkrXSS1YS_Nsw,219,,,,1303,周杰伦 高音质,2026-07-31T14:06:15.904475+00:00
OGx8cGJzhkg,https://www.youtube.com/watch?v=OGx8cGJzhkg,一路向北,周杰倫 Jay Chou,UC8CU5nVhCQIdAGrFFp4loOQ,298,,,,1611052,周杰伦 演唱会 | 周杰伦 现场 Live,2026-07-31T14:06:15.904475+00:00
u99PFwLSEks,https://www.youtube.com/watch?v=u99PFwLSEks,一路向北   周杰伦   歌词动态版   (高音质),Rich Lyrics,UCfIXUQd-VrPkrXSS1YS_Nsw,296,,,,2326,周杰伦 高音质,2026-07-31T14:06:15.904475+00:00
33PSMg81rkU,https://www.youtube.com/watch?v=33PSMg81rkU,一路向北 ((R&B Version)),像素世界 Music Cover,UCY30Ka6rh9Qcq7OtfsjZc2A,302,,,,602321,Jay Chou Official MV | 周杰伦 官方 MV | 周杰伦 歌曲 | 周杰伦 歌词版 | 周杰伦 高音质,2026-07-31T14:06:15.904475+00:00
qOaukX7We2U,https://www.youtube.com/watch?v=qOaukX7We2U,一路向北 (抖音DJ版) - 周杰伦「请放开你温暖的手让我一路向北，未知的远方是否也有也有真情轮回。」♪ || 年度最佳抖音歌曲 | 最火最热门洗脑抖音歌曲  | 抖音 | TikTok ♪,MotChill Music Cloud ,UCzg2xY2qyj0odbjsMAIe2tQ,355,,,,885,周杰伦 歌曲,2026-07-31T14:06:15.904475+00:00
K_mpXQHVRNw,https://www.youtube.com/watch?v=K_mpXQHVRNw,一路向北 - 周杰伦 - 完整版 R&B,Lee,UC79ebI7IRBrVWQbQPdfUg3w,209,,,,147162,周杰伦 完整版,2026-07-31T14:06:15.904475+00:00
DomzFr46i9g,https://www.youtube.com/watch?v=DomzFr46i9g,一路向北 Yi Lu Xiang Bei 周杰伦 Zhou Jie Lun Lyrics+Pinyin,Chinese Pop Lyrics,UC-vZuAMyuwe2F-TPGRAbkHA,296,,,,102844,周杰伦 lyric video,2026-07-31T14:06:15.904475+00:00
-CwE30KQjQo,https://www.youtube.com/watch?v=-CwE30KQjQo,一路向北 周杰伦 (歌词版),GM Lyric,UC8wXsgv4k9fGAo8LwE-KwPQ,296,,,,4812569,周杰伦 Official Music Video | 周杰伦 官方 MV | 周杰伦 歌曲 | 周杰伦 歌词版,2026-07-31T14:06:15.904475+00:00
vraGCDdilzQ,https://www.youtube.com/watch?v=vraGCDdilzQ,一路向北-周杰伦-头文字D插曲 『超高无损音质』【动态歌词Lyrics】,1k音乐流行歌曲 music,UCYmgdGvzSCycXOX-bUU0-kA,298,,,,565,周杰伦 高音质,2026-07-31T14:06:15.904475+00:00
8Q3charqaAs,https://www.youtube.com/watch?v=8Q3charqaAs,一路向北（All the Way North）  周杰伦（Jay Chou）   歌词版（Pinyin Lyrics）我一路向北  离开有你的季节,Micro Vid,UCkbEalf1axufxJdZxPs6Yjw,296,,,,3453,周杰伦 官方 MV | 周杰伦 歌词版,2026-07-31T14:06:15.904475+00:00
76q7uUvfsBs,https://www.youtube.com/watch?v=76q7uUvfsBs,一首〈Christy〉大爆紅！如何從台灣紅回香港？不跟大公司簽約？近年最受年輕人喜愛的潮流歌手，Tyson Yoshi究竟是誰？｜Tyson Yoshi｜OMIO_BEN,OMIO BEN,UChNqKKo9tAbj3v2hCkcPFOQ,483,,,,36733,周杰伦 Sony Music Taiwan,2026-07-31T14:06:15.904475+00:00
1F0xvbyQdF8,https://www.youtube.com/watch?v=1F0xvbyQdF8,七里香   周杰伦   歌词动态版   高音质,Rich Lyrics,UCfIXUQd-VrPkrXSS1YS_Nsw,296,,,,5558,周杰伦 高音质,2026-07-31T14:06:15.904475+00:00
I53vTEeBhxY,https://www.youtube.com/watch?v=I53vTEeBhxY,七里香 [4K] | 周杰伦 嘉年华 世界巡回演唱会 马来西亚站 | 2023,Anderson,UCWyRVvVbH-SDKBqh8_m1icA,395,,,,16048,周杰伦 演唱会 | 周杰伦 现场 Live,2026-07-31T14:06:15.904475+00:00
K2FltwZLJTU,https://www.youtube.com/watch?v=K2FltwZLJTU,七里香 _ 周杰伦 （高音质 完整版）,슨남,UChcCaCY97v2YSgUEh9coWGg,294,,,,167,周杰伦 高音质,2026-07-31T14:06:15.904475+00:00
dkqoDQZlJG4,https://www.youtube.com/watch?v=dkqoDQZlJG4,七里香 周杰伦 (歌词版),GM Lyric,UC8wXsgv4k9fGAo8LwE-KwPQ,297,,,,2877519,周杰伦 专辑 | 周杰伦 完整版 | 周杰伦 官方 MV | 周杰伦 歌曲,2026-07-31T14:06:15.904475+00:00
_H4e20SFNHo,https://www.youtube.com/watch?v=_H4e20SFNHo,七里香 （翻唱） ,Echo oo,UC0RL_hlYU5AAriRa2P6a3pQ,259,,,,2,周杰伦 专辑,2026-07-31T14:06:15.904475+00:00
Bt6oTpg5RiQ,https://www.youtube.com/watch?v=Bt6oTpg5RiQ,七里香-周杰伦『超高无损音质』【动态歌词Lyrics】,1k音乐流行歌曲 music,UCYmgdGvzSCycXOX-bUU0-kA,298,,,,687,周杰伦 高音质,2026-07-31T14:06:15.904475+00:00
ALKsp-qP87g,https://www.youtube.com/watch?v=ALKsp-qP87g,七里香—周杰伦【超高无损音质】『动态歌词』,ZG MUSIC,UCzr4Kauf4Xb5w1yc-_Qe7Ow,300,,,,8366,周杰伦 官方 MV,2026-07-31T14:06:15.904475+00:00
WALf2hHYU8E,https://www.youtube.com/watch?v=WALf2hHYU8E,三年二班 周杰伦 (歌词版),GM Lyric,UC8wXsgv4k9fGAo8LwE-KwPQ,281,,,,337583,周杰伦 歌词版,2026-07-31T14:06:15.904475+00:00
0o3T6ygynQE,https://www.youtube.com/watch?v=0o3T6ygynQE,上海一九四三 周杰伦 (歌词版),GM Lyric,UC8wXsgv4k9fGAo8LwE-KwPQ,197,,,,316392,周杰伦 官方 MV | 周杰伦 歌词版,2026-07-31T14:06:15.904475+00:00
3QDvE6LplcQ,https://www.youtube.com/watch?v=3QDvE6LplcQ,上海慈善晚會 周杰倫 與 陳奕迅 合唱【淘汰】完整版.flv,yurou lim,UCLgjYGOH2VGxpbg9KbVCiyw,295,,,,40970,周杰伦 完整版,2026-07-31T14:06:15.904475+00:00
SrhH8gnhtaw,https://www.youtube.com/watch?v=SrhH8gnhtaw,不可一世的神仙专辑：周杰伦《八度空间》（上） | ZIBO,ZIBO资博,UCuYcbG44ydXpQPfV2X0UhYw,689,,,,26280,周杰伦 专辑,2026-07-31T14:06:15.904475+00:00
K9ZgRzIuUF0,https://www.youtube.com/watch?v=K9ZgRzIuUF0,不愛我就拉倒 周杰伦 (歌词版),GM Lyric,UC8wXsgv4k9fGAo8LwE-KwPQ,247,,,,52074,周杰伦 官方 MV | 周杰伦 歌词版,2026-07-31T14:06:15.904475+00:00
lE-XMbjdSzY,https://www.youtube.com/watch?v=lE-XMbjdSzY,不能不聽的周杰伦100首歌 - 100 songs of Jay Chou You Must listen,杰威爾歌詞MV頻道JVR Lyric MV,UCsMWXIFViw8KxCl1i7X8deA,24917,,,,1099362,周杰伦 JVR Music | 周杰伦 杰威尔音乐,2026-07-31T14:06:15.904475+00:00
22sctzlPeAI,https://www.youtube.com/watch?v=22sctzlPeAI,不能說的秘密,周杰倫 Jay Chou,UC8CU5nVhCQIdAGrFFp4loOQ,297,,,,29757379,周杰伦 JVR Music,2026-07-31T14:06:15.904475+00:00
fPmjoH6uQiU,https://www.youtube.com/watch?v=fPmjoH6uQiU,不能說的秘密,周杰倫 Jay Chou,UC8CU5nVhCQIdAGrFFp4loOQ,298,,,,920278,周杰伦 演唱会,2026-07-31T14:06:15.904475+00:00
2ka5TRWeGPc,https://www.youtube.com/watch?v=2ka5TRWeGPc,"不能說的秘密 - 周杰倫2022♫【高音質|動態歌詞Lyrics】(這幸福的碎片,這一季的秋天)",音妳不同,UCJp3ttwj0wJpeE7m612lgkA,297,,,,188,周杰伦 1080P MV | 周杰伦 高音质,2026-07-31T14:06:15.904475+00:00
lx_2Uquj--Y,https://www.youtube.com/watch?v=lx_2Uquj--Y,不能说的秘密   周杰伦   歌词动态版   (高音质),Rich Lyrics,UCfIXUQd-VrPkrXSS1YS_Nsw,296,,,,4860,周杰伦 高音质,2026-07-31T14:06:15.904475+00:00
vPkpqYxhNOs,https://www.youtube.com/watch?v=vPkpqYxhNOs,不能说的秘密 周杰伦 (歌词版),GM Lyric,UC8wXsgv4k9fGAo8LwE-KwPQ,297,,,,8628912,周杰伦 官方 MV | 周杰伦 杰威尔音乐 | 周杰伦 高音质,2026-07-31T14:06:15.904475+00:00
PasTduIkN1w,https://www.youtube.com/watch?v=PasTduIkN1w,不能说的秘密 周杰伦 (歌词版)高音质,柚子音樂,UCBsPneTAqP3cIvBRl8OML0A,297,,,,10547,周杰伦 歌词版 | 周杰伦 高音质,2026-07-31T14:06:15.904475+00:00
9hyd05eqU_4,https://www.youtube.com/watch?v=9hyd05eqU_4,不该 周杰伦 & 张惠妹 (歌词版),GM Lyric,UC8wXsgv4k9fGAo8LwE-KwPQ,291,,,,2492133,周杰伦 Official Music Video | 周杰伦 完整版 | 周杰伦 官方 MV | 周杰伦 杰威尔音乐 | 周杰伦 歌曲 | 周杰伦 歌词版 | 周杰伦 高音质,2026-07-31T14:06:15.904475+00:00
qeiQ9bRg-cU,https://www.youtube.com/watch?v=qeiQ9bRg-cU,专属定制 《晴天》《倒带》《稻香》周杰伦个人专辑DJ串烧#车载音乐 #dj #车载u盘 #周杰伦 #抖音热歌,聚力车载DJ音乐,UCF9pszqPlGUxIh3e6v8B5Uw,3346,,,,738,周杰伦 歌曲,2026-07-31T14:06:15.904475+00:00
QIIoMtkpw58,https://www.youtube.com/watch?v=QIIoMtkpw58,世界未末日,周杰倫 Jay Chou,UC8CU5nVhCQIdAGrFFp4loOQ,264,,,,1167447,周杰伦 JVR Music,2026-07-31T14:06:15.904475+00:00
zqmKN-HQMjY,https://www.youtube.com/watch?v=zqmKN-HQMjY,世界未末日 Shi Jie Wei Mo Ri (The World's Not Over) - 周杰倫 Jay Chou 惊叹号 Lyrics,voldemortwillkillu,UCMnpJ88UdU7-1oWA3K_nGOw,262,,,,16910,周杰伦 Sony Music Taiwan,2026-07-31T14:06:15.904475+00:00
oVxwuVKqgyU,https://www.youtube.com/watch?v=oVxwuVKqgyU,世界末日 周杰伦 (歌词版),GM Lyric,UC8wXsgv4k9fGAo8LwE-KwPQ,266,,,,1747020,周杰伦 官方 MV | 周杰伦 歌词版,2026-07-31T14:06:15.904475+00:00
WcXMa0qmOU4,https://www.youtube.com/watch?v=WcXMa0qmOU4,东风破 周杰伦 (歌词版),GM Lyric,UC8wXsgv4k9fGAo8LwE-KwPQ,316,,,,1248486,周杰伦 官方 MV | 周杰伦 歌曲 | 周杰伦 歌词版,2026-07-31T14:06:15.904475+00:00
D1rx5SK685o,https://www.youtube.com/watch?v=D1rx5SK685o,东风破 周杰伦 带歌词 高音质 经典 怀旧,Your loved music,UCHrwmN0UCTaxeF7GlnDaSEg,314,,,,758,周杰伦 高音质,2026-07-31T14:06:15.904475+00:00
JkwnwtMldOg,https://www.youtube.com/watch?v=JkwnwtMldOg,两个香港哪个更真实？周杰伦演唱会门口 菲律宾印尼女佣在尽情狂欢,西康札记Xikang,UCpIzSp-McIhaxr5aFWSVRRw,887,,,,5660,周杰伦 演唱会,2026-07-31T14:06:15.904475+00:00
dcv9NFJJuiY,https://www.youtube.com/watch?v=dcv9NFJJuiY,中島美嘉 Mika Nakashima - 雪花 (2004-2013 LIVE DIGEST Ver.) 中文字幕,台灣索尼音樂 Sony Music Taiwan,UCFtUq0ml-coWmD70Pt_urRA,338,,,,7841213,周杰伦 Sony Music Taiwan,2026-07-31T14:06:15.904475+00:00
K_mfW2PMuFA,https://www.youtube.com/watch?v=K_mfW2PMuFA,中文世界最受歡迎歌手-周杰倫的所有歌曲 Best Songs Of Jay Chou 周杰伦25年的辉煌 25 years of Jay Chou's Awesomeness,杰威爾歌詞MV頻道JVR Lyric MV,UCsMWXIFViw8KxCl1i7X8deA,38740,,,,15474,周杰伦 杰威尔音乐,2026-07-31T14:06:15.904475+00:00
0oSGQY3wf2k,https://www.youtube.com/watch?v=0oSGQY3wf2k,中餐厅最新花絮，大家在周杰伦演唱会团建，黄晓明夸昆凌人美心善，看到大家在厨房忙，昆凌主动去帮忙！#昆凌#周杰伦#中餐厅南洋拾光季#中国餐厅#王俊凯,追综小喇叭,UC2oN0c8FcMnJMRNId9me7Bg,948,,,,29255,周杰伦 演唱会,2026-07-31T14:06:15.904475+00:00
vqxSEIQ-7YM,https://www.youtube.com/watch?v=vqxSEIQ-7YM,为什么周杰伦新专辑里的《那天下雨了》热度最高？,悦耳钢琴,UCzXBWVNfhVywMhzW9_vjpcw,130,,,,1829,周杰伦 专辑,2026-07-31T14:06:15.904475+00:00
EgJSe5i-vII,https://www.youtube.com/watch?v=EgJSe5i-vII,为什么我不再期待周杰伦的新专辑了？（下）,A米的vlog,UCoGvx3MvBOiPpdVVFxwL0XQ,142,,,,38,周杰伦 专辑,2026-07-31T14:06:15.904475+00:00
xpZqd94vgKI,https://www.youtube.com/watch?v=xpZqd94vgKI,为什么第一张专辑最好听?周杰伦|陶喆|方大同首专盘点,人间烟火music,UCBWCFcKL2Ip7qZA1XfJEZhQ,1194,,,,3861,周杰伦 专辑,2026-07-31T14:06:15.904475+00:00
NuRObCeeYEI,https://www.youtube.com/watch?v=NuRObCeeYEI,为什么草东没有派对是华语乐坛最不可替代的奇迹 #音乐 #综艺 #明星 #电视剧 #草东没有派对,追剧扒星,UCa-m18A6mWntiZr2kEhQNfg,290,,,,1,周杰伦 官方 MV,2026-07-31T14:06:15.904475+00:00
6QZG9phYVzo,https://www.youtube.com/watch?v=6QZG9phYVzo,主歌完全冇聲？首首都降key...周杰倫演唱會聽感差到爆！到底發生過甚麼事？ | Calvin歌唱小教室,Calvin歌唱小教室,UCYAheFDTi487O_Z4XNqgQkg,1589,,,,173164,周杰伦 演唱会,2026-07-31T14:06:15.904475+00:00
xY13uZYIfCs,https://www.youtube.com/watch?v=xY13uZYIfCs,乃木坂46／Sing Out！(中文字幕完整版),台灣索尼音樂 Sony Music Taiwan,UCFtUq0ml-coWmD70Pt_urRA,322,,,,1074234,周杰伦 Sony Music Taiwan,2026-07-31T14:06:15.904475+00:00
6BJDrbERiyc,https://www.youtube.com/watch?v=6BJDrbERiyc,于文文 Kelly Yu - 謝謝你愛我 Official Music Video,台灣索尼音樂 Sony Music Taiwan,UCFtUq0ml-coWmD70Pt_urRA,274,,,,7652204,周杰伦 Sony Music Taiwan,2026-07-31T14:06:15.904475+00:00
VSqxAAPUttM,https://www.youtube.com/watch?v=VSqxAAPUttM,于文文 Kelly Yu《分手那天》Official Music Video,台灣索尼音樂 Sony Music Taiwan,UCFtUq0ml-coWmD70Pt_urRA,261,,,,5198728,周杰伦 Sony Music Taiwan,2026-07-31T14:06:15.904475+00:00
5W-EaUwrkgI,https://www.youtube.com/watch?v=5W-EaUwrkgI,于文文偷偷去看周董演唱会，结果现场被抓包，接下来这波操作太绝了！,小姐姐爱娱乐,UC5HdBUhVKruNr5dbx2vmKEQ,483,,,,917743,周杰伦 演唱会,2026-07-31T14:06:15.904475+00:00
CKKKBJh3_Ts,https://www.youtube.com/watch?v=CKKKBJh3_Ts,五分推｜【 周杰倫日版 SHM-CD】高音質回味經典！ 這幾首也是你的青春嗎？,世界盡頭深夜酒館,UCbNKX0Bj9rA_Ffb82Lhs73w,473,,,,74,周杰伦 高音质,2026-07-31T14:06:15.904475+00:00
GQ0nPq54SHU,https://www.youtube.com/watch?v=GQ0nPq54SHU,五月天 阿信 Ashin ╳ René 劉若英  [ 意外勇敢的臉龐 Unexpected Courage ] Official Music Video｜《我們意外的勇氣》 電影歌曲,相信音樂BinMusic,UC7ovu6a8ydIbDy0fAKmoZ9A,249,,,,1540261,周杰伦 Sony Music Taiwan,2026-07-31T14:06:15.904475+00:00
6JcZChRIQfU,https://www.youtube.com/watch?v=6JcZChRIQfU,仅需120秒听完周杰伦专辑《最伟大的作品》所有歌曲！,少女爱丽丝-,UC_x3SLSaJMMwy0G3gvv0PEA,123,,,,3,周杰伦 专辑,2026-07-31T14:06:15.904475+00:00
AcK9c-6J3ds,https://www.youtube.com/watch?v=AcK9c-6J3ds,以父之名 周杰伦 (歌词版),GM Lyric,UC8wXsgv4k9fGAo8LwE-KwPQ,341,,,,1776873,周杰伦 官方 MV | 周杰伦 歌曲 | 周杰伦 歌词版,2026-07-31T14:06:15.904475+00:00
KWEA9fPLKZE,https://www.youtube.com/watch?v=KWEA9fPLKZE,以父之名 周杰伦2004无与伦比演唱会 完整版 特效字幕 4K,CatLikeMusic,UCd57lhXWETP6ivvQ42Zs5Ww,341,,,,606,周杰伦 完整版,2026-07-31T14:06:15.904475+00:00
sDFYu79HnjI,https://www.youtube.com/watch?v=sDFYu79HnjI,伊斯坦堡 周杰伦 (歌词版),GM Lyric,UC8wXsgv4k9fGAo8LwE-KwPQ,210,,,,79379,周杰伦 歌词版,2026-07-31T14:06:15.904475+00:00
CN3kMGEFKg8,https://www.youtube.com/watch?v=CN3kMGEFKg8,众星挑戰 周杰倫 《搁浅》 这首地獄級的歌曲 究竟有多難唱,music live video,UCPFz0Ln8lQEs0ge1zkA8E8w,532,,,,106821,周杰伦 Official Music Video | 周杰伦 现场 Live,2026-07-31T14:06:15.904475+00:00
EzTWo2JkxA4,https://www.youtube.com/watch?v=EzTWo2JkxA4,伤感歌曲（完整版）-枫 原唱：周杰伦 翻唱：王小草,ziliang.Feng-Music TV,UCGISvH4A-KBKF9NOKFVS0-g,250,,,,7915,周杰伦 完整版,2026-07-31T14:06:15.904475+00:00
hTiizjasqjE,https://www.youtube.com/watch?v=hTiizjasqjE,伽蓝雨 MV 爱有来生 烟花易冷 周杰伦,Tony Chang,UCdxkMbirTsG0G63x3QUU8rg,236,,,,6383,周杰伦 1080P MV,2026-07-31T14:06:15.904475+00:00
i0jPRHg4KY0,https://www.youtube.com/watch?v=i0jPRHg4KY0,余味,CAL MUSIC STUDIO,UCULGYQa6EXiKe4YaVl994VQ,214,,,,4,周杰伦 JVR Music,2026-07-31T14:06:15.904475+00:00
x5dr4_tg178,https://www.youtube.com/watch?v=x5dr4_tg178,你有聽過〈晚餐歌〉嗎？向爸爸借錢，打造破億神曲！年僅17歲登上超過萬人舞台，至今仍未露過面？tuki.究竟是誰？｜tuki.｜OMIO_BEN,OMIO BEN,UChNqKKo9tAbj3v2hCkcPFOQ,581,,,,57699,周杰伦 Sony Music Taiwan,2026-07-31T14:06:15.904475+00:00
rQCKkFpuO3E,https://www.youtube.com/watch?v=rQCKkFpuO3E,你比从前快乐 周杰伦 (歌词版),GM Lyric,UC8wXsgv4k9fGAo8LwE-KwPQ,203,,,,234426,周杰伦 歌词版,2026-07-31T14:06:15.904475+00:00
SDeX1bmgYJk,https://www.youtube.com/watch?v=SDeX1bmgYJk,你比从前快乐 周杰伦 歌词版,Soundwave Station,UCJtVvJwNTfg3I9EfAHUN1hg,203,,,,646,周杰伦 歌词版,2026-07-31T14:06:15.904475+00:00
M6lEzU9MmGE,https://www.youtube.com/watch?v=M6lEzU9MmGE,你沒看過系列。周杰倫 黑色毛衣 live 2005 TVB歡樂滿東華,music live video,UCPFz0Ln8lQEs0ge1zkA8E8w,109,,,,51450,周杰伦 现场 Live,2026-07-31T14:06:15.904475+00:00
w3UmZIa9OiA,https://www.youtube.com/watch?v=w3UmZIa9OiA,你管这叫冷门歌手？孙燕姿巅峰时比肩周杰伦，歌曲难唱高达九级！,下饭音乐官方频道,UCYVSEcCybChTSITlrNJzXSg,259,,,,77941,周杰伦 歌曲,2026-07-31T14:06:15.904475+00:00
KYrrBFTWMY4,https://www.youtube.com/watch?v=KYrrBFTWMY4,你能夠第一次聽周杰倫新歌「太陽之子」就聽懂歌詞在唱什麼嗎？,小尾巴,UCGKjYyVV5AUMWlElBhGti8A,563,,,,113644,周杰伦 官方 MV | 周杰伦 歌词版,2026-07-31T14:06:15.904475+00:00
IB_cSQL3iHg,https://www.youtube.com/watch?v=IB_cSQL3iHg,來台灣想 街 讚賞王力宏 周杰倫,rei1mix,UC0bSHoOTCeb_9-pElKdZkHQ,143,,,,17662,周杰伦 Sony Music Taiwan,2026-07-31T14:06:15.904475+00:00
NnfFISblsD0,https://www.youtube.com/watch?v=NnfFISblsD0,信樂團 - One Night In 北京『One Night in 北京』【動態歌詞Lyrics】,HXP Music,UCKtwgmQvB5DT-GnNO336QSw,280,,,,2421626,周杰伦 lyric video,2026-07-31T14:06:15.904475+00:00
vtPQnRKxTwo,https://www.youtube.com/watch?v=vtPQnRKxTwo,倒带  演唱会版   周杰伦   歌词动态版  (高音质),Rich Lyrics,UCfIXUQd-VrPkrXSS1YS_Nsw,277,,,,1069,周杰伦 高音质,2026-07-31T14:06:15.904475+00:00
RTCgKngIoYo,https://www.youtube.com/watch?v=RTCgKngIoYo,倒带(Live) - 周杰伦 「终于看开 爱回不来 」动态歌词Lyrics,勒索歌词Studio,UC503_-ZdiTZtFwy6utV9nHQ,277,,,,13059,周杰伦 现场 Live,2026-07-31T14:06:15.904475+00:00
xC4bwRBklv0,https://www.youtube.com/watch?v=xC4bwRBklv0,倒影 周杰伦 (歌词版),GM Lyric,UC8wXsgv4k9fGAo8LwE-KwPQ,235,,,,53724,周杰伦 官方 MV | 周杰伦 歌词版,2026-07-31T14:06:15.904475+00:00
KLRKPh2eZxw,https://www.youtube.com/watch?v=KLRKPh2eZxw,倒數一天看【周杰倫 土耳其冰淇淋MV】1 day to Jay Chou's Tu Er Qi Ice cream MV,周杰倫 Jay Chou,UC8CU5nVhCQIdAGrFFp4loOQ,90,,,,64295,Jay Chou Official MV | 周杰伦 1080P MV | 周杰伦 歌曲,2026-07-31T14:06:15.904475+00:00
QJsXYvenDto,https://www.youtube.com/watch?v=QJsXYvenDto,倒數三天看【周杰倫 土耳其冰淇淋MV】3 days to Jay Chou's Tu Er Qi Ice cream MV,周杰倫 Jay Chou,UC8CU5nVhCQIdAGrFFp4loOQ,86,,,,50246,Jay Chou Official MV | 周杰伦 1080P MV | 周杰伦 4K MV | 周杰伦 官方 MV | 周杰伦 歌曲,2026-07-31T14:06:15.904475+00:00
WmzZYr0WuC4,https://www.youtube.com/watch?v=WmzZYr0WuC4,倒數二天看【周杰倫 土耳其冰淇淋MV】2 days to Jay Chou's Tu Er Qi Ice cream MV,周杰倫 Jay Chou,UC8CU5nVhCQIdAGrFFp4loOQ,75,,,,32773,Jay Chou Official MV | 周杰伦 1080P MV | 周杰伦 4K MV | 周杰伦 Official Music Video | 周杰伦 lyric video | 周杰伦 完整版 | 周杰伦 官方 MV | 周杰伦 歌曲,2026-07-31T14:06:15.904475+00:00
udkr0_zkDaY,https://www.youtube.com/watch?v=udkr0_zkDaY,借口 - 周杰伦（我知道你的痛 是我给的承诺）【享受音乐，动态歌词】,MUSIC LESSLY,UCGlzpIF23LLIpQGKnciLVuA,262,,,,969,周杰伦 歌曲,2026-07-31T14:06:15.904475+00:00
g8s46xjpT38,https://www.youtube.com/watch?v=g8s46xjpT38,借口 周杰伦 (歌词版),GM Lyric,UC8wXsgv4k9fGAo8LwE-KwPQ,259,,,,1931565,周杰伦 Official Music Video | 周杰伦 完整版 | 周杰伦 官方 MV | 周杰伦 杰威尔音乐 | 周杰伦 歌曲 | 周杰伦 歌词版,2026-07-31T14:06:15.904475+00:00
Mdj1dUNPqRY,https://www.youtube.com/watch?v=Mdj1dUNPqRY,倾情盘点周杰伦历年音乐专辑：第一张《Jay》，杰迷必看系列,九听音乐盘点,UC7dVsxwiSeyr7i5BCb3I2Cg,291,,,,3,周杰伦 专辑,2026-07-31T14:06:15.904475+00:00
4BGX5-H6v0E,https://www.youtube.com/watch?v=4BGX5-H6v0E,傻笑 周杰伦 & 袁咏琳 (歌词版),GM Lyric,UC8wXsgv4k9fGAo8LwE-KwPQ,291,,,,101270,周杰伦 Official Music Video | 周杰伦 歌词版,2026-07-31T14:06:15.904475+00:00
wzfo11cnwlg,https://www.youtube.com/watch?v=wzfo11cnwlg,全场气氛凝固！长达两分钟沉默思考，萧敬腾委婉回应恋情话题引人热议#小s #综艺 #搞笑,综艺大本营,UClkJdbgkL2eP_sv7WoWcuWg,2804,,,,213,周杰伦 Official Music Video | 周杰伦 专辑 | 周杰伦 官方 MV | 周杰伦 演唱会,2026-07-31T14:06:15.904475+00:00
pJ9qrXTlVIg,https://www.youtube.com/watch?v=pJ9qrXTlVIg,全网唯一！留学生爆肝20小时混剪周杰伦《最伟大的作品》专辑MV合集，千万不要错过结尾的彩蛋哦~,James Li,UC7uFYTQ2QXSRUWUfuKsFhEQ,2642,,,,94,周杰伦 1080P MV,2026-07-31T14:06:15.904475+00:00
2YBaUgxfGYg,https://www.youtube.com/watch?v=2YBaUgxfGYg,八三夭【你就是我無可替代 One & Only】Official Music Video,八三夭 831,UCaPW6qDNWLlhDdSmfW7MTPw,277,,,,2519465,周杰伦 Sony Music Taiwan,2026-07-31T14:06:15.904475+00:00
1RAJ3SvyBus,https://www.youtube.com/watch?v=1RAJ3SvyBus,八三夭【沒有翅膀的人 Nobody Can Fly】Official Music Video,八三夭 831,UCaPW6qDNWLlhDdSmfW7MTPw,258,,,,1750975,周杰伦 Sony Music Taiwan,2026-07-31T14:06:15.904475+00:00
_jhnWE3OrF8,https://www.youtube.com/watch?v=_jhnWE3OrF8,公主病-周杰伦 说一千遍爱你 这都不是问题 我用音乐来治你的公主病,倾听见音乐,UCEK8cmdAisIDt94TXfDrknQ,219,,,,1345,周杰伦 专辑 | 周杰伦 杰威尔音乐,2026-07-31T14:06:15.904475+00:00
VZ1uTboBVSc,https://www.youtube.com/watch?v=VZ1uTboBVSc,兰亭序 | Lan Ting Xu | 高音質 | 動態歌詞 - 周杰伦【无关风月我题序等你回，悬笔一绝那岸边浪千叠】,Captain K Studio,UCA9V4CMSwHZQelEENbx7uGQ,252,,,,980,周杰伦 高音质,2026-07-31T14:06:15.904475+00:00
9N5NXi25qpE,https://www.youtube.com/watch?v=9N5NXi25qpE,兰亭序 周杰伦 (歌词版),GM Lyric,UC8wXsgv4k9fGAo8LwE-KwPQ,252,,,,4807284,周杰伦 Official Music Video | 周杰伦 官方 MV | 周杰伦 歌曲 | 周杰伦 歌词版 | 周杰伦 现场 Live,2026-07-31T14:06:15.904475+00:00
tXeOZCvAB7A,https://www.youtube.com/watch?v=tXeOZCvAB7A,关于【周杰伦】，我也就只听了20年！！！,Pianique,UCMkW0KIZX2KglHxniWZKtDQ,538,,,,393,周杰伦 Sony Music Taiwan,2026-07-31T14:06:15.904475+00:00
FgdvmEMdXM4,https://www.youtube.com/watch?v=FgdvmEMdXM4,关于汪峰、章子怡婚姻的深刻解读！章子怡的名利场，从来就跟汪峰无关！『新聞最嘲點 姜光宇』2023.1025,新聞最嘲點 Mr.姜光宇,UC83_OQeEhmLZYsvJ7aTG3Bg,1312,,,,1068184,周杰伦 Official Music Video | 周杰伦 完整版 | 周杰伦 歌词版 | 周杰伦 现场 Live,2026-07-31T14:06:15.904475+00:00
C4Kwb4u9MKA,https://www.youtube.com/watch?v=C4Kwb4u9MKA,冯提莫翻唱周杰伦《枫》 软字幕 1080p  The Maple Leaf,Feng Timo 冯提莫 phùng đề mạc My love,UCbM_FehW0bm3_z7DQgnZSFA,273,,,,52,周杰伦 1080P MV,2026-07-31T14:06:15.904475+00:00
D2EzHtKq6Ik,https://www.youtube.com/watch?v=D2EzHtKq6Ik,冷酷總裁厭惡所有女人，直到遇見騎機車的叛逆女孩，一見鍾情後瘋狂寵愛她！,格格爱看剧,UCjuR3cUCT_roXY-8n3myKGA,4621,,,,130,周杰伦 杰威尔音乐 | 周杰伦 现场 Live,2026-07-31T14:06:15.904475+00:00
ZEV-wj9k4m4,https://www.youtube.com/watch?v=ZEV-wj9k4m4,分享周杰伦 2022新歌  2022新专辑【最伟大的作品Greatest Works of Art 】新专辑12首歌 期待新MV周杰伦✌️😍🙏🌟👍,Ho Cheong Shing 何昌兴,UCQ2AsHDq83XqVdt6tnyVMiw,2753,,,,1092,周杰伦 1080P MV,2026-07-31T14:06:15.904475+00:00
d0e-UzBa81E,https://www.youtube.com/watch?v=d0e-UzBa81E,分手五年後，總裁重逢已訂婚的她！人群中她不小心拉錯他的手，本想鬆開，卻被失控的他緊緊握住不肯放手！#甜宠 #ceo,BlushVibe Drama,UCVTIhUdRvQM_dpg9wG8rMMw,5932,,,,4086,周杰伦 现场 Live,2026-07-31T14:06:15.904475+00:00
cPf9gPyPjRI,https://www.youtube.com/watch?v=cPf9gPyPjRI,刚AI复活周杰伦专辑封面，看了就停不下来 #周杰伦 #jay #AI,NFT Gamer,UCWCY1mx_63KhqMzTC8XmVUQ,109,,,,824,周杰伦 专辑,2026-07-31T14:06:15.904475+00:00
xE1jI6vShSQ,https://www.youtube.com/watch?v=xE1jI6vShSQ,刚刚！周杰倫《最偉大的作品》新辑中7首新歌出炉! 周杰伦2022新歌 — 最伟大的作品、还在流浪、红颜如霜、错过的烟火、粉色海洋、倒影,杰威爾歌詞MV頻道JVR Lyric MV,UCsMWXIFViw8KxCl1i7X8deA,1461,,,,303767,周杰伦 杰威尔音乐,2026-07-31T14:06:15.904475+00:00
HegSBovl24I,https://www.youtube.com/watch?v=HegSBovl24I,利比《跳楼机》(官方歌词MV)｜LBI - Jumping Machine (Official Lyric Video),Sony Music China索尼音樂中國,UCTXDzc_XXOUCui7o1FlyrZQ,202,,,,65478866,周杰伦 Sony Music Taiwan,2026-07-31T14:06:15.904475+00:00
OyKqSWT2CZI,https://www.youtube.com/watch?v=OyKqSWT2CZI,前世情人  周杰伦  一分钟副歌版本,Sam Cheng,UCzcExSi3OnRqlnCUFlt4ADQ,59,,,,231,周杰伦 Sony Music Taiwan,2026-07-31T14:06:15.904475+00:00
wudOtmP09xU,https://www.youtube.com/watch?v=wudOtmP09xU,劉德華《暗裏著迷》 濃厚的時代風味、粵語情懷、街巷記憶與卡拉OK場景印象就一同湧過來  #music #live,音樂安利站 Beats Music,UCg8X_V_36V9hVbzwb6Mnzpw,250,,,,1295288,周杰伦 现场 Live,2026-07-31T14:06:15.904475+00:00
x-HE-g5YwZE,https://www.youtube.com/watch?v=x-HE-g5YwZE,功夫女足｜Kung Fu Soccer | Official Trailer | 正式预告片    ｜Coming to GSC starting 13 August 2026 ,GSCinemas,UCqFDleXHU9GCb_9JvTmjacQ,95,,,,627254,周杰伦 Sony Music Taiwan,2026-07-31T14:06:15.904475+00:00
YyyDybO0kwc,https://www.youtube.com/watch?v=YyyDybO0kwc,動力火車同框周杰倫飆嗓 歌詞改下水道超有梗@ebcstars,東森娛樂,UCmyVDKnXwdw3McUlcijqmvQ,704,,,,332497,周杰伦 演唱会,2026-07-31T14:06:15.904475+00:00
mJ8gOGZchtQ,https://www.youtube.com/watch?v=mJ8gOGZchtQ,千山万水 周杰伦 (歌词版),GM Lyric,UC8wXsgv4k9fGAo8LwE-KwPQ,248,,,,350278,周杰伦 歌词版,2026-07-31T14:06:15.904475+00:00
RgpMbJsS3Og,https://www.youtube.com/watch?v=RgpMbJsS3Og,千里之外,Xia Elin 夏艾琳,UCtpZXc8ey27K15xYetQdROQ,268,,,,231,周杰伦 专辑,2026-07-31T14:06:15.904475+00:00
jWMYH2OxMf8,https://www.youtube.com/watch?v=jWMYH2OxMf8,千里之外   周杰伦   歌词动态版   (高音质),Rich Lyrics,UCfIXUQd-VrPkrXSS1YS_Nsw,255,,,,1721,周杰伦 高音质,2026-07-31T14:06:15.904475+00:00
p3s7InqInK4,https://www.youtube.com/watch?v=p3s7InqInK4,千里之外 - 周杰伦、宋祖英 （宋祖英2011台北小巨蛋演唱会） Faraway - Jay Chou & Song Zuying,Beautiful Music and Culture,UCOHv_OF7PIkiefTOEsuFkaw,227,,,,39821,周杰伦 Official Music Video | 周杰伦 演唱会,2026-07-31T14:06:15.904475+00:00
EKw2plBUesQ,https://www.youtube.com/watch?v=EKw2plBUesQ,千里之外 周杰伦 & 费玉清 (歌词版),GM Lyric,UC8wXsgv4k9fGAo8LwE-KwPQ,257,,,,1024849,周杰伦 Official Music Video | 周杰伦 官方 MV | 周杰伦 歌词版,2026-07-31T14:06:15.904475+00:00
Co7efppCc3g,https://www.youtube.com/watch?v=Co7efppCc3g,半兽人 周杰伦 (歌词版),GM Lyric,UC8wXsgv4k9fGAo8LwE-KwPQ,246,,,,219219,周杰伦 官方 MV | 周杰伦 歌词版,2026-07-31T14:06:15.904475+00:00
2eQBQive1MY,https://www.youtube.com/watch?v=2eQBQive1MY,半兽人高清重置版MV、#周杰伦 #半兽人 #Jay #Caiyy,CodingSorcery,UC2EedVGPrUt7rPcsB036aIw,249,,,,230,周杰伦 1080P MV,2026-07-31T14:06:15.904475+00:00
nzGi7S6MWcw,https://www.youtube.com/watch?v=nzGi7S6MWcw,半岛铁盒 周杰伦 (歌词版),GM Lyric,UC8wXsgv4k9fGAo8LwE-KwPQ,318,,,,3008092,周杰伦 Official Music Video | 周杰伦 官方 MV | 周杰伦 歌曲 | 周杰伦 歌词版,2026-07-31T14:06:15.904475+00:00
J-v3HpoZ7dI,https://www.youtube.com/watch?v=J-v3HpoZ7dI,半岛铁盒（Peninsula Ironbox）   周杰伦（Jay Chou）  拼音歌词（Pinyin Lyrics）,Micro Vid,UCkbEalf1axufxJdZxPs6Yjw,318,,,,738,周杰伦 官方 MV | 周杰伦 歌词版,2026-07-31T14:06:15.904475+00:00
qLN9u8wTzWc,https://www.youtube.com/watch?v=qLN9u8wTzWc,半島鐵盒【周杰倫 2002 The One 演唱會】(歌詞),MandarinMusic,UCRkq3MIlcZyZp0P0izPwScw,317,,,,93111,周杰伦 演唱会 | 周杰伦 现场 Live,2026-07-31T14:06:15.904475+00:00
4CUFbHY2C0k,https://www.youtube.com/watch?v=4CUFbHY2C0k,华语流行音乐 2001 范特西(专辑) Fantasy 周杰伦专辑 最佳流行音乐演唱专辑奖,NanShan Music,UCGAVfHyXXBCqB2-vNynXwFQ,2384,,,,45,周杰伦 专辑,2026-07-31T14:06:15.904475+00:00
W0J9HlVV1zY,https://www.youtube.com/watch?v=W0J9HlVV1zY,华语流行音乐 2002 八度空间(专辑) 周杰伦专辑 最佳流行音乐演唱专辑奖,NanShan Music,UCGAVfHyXXBCqB2-vNynXwFQ,2779,,,,18,周杰伦 专辑,2026-07-31T14:06:15.904475+00:00
4Wr57XEN7zU,https://www.youtube.com/watch?v=4Wr57XEN7zU,华语流行音乐 2004 七里香 (专辑) 周杰伦专辑 最佳国语流行音乐演唱专辑奖,NanShan Music,UCGAVfHyXXBCqB2-vNynXwFQ,2627,,,,39,周杰伦 专辑,2026-07-31T14:06:15.904475+00:00
IrLFKHZKWw0,https://www.youtube.com/watch?v=IrLFKHZKWw0,卓玛殷措-星晴（高音质+歌词）（周杰伦歌曲）（2019中国好声音第8期）（手牵手　一步两步三步四步　望着天）,KangMusic Channel,UCYIPEeeR354hm9GGfifGsFg,236,,,,1230,周杰伦 歌曲 | 周杰伦 高音质,2026-07-31T14:06:15.904475+00:00
ZBwl3_ORHoo,https://www.youtube.com/watch?v=ZBwl3_ORHoo,印地安老斑鳩,周杰倫 Jay Chou,UC8CU5nVhCQIdAGrFFp4loOQ,305,,,,805673,周杰伦 JVR Music,2026-07-31T14:06:15.904475+00:00
cySVaybZjSk,https://www.youtube.com/watch?v=cySVaybZjSk,印地安老斑鸠 周杰伦 (歌词版),GM Lyric,UC8wXsgv4k9fGAo8LwE-KwPQ,305,,,,100479,周杰伦 歌词版,2026-07-31T14:06:15.904475+00:00
lOJdo2sNrb8,https://www.youtube.com/watch?v=lOJdo2sNrb8,印第安老斑鸠 - 周杰伦 【动态歌词 | 高音质 | FLAC 无损格式转档 | 简体版】,Limstening2Music | 燐听音乐,UCwmlNgtuLvGJY47odlU93Eg,305,,,,223,周杰伦 高音质,2026-07-31T14:06:15.904475+00:00
l98yAw9a4Os,https://www.youtube.com/watch?v=l98yAw9a4Os,原key《給我一首歌的時間》！ ！ 周杰倫墨爾本嘉年華2 Day2,Kilun,UCVB2mC4FyicvsjfQJLbyuxw,77,,,,11375,周杰伦 现场 Live,2026-07-31T14:06:15.904475+00:00
syNjAK7RzNc,https://www.youtube.com/watch?v=syNjAK7RzNc,原key絲滑轉音！周杰倫【2024嘉年華演唱會杭州站】伊斯坦堡 Live,麥摳 Michael,UCLf0AUU5JC04GnZkS5vS-Vw,78,,,,15813,周杰伦 现场 Live,2026-07-31T14:06:15.904475+00:00
ydQ9dL-fqBY,https://www.youtube.com/watch?v=ydQ9dL-fqBY,原KEY飆唱〈擱淺〉〈髮如雪〉　周杰倫自信滿滿：不需要降,FTNN 新聞網,UCSiS_dpGh_mArJcFqr64O6g,154,,,,675043,周杰伦 现场 Live,2026-07-31T14:06:15.904475+00:00
rcC09kN4KAo,https://www.youtube.com/watch?v=rcC09kN4KAo,去看周杰伦演唱会,达哥CYT Jay Chua,UCpUwodTs7ETotc-QbaexdHA,975,,,,320,周杰伦 演唱会,2026-07-31T14:06:15.904475+00:00
9zjFfOeh4jc,https://www.youtube.com/watch?v=9zjFfOeh4jc,反方向的钟 周杰伦 (歌词版),GM Lyric,UC8wXsgv4k9fGAo8LwE-KwPQ,258,,,,1049481,周杰伦 官方 MV | 周杰伦 歌词版,2026-07-31T14:06:15.904475+00:00
55zpOSFgyOo,https://www.youtube.com/watch?v=55zpOSFgyOo,发如雪 原唱：周杰伦  歌词：方文山  AI改编：抖音 北极星电台 歌曲致敬大唐安西军,望石山,UCA99GVmxn2AuZ_cAc47xlSw,226,,,,536,周杰伦 官方 MV,2026-07-31T14:06:15.904475+00:00
gnz7It0-F4g,https://www.youtube.com/watch?v=gnz7It0-F4g,发如雪 周杰伦 (歌词版),GM Lyric,UC8wXsgv4k9fGAo8LwE-KwPQ,302,,,,4358984,周杰伦 Official Music Video | 周杰伦 官方 MV | 周杰伦 杰威尔音乐 | 周杰伦 歌曲 | 周杰伦 歌词版,2026-07-31T14:06:15.904475+00:00
pWV7R7KrOZs,https://www.youtube.com/watch?v=pWV7R7KrOZs,发如雪（Hair White as Snow）  周杰伦（Jay Chou）  歌词版（Pinyin Lyrics）//你发如雪 凄美了离别 我焚香感动了谁//,Micro Vid,UCkbEalf1axufxJdZxPs6Yjw,302,,,,574,周杰伦 歌词版,2026-07-31T14:06:15.904475+00:00
4vDNok9PWjs,https://www.youtube.com/watch?v=4vDNok9PWjs,古拉朵 - 七里香 （原唱：周杰伦）完整版,しょう,UCOyxWMNG9fGvlOCK6mxyKyA,253,,,,5380,周杰伦 完整版,2026-07-31T14:06:15.904475+00:00
lngyXexkiok,https://www.youtube.com/watch?v=lngyXexkiok,另類搖滾天團 幽浮一族 Foo Fighters / 最新專輯《超音速公路》(15秒宣傳廣告),台灣索尼音樂 Sony Music Taiwan,UCFtUq0ml-coWmD70Pt_urRA,16,,,,2337,周杰伦 Sony Music Taiwan,2026-07-31T14:06:15.904475+00:00
WxbQ6h4jeCQ,https://www.youtube.com/watch?v=WxbQ6h4jeCQ,可愛女人Live 周杰倫【2001金曲頒獎典禮】,yangkai:),UCICOhoAYgMSQl0zziuxj9HQ,134,,,,8546,周杰伦 现场 Live,2026-07-31T14:06:15.904475+00:00
Ueafg5qfGmw,https://www.youtube.com/watch?v=Ueafg5qfGmw,可爱女人 周杰伦 (歌词版),GM Lyric,UC8wXsgv4k9fGAo8LwE-KwPQ,239,,,,1021072,周杰伦 官方 MV | 周杰伦 歌词版,2026-07-31T14:06:15.904475+00:00
TKHuQYVi0zk,https://www.youtube.com/watch?v=TKHuQYVi0zk,台灣站 (06/09/2016) - 周杰倫自爆手機放滿女兒萌照,TVB USA Official,UCgVstyPcfgQ8Dpmoy8qxAmA,224,,,,1478,周杰伦 Sony Music Taiwan,2026-07-31T14:06:15.904475+00:00
yugYqRDmOuU,https://www.youtube.com/watch?v=yugYqRDmOuU,史上最“硬核”粉丝？周杰伦演唱会，本以为是普通粉丝，没想到一开口竟是“大佬”,下饭音乐官方频道,UCYVSEcCybChTSITlrNJzXSg,246,,,,23531,周杰伦 演唱会,2026-07-31T14:06:15.904475+00:00
OhLdbzZG-1M,https://www.youtube.com/watch?v=OhLdbzZG-1M,史上最狂diss現場！周杰倫的「隱藏心事」竟全寫在這首歌？｜周杰倫《外婆》全面分析,凱斯理 Castaly,UCOhdjPoLKTXGIsNyDZAcgoA,919,,,,7495,周杰伦 现场 Live,2026-07-31T14:06:15.904475+00:00
2lbJ89pBoxw,https://www.youtube.com/watch?v=2lbJ89pBoxw,同一种调调 周杰伦 (歌词版),GM Lyric,UC8wXsgv4k9fGAo8LwE-KwPQ,232,,,,64040,周杰伦 歌词版,2026-07-31T14:06:15.904475+00:00
yW2eQ78Lyeo,https://www.youtube.com/watch?v=yW2eQ78Lyeo,同理 Zunya - 心 GRATEFUL (Official Audio),同理 Zunya,UCZ5cmFEbdOVeEFtZiaMqE3w,144,,,,10288,周杰伦 Sony Music Taiwan,2026-07-31T14:06:15.904475+00:00
Pz9HlPxrP0U,https://www.youtube.com/watch?v=Pz9HlPxrP0U,听妈妈的话   周杰伦   歌词动态版   (高音质),Rich Lyrics,UCfIXUQd-VrPkrXSS1YS_Nsw,266,,,,1618,周杰伦 高音质,2026-07-31T14:06:15.904475+00:00
-Vms9R43h6s,https://www.youtube.com/watch?v=-Vms9R43h6s,听妈妈的话 周杰伦 (歌词版),GM Lyric,UC8wXsgv4k9fGAo8LwE-KwPQ,264,,,,540344,周杰伦 官方 MV | 周杰伦 歌词版,2026-07-31T14:06:15.904475+00:00
WdqDF5KUk-w,https://www.youtube.com/watch?v=WdqDF5KUk-w,听妈妈的话（Listen to Mom）  周杰伦（Jay Chou）  拼音歌词（Pinyin Lyrics）,Micro Vid,UCkbEalf1axufxJdZxPs6Yjw,266,,,,827,周杰伦 官方 MV,2026-07-31T14:06:15.904475+00:00
LRW_7lUR4NQ,https://www.youtube.com/watch?v=LRW_7lUR4NQ,听完周杰伦的新专辑，我有点开不了口...,GOATFANS,UC7JHmciMxyeLvrvRy6hW-jA,3307,,,,18542,周杰伦 专辑,2026-07-31T14:06:15.904475+00:00
KHSt9D9yfKQ,https://www.youtube.com/watch?v=KHSt9D9yfKQ,听爸爸的话 周杰伦 (歌词版),GM Lyric,UC8wXsgv4k9fGAo8LwE-KwPQ,264,,,,705962,周杰伦 官方 MV | 周杰伦 歌词版,2026-07-31T14:06:15.904475+00:00
l5qXuOW8DaU,https://www.youtube.com/watch?v=l5qXuOW8DaU,听见下雨的声音 周杰伦 (歌词版),GM Lyric,UC8wXsgv4k9fGAo8LwE-KwPQ,280,,,,855711,周杰伦 官方 MV | 周杰伦 歌词版,2026-07-31T14:06:15.904475+00:00
EJoSxhnZ1JY,https://www.youtube.com/watch?v=EJoSxhnZ1JY,听见下雨的声音（Rhythm of the Rain）   周杰伦（Jay Chou）  拼音歌词（Pinyin Lyrics）,Micro Vid,UCkbEalf1axufxJdZxPs6Yjw,280,,,,739,周杰伦 官方 MV | 周杰伦 歌词版,2026-07-31T14:06:15.904475+00:00
cf7FmyG5Wfg,https://www.youtube.com/watch?v=cf7FmyG5Wfg,吴尊来点歌了，周杰伦上海演唱会点歌环节有吴尊和女儿NeiNei #周杰伦演唱会,知情识趣 Fun Facts ,UCO6XGSWCJDsHan5HjVwGfrg,186,,,,80798,周杰伦 Sony Music Taiwan | 周杰伦 演唱会,2026-07-31T14:06:15.904475+00:00
elVPHdSusoo,https://www.youtube.com/watch?v=elVPHdSusoo,吴建豪太敢说！自曝洗浴偶遇神秘旅伴，旅行奇遇离谱又好笑，看完笑到停不下来！,WOW综艺Time,UCsn5BkGOcBuCz2fHTs2q8GQ,4650,,,,20,周杰伦 杰威尔音乐 | 周杰伦 演唱会,2026-07-31T14:06:15.904475+00:00
BJPNfKZoMhY,https://www.youtube.com/watch?v=BJPNfKZoMhY,告白气球   周杰伦   歌词动态版   (高音质),Rich Lyrics,UCfIXUQd-VrPkrXSS1YS_Nsw,213,,,,1042,周杰伦 高音质,2026-07-31T14:06:15.904475+00:00
s9bMgI90mYc,https://www.youtube.com/watch?v=s9bMgI90mYc,告白气球 (Confession Balloon) - Jay Chou [Ch/Pinyin/Eng Lyrics],Exzelyon,UC_kJi3wSs3VJsSmx6I1W55w,211,,,,88745,周杰伦 lyric video,2026-07-31T14:06:15.904475+00:00
S9m997Fw8LI,https://www.youtube.com/watch?v=S9m997Fw8LI,告白气球 - 2019 周杰伦巴黎演唱会,Tengfei Ma,UCCazled-lJm19C2F7pFj1Rg,246,,,,348,周杰伦 演唱会,2026-07-31T14:06:15.904475+00:00
dQY3Ybdc6mw,https://www.youtube.com/watch?v=dQY3Ybdc6mw,告白气球 - 周杰伦 歌词版,yy lyric,UC6ATK5uqT-bWAEGdHV1sL2w,216,,,,30669,周杰伦 官方 MV | 周杰伦 歌词版,2026-07-31T14:06:15.904475+00:00
s_UpcZGY51o,https://www.youtube.com/watch?v=s_UpcZGY51o,告白气球 MV 美女翻唱 - zy喜哥 周杰伦 Confessing Balloons - Jay Chou - 周杰伦的床边故事 - Jay Chou's Bedtime Stories,MV魔方,UCXZbWzeLrmIQzghF7SyaeyQ,221,,,,149394,周杰伦 1080P MV,2026-07-31T14:06:15.904475+00:00
QpZMtifpW9w,https://www.youtube.com/watch?v=QpZMtifpW9w,告白气球 周杰伦 (歌词版),GM Lyric,UC8wXsgv4k9fGAo8LwE-KwPQ,216,,,,509684,周杰伦 Official Music Video | 周杰伦 官方 MV | 周杰伦 歌曲,2026-07-31T14:06:15.904475+00:00
V0nY9AJoVzE,https://www.youtube.com/watch?v=V0nY9AJoVzE,告白气球- 周杰伦-『超高无损音质』【动态歌词Lyrics】,1k音乐流行歌曲 music,UCYmgdGvzSCycXOX-bUU0-kA,216,,,,968,周杰伦 高音质,2026-07-31T14:06:15.904475+00:00
4LZbrVaNNl8,https://www.youtube.com/watch?v=4LZbrVaNNl8,告白氣球 ♥ 周杰倫 Jay Chou ♥ COVER SONGS ON YOUTUBE,Cover Songs On Youtube 翻唱音樂人,UCl7W_-5aOcx3ctY0FrMNBkw,163,,,,103220,周杰伦 Sony Music Taiwan,2026-07-31T14:06:15.904475+00:00
QXKsfScXliI,https://www.youtube.com/watch?v=QXKsfScXliI,告白氣球- 周杰倫 by 楊淨宇 Angel Yang Sony A7IV,Magic Siew,UCmMe6qxIcow-6OWmQOMmHZA,119,,,,751,周杰伦 Sony Music Taiwan,2026-07-31T14:06:15.904475+00:00
8QRPxxjkAWs,https://www.youtube.com/watch?v=8QRPxxjkAWs,周  杰  伦  专  辑  现  状,音乐私藏馆,UCZlVqbrceKyXajf_RXkGPfQ,145,,,,5,周杰伦 专辑,2026-07-31T14:06:15.904475+00:00
ge0Pegr4QSc,https://www.youtube.com/watch?v=ge0Pegr4QSc,周 杰 伦 歌曲🎧10首精選集🎼【高音質】Songs of the Most Popular Chinese Singer,Soft Cloud,UCarWN2mAYHeavjeyMI-XQwg,2090,,,,2,周杰伦 高音质,2026-07-31T14:06:15.904475+00:00
QCmU6ZsW9Ao,https://www.youtube.com/watch?v=QCmU6ZsW9Ao,周傳雄 Steve Chou - 出賣,周傳雄 Steve Chou,UCdOr6OqfBK38XwfiPXFa6rw,233,,,,3143794,周杰伦 Sony Music Taiwan,2026-07-31T14:06:15.904475+00:00
6ca_YHZvzls,https://www.youtube.com/watch?v=6ca_YHZvzls,周傳雄 Steve Chou - 黃昏,周傳雄 Steve Chou,UCdOr6OqfBK38XwfiPXFa6rw,334,,,,74664625,Jay Chou Official MV | 周杰伦 Sony Music Taiwan,2026-07-31T14:06:15.904475+00:00
ipvFDWgEGlI,https://www.youtube.com/watch?v=ipvFDWgEGlI,周兴哲翻唱- 搁浅 + 最长的电影 (周杰伦),Shi Qi Wong,UC2sQp6mFdYVLceI1WZ0QT2g,201,,,,4655997,周杰伦 Official Music Video | 周杰伦 歌曲 | 周杰伦 现场 Live,2026-07-31T14:06:15.904475+00:00
V0HzlpUegPo,https://www.youtube.com/watch?v=V0HzlpUegPo,周大侠 - 周杰伦 日本演唱会,SEE HAO TEO,UCei6B_QFLRlOZ2dXa1WKYXg,142,,,,12388,周杰伦 演唱会,2026-07-31T14:06:15.904475+00:00
g78Nll5Ph9Q,https://www.youtube.com/watch?v=g78Nll5Ph9Q,周大侠 周杰伦 & 杜国璋 (歌词版),GM Lyric,UC8wXsgv4k9fGAo8LwE-KwPQ,135,,,,453715,周杰伦 Official Music Video | 周杰伦 歌词版 | 周杰伦 高音质,2026-07-31T14:06:15.904475+00:00
qJBSSZOTjmY,https://www.youtube.com/watch?v=qJBSSZOTjmY,周大俠,周杰倫 Jay Chou,UC8CU5nVhCQIdAGrFFp4loOQ,135,,,,1998110,周杰伦 JVR Music,2026-07-31T14:06:15.904475+00:00
oLXRJ9Ldv_c,https://www.youtube.com/watch?v=oLXRJ9Ldv_c,周杰伦   - 晴天【刮风这天 我试过握着妳手 但偏偏 雨渐渐 大到我看妳不见】【动态歌词Lyrics】,ZSI Music,UCMMGB-BLClzPjuoIPE0E2uw,270,,,,358420,周杰伦 官方 MV,2026-07-31T14:06:15.904475+00:00
eKbevIADins,https://www.youtube.com/watch?v=eKbevIADins,周杰伦   -《依然范特西 专辑》-无广告循环一直听,Jay周杰伦歌迷音乐站,UCCisvQ18_oqS5kbpmvxLa7g,2457,,,,782,周杰伦 专辑,2026-07-31T14:06:15.904475+00:00
2hnztVa1omw,https://www.youtube.com/watch?v=2hnztVa1omw,周杰伦   2007世界巡回演唱会,Coup0705,UCaQHg2JgZlWItuZFbxw3TcA,4941,,,,81130,周杰伦 演唱会,2026-07-31T14:06:15.904475+00:00
WSwBno608ts,https://www.youtube.com/watch?v=WSwBno608ts,周杰伦   2007世界巡回演唱会 1080P修复版 特效字幕,Zhenda He,UCBLCFljDdEEIYRgipIQ6h6Q,5859,,,,429,周杰伦 1080P MV,2026-07-31T14:06:15.904475+00:00
oX9VB8Gx7VQ,https://www.youtube.com/watch?v=oX9VB8Gx7VQ,周杰伦   简单爱   歌词动态版(高音质),Rich Lyrics,UCfIXUQd-VrPkrXSS1YS_Nsw,272,,,,1118,周杰伦 高音质,2026-07-31T14:06:15.904475+00:00
a7fe9OyT6Vw,https://www.youtube.com/watch?v=a7fe9OyT6Vw,周杰伦  -  不該 KARAOKE,Best Songs Of Jay Chou,UC-F077N83ARnqJPWLb_SI1w,332,,,,290,周杰伦 JVR Music,2026-07-31T14:06:15.904475+00:00
zoiTV1x07VI,https://www.youtube.com/watch?v=zoiTV1x07VI,周杰伦  - 《七里香 专辑》 - 无广告循环一直听,Jay周杰伦歌迷音乐站,UCCisvQ18_oqS5kbpmvxLa7g,2505,,,,676,周杰伦 专辑,2026-07-31T14:06:15.904475+00:00
fCIEWbAlAk4,https://www.youtube.com/watch?v=fCIEWbAlAk4,周杰伦  - 公共偏头痛 -《十二新作 专辑》,Jay周杰伦歌迷音乐站,UCCisvQ18_oqS5kbpmvxLa7g,184,,,,40,周杰伦 专辑,2026-07-31T14:06:15.904475+00:00
Ay8Ls9I5Dto,https://www.youtube.com/watch?v=Ay8Ls9I5Dto,周杰伦  - 床邊故事 KARAOKE,Best Songs Of Jay Chou,UC-F077N83ARnqJPWLb_SI1w,271,,,,643,周杰伦 JVR Music,2026-07-31T14:06:15.904475+00:00
XEyhuci2EfM,https://www.youtube.com/watch?v=XEyhuci2EfM,周杰伦  - 手语  -《十二新作 专辑》,Jay周杰伦歌迷音乐站,UCCisvQ18_oqS5kbpmvxLa7g,284,,,,27,周杰伦 专辑,2026-07-31T14:06:15.904475+00:00
5t9_zMsehRo,https://www.youtube.com/watch?v=5t9_zMsehRo,周杰伦  -《最伟大的作品 专辑》无广告循环一直听,Jay周杰伦歌迷音乐站,UCCisvQ18_oqS5kbpmvxLa7g,2603,,,,1382,周杰伦 专辑,2026-07-31T14:06:15.904475+00:00
zkGs0PFJv2Q,https://www.youtube.com/watch?v=zkGs0PFJv2Q,周杰伦  2013魔天伦世界巡回演唱会 《一路向北》 Live 成都,Kilun,UCVB2mC4FyicvsjfQJLbyuxw,291,,,,3308,周杰伦 现场 Live,2026-07-31T14:06:15.904475+00:00
5-EdGDRf2WE,https://www.youtube.com/watch?v=5-EdGDRf2WE,周杰伦  彩虹  【学生制作 临场MV】,Ruii Heng,UCacSaUhzJe8FBGTLLlGmVqw,144,,,,676,周杰伦 1080P MV,2026-07-31T14:06:15.904475+00:00
B1AfDIXjpog,https://www.youtube.com/watch?v=B1AfDIXjpog,周杰伦  扯,大白熊,UCpO5KAVxCcY6AsRFxi6KLow,211,,,,12913,周杰伦 官方 MV,2026-07-31T14:06:15.904475+00:00
uvgtJ7AXT8U,https://www.youtube.com/watch?v=uvgtJ7AXT8U,周杰伦 & 张惠妹 - 《不该》 [歌词]　『你还是住在 我的回忆里 不出来』,佳选歌曲 - 纯享歌词版好歌　(JiaXuan Nice Songs - Lyrics Video),UCXT148rpW-T_1H59h3D8XLA,290,,,,29872,周杰伦 官方 MV | 周杰伦 歌词版,2026-07-31T14:06:15.904475+00:00
JCOdelsHHfU,https://www.youtube.com/watch?v=JCOdelsHHfU,"周杰伦 (Jay Chou) - ""明明就"" (""Obviously"") Cover",Cindy Liu,UCLEXaXAY2gnFlAtuFpSjINQ,261,,,,725,周杰伦 Sony Music Taiwan,2026-07-31T14:06:15.904475+00:00
0q-ErSKUjc4,https://www.youtube.com/watch?v=0q-ErSKUjc4,周杰伦 (Jay Chou) - 天台 (Rooftop)  全新完整版预告片,Jay Chou No.1,UCLdiDb0buNtWrnQUh_-UH5Q,68,,,,31281,周杰伦 完整版,2026-07-31T14:06:15.904475+00:00
k35UurSJPEo,https://www.youtube.com/watch?v=k35UurSJPEo,周杰伦 (Jay Chou) - 晴天 (Sunny Day) (Mandarin/Pinyin/Eng Sub),laba,UCuhziVNUskFpJ4FbG174vTA,271,,,,542951,Jay Chou Official MV | 周杰伦 Official Music Video | 周杰伦 官方 MV | 周杰伦 歌词版,2026-07-31T14:06:15.904475+00:00
tHv36TsHQcY,https://www.youtube.com/watch?v=tHv36TsHQcY,周杰伦 (Jay Chou) - 麦芽糖 (动态歌词),gogo Charts,UCDEfa7Af7-5DLeNcKa8IjOg,261,,,,48280,周杰伦 官方 MV,2026-07-31T14:06:15.904475+00:00
XHvQh_M0KIQ,https://www.youtube.com/watch?v=XHvQh_M0KIQ,周杰伦 -  《范特西 Fantasy 专辑》无广告循环一直听,Jay周杰伦歌迷音乐站,UCCisvQ18_oqS5kbpmvxLa7g,2279,,,,3540,周杰伦 专辑,2026-07-31T14:06:15.904475+00:00
nsV_4sek-gA,https://www.youtube.com/watch?v=nsV_4sek-gA,周杰伦 -  一路向北《頭文字 D》插曲（歌词版）,Music Library,UCaqqFHvo5Xhgqd5zCNYPH3A,301,,,,153852,周杰伦 歌词版,2026-07-31T14:06:15.904475+00:00
mW9SjqIkClY,https://www.youtube.com/watch?v=mW9SjqIkClY,周杰伦 -  告白氣球 KARAOKE,Best Songs Of Jay Chou,UC-F077N83ARnqJPWLb_SI1w,255,,,,165,周杰伦 JVR Music,2026-07-31T14:06:15.904475+00:00
GWaMg7xRCZI,https://www.youtube.com/watch?v=GWaMg7xRCZI,周杰伦 -  飘移《頭文字 D》主题曲 （歌词版）,Music Library,UCaqqFHvo5Xhgqd5zCNYPH3A,231,,,,29998,周杰伦 歌词版,2026-07-31T14:06:15.904475+00:00
f8cGM_qPLqc,https://www.youtube.com/watch?v=f8cGM_qPLqc,周杰伦 - I DO 歌词版,杰克分享者,UCcwugPgw1S4w6ljOgFv9DrA,217,,,,2528,周杰伦 歌词版,2026-07-31T14:06:15.904475+00:00
3FYrEo7CIm0,https://www.youtube.com/watch?v=3FYrEo7CIm0,周杰伦 - Mine Mine（歌词版）,Music Library,UCaqqFHvo5Xhgqd5zCNYPH3A,267,,,,8180,周杰伦 歌词版,2026-07-31T14:06:15.904475+00:00
Hc4xJ1o7RgM,https://www.youtube.com/watch?v=Hc4xJ1o7RgM,周杰伦 - Mojito【女版翻唱：抚刺 】『麻烦给我的爱人来一杯Mojito』【動態歌詞Lyrics】好音乐 Hao Music,HAO Music Channel,UCFVakifIHtwD64vDfMuFFWg,186,,,,164915,周杰伦 歌词版,2026-07-31T14:06:15.904475+00:00
7teKDBCp21A,https://www.youtube.com/watch?v=7teKDBCp21A,周杰伦 - 七里香 DJ-MJ Electro Remix【雨下整夜 我的爱溢出就像雨水】🔥🔥 4K Music Video,DJ-MJ Official,UCWFaMxEPODO2AFtJLIvvfbQ,358,,,,1292644,周杰伦 Official Music Video,2026-07-31T14:06:15.904475+00:00
bIkGj7uFHeU,https://www.youtube.com/watch?v=bIkGj7uFHeU,周杰伦 - 上海一九四三 高清修复版 1080P HD,油兔,UC0WR-8GsxFgoTRjQDCbkupA,209,,,,203,周杰伦 1080P MV,2026-07-31T14:06:15.904475+00:00
7L-g0TyuHG8,https://www.youtube.com/watch?v=7L-g0TyuHG8,周杰伦 - 不能說的秘密 (曹楊) 嘉年华 新加坡站 2022 (歌詞 Lyrics),I edit I post,UCDSxw5304FNETMLQnRn-1MQ,152,,,,39132,周杰伦 lyric video,2026-07-31T14:06:15.904475+00:00
pYkO7za9vGQ,https://www.youtube.com/watch?v=pYkO7za9vGQ,周杰伦 - 不能说的秘密 (歌词版),Music Library,UCaqqFHvo5Xhgqd5zCNYPH3A,297,,,,733505,周杰伦 歌词版,2026-07-31T14:06:15.904475+00:00
l0XRmJN-SeE,https://www.youtube.com/watch?v=l0XRmJN-SeE,周杰伦 - 专辑系列（一） 《杰伦》,"106,007,993 views",UCOY2WunPjEJLBRSSbHkETuw,2561,,,,1329,周杰伦 专辑,2026-07-31T14:06:15.904475+00:00
im-R9TD2lEo,https://www.youtube.com/watch?v=im-R9TD2lEo,周杰伦 - 伊斯坦堡 高清修复 1080P HD,油兔,UC0WR-8GsxFgoTRjQDCbkupA,206,,,,81,周杰伦 1080P MV,2026-07-31T14:06:15.904475+00:00
oTe3nay54yI,https://www.youtube.com/watch?v=oTe3nay54yI,周杰伦 - 免费教学录音带 -《跨时代 专辑》,Jay周杰伦歌迷音乐站,UCCisvQ18_oqS5kbpmvxLa7g,240,,,,56,周杰伦 专辑,2026-07-31T14:06:15.904475+00:00
8gHOrBShlgQ,https://www.youtube.com/watch?v=8gHOrBShlgQ,周杰伦 - 八度空间 - 专辑合集,韵律漫谈🎶,UCulONr1mtspk7zEWPrygFuw,2592,,,,32,周杰伦 专辑,2026-07-31T14:06:15.904475+00:00
juQDm2RMqHs,https://www.youtube.com/watch?v=juQDm2RMqHs,周杰伦 - 刘瑞琦 Cover - 晴天 [完整女版]『刮风这天，我试过握着你手，但偏偏，雨渐渐，大到我看你不见。。』【動態歌詞】,WEN Music Channel,UCZyDky3LW4wVfcC9wg0--ig,289,,,,12160754,周杰伦 Official Music Video | 周杰伦 完整版 | 周杰伦 官方 MV | 周杰伦 歌曲 | 周杰伦 歌词版 | 周杰伦 现场 Live,2026-07-31T14:06:15.904475+00:00
IEPJlKQ5uuc,https://www.youtube.com/watch?v=IEPJlKQ5uuc,周杰伦 - 印第安老斑鸠 高清修复版 1080P HD,油兔,UC0WR-8GsxFgoTRjQDCbkupA,305,,,,99,周杰伦 1080P MV,2026-07-31T14:06:15.904475+00:00
4XDRY7UQ968,https://www.youtube.com/watch?v=4XDRY7UQ968,周杰伦 - 双截棍 高清修复版 1080P HD,油兔,UC0WR-8GsxFgoTRjQDCbkupA,204,,,,91449,周杰伦 1080P MV,2026-07-31T14:06:15.904475+00:00
Cib9JltLfRI,https://www.youtube.com/watch?v=Cib9JltLfRI,周杰伦 - 双截棍（歌词版）,Music Library,UCaqqFHvo5Xhgqd5zCNYPH3A,204,,,,196776,周杰伦 官方 MV | 周杰伦 歌词版,2026-07-31T14:06:15.904475+00:00
-rRPM5xjyHU,https://www.youtube.com/watch?v=-rRPM5xjyHU,周杰伦 - 反方向的钟 高清修复版 1080P HD,油兔,UC0WR-8GsxFgoTRjQDCbkupA,262,,,,210,周杰伦 1080P MV,2026-07-31T14:06:15.904475+00:00
bKuVe3IxwFo,https://www.youtube.com/watch?v=bKuVe3IxwFo,周杰伦 - 发如雪（歌词版）,Music Library,UCaqqFHvo5Xhgqd5zCNYPH3A,302,,,,199385,周杰伦 歌词版,2026-07-31T14:06:15.904475+00:00
sTNHpamIrr8,https://www.youtube.com/watch?v=sTNHpamIrr8,周杰伦 - 告白气球 DJ-MJ Electro Bounce Remix【亲爱的 爱上你 从那天起 甜蜜的很轻易】🔥🔥 4K MV,DJ-MJ Official,UCWFaMxEPODO2AFtJLIvvfbQ,285,,,,10148,周杰伦 4K MV,2026-07-31T14:06:15.904475+00:00
JcChiboxRRE,https://www.youtube.com/watch?v=JcChiboxRRE,周杰伦 - 告白气球「HQ高音質 / 動態歌詞」♬,嫦娥 II月兔,UCQdDES2wIGJe5E2SyJFlYRw,216,,,,1895,周杰伦 高音质,2026-07-31T14:06:15.904475+00:00
dK2gcAJbDTA,https://www.youtube.com/watch?v=dK2gcAJbDTA,周杰伦 - 告白气球『亲爱的爱上你从那天起 甜蜜的很轻易』 【动态歌词/Pinyin Lyrics】 ,KK Anime Channel,UCFxxw_llkE9VjjiB-XpUvDw,31,,,,21,周杰伦 官方 MV,2026-07-31T14:06:15.904475+00:00
_jZsj4aJjnw,https://www.youtube.com/watch?v=_jZsj4aJjnw,周杰伦 - 周大侠【高音质】KVN Music,Kelvin Lim,UCL0alqjSufWZnlNt5yA4Dzg,135,,,,26054,周杰伦 高音质,2026-07-31T14:06:15.904475+00:00
NM-VjA7qdSg,https://www.youtube.com/watch?v=NM-VjA7qdSg,周杰伦 - 四面楚歌 -《十一月的萧邦 专辑》,Jay周杰伦歌迷音乐站,UCCisvQ18_oqS5kbpmvxLa7g,247,,,,105,周杰伦 专辑,2026-07-31T14:06:15.904475+00:00
iXz6hF8WSMU,https://www.youtube.com/watch?v=iXz6hF8WSMU,周杰伦 - 园游会 + 倒影   (4K 高清)  - 嘉年华世界巡回演唱会 - 马来西亚站 (15/1/2023),porringrui5113,UCWsC4sB3OWO7ueljWHVK-8A,124,,,,2371,周杰伦 4K MV,2026-07-31T14:06:15.904475+00:00
NdBm05eYpao,https://www.youtube.com/watch?v=NdBm05eYpao,周杰伦 - 园游会 DJ-MJ Electro Remix【我顶着大太阳 只想为你撑伞 你靠在我肩膀 深呼吸怕遗忘】🔥🔥 4K Music Video,DJ-MJ Official,UCWFaMxEPODO2AFtJLIvvfbQ,239,,,,53742,周杰伦 Official Music Video,2026-07-31T14:06:15.904475+00:00
jkKZtVymMLU,https://www.youtube.com/watch?v=jkKZtVymMLU,周杰伦 - 夜曲  -《十一月的萧邦 专辑》,Jay周杰伦歌迷音乐站,UCCisvQ18_oqS5kbpmvxLa7g,180,,,,125,周杰伦 专辑,2026-07-31T14:06:15.904475+00:00
rBwwEQ_05bM,https://www.youtube.com/watch?v=rBwwEQ_05bM,周杰伦 - 夜曲(Live),Ninh Ninh,UCizMM12YxYx4sh2jtT2QnYA,224,,,,71431,周杰伦 现场 Live,2026-07-31T14:06:15.904475+00:00
sbASwqmIeFY,https://www.youtube.com/watch?v=sbASwqmIeFY,周杰伦 - 夜曲（歌词版）,Music Library,UCaqqFHvo5Xhgqd5zCNYPH3A,232,,,,19555,周杰伦 歌词版,2026-07-31T14:06:15.904475+00:00
R8xl7E6aEpw,https://www.youtube.com/watch?v=R8xl7E6aEpw,周杰伦 - 完美主义 高清修复版 1080P HD,油兔,UC0WR-8GsxFgoTRjQDCbkupA,243,,,,213,周杰伦 1080P MV,2026-07-31T14:06:15.904475+00:00
OPbSUk2FT2Y,https://www.youtube.com/watch?v=OPbSUk2FT2Y,周杰伦 - 对不起 导演版 高清修复 1080P HD,油兔,UC0WR-8GsxFgoTRjQDCbkupA,225,,,,8098,周杰伦 1080P MV,2026-07-31T14:06:15.904475+00:00
XRIKR2X7fhE,https://www.youtube.com/watch?v=XRIKR2X7fhE,周杰伦 - 开不了口 高清修复版 1080P HD,油兔,UC0WR-8GsxFgoTRjQDCbkupA,291,,,,555,周杰伦 1080P MV,2026-07-31T14:06:15.904475+00:00
QqtzI35ihMs,https://www.youtube.com/watch?v=QqtzI35ihMs,周杰伦 - 彩虹 (4K 高清) - 嘉年华世界巡回演唱会 - 马来西亚站 (15/1/2023),porringrui5113,UCWsC4sB3OWO7ueljWHVK-8A,76,,,,733,周杰伦 4K MV,2026-07-31T14:06:15.904475+00:00
kqbCFhSiG-o,https://www.youtube.com/watch?v=kqbCFhSiG-o,周杰伦 - 我不配（歌词版）,Music Library,UCaqqFHvo5Xhgqd5zCNYPH3A,289,,,,521357,周杰伦 歌词版,2026-07-31T14:06:15.904475+00:00
JUoIYcnH1wk,https://www.youtube.com/watch?v=JUoIYcnH1wk,周杰伦 - 我的地盘  -《七里香 专辑》,Jay周杰伦歌迷音乐站,UCCisvQ18_oqS5kbpmvxLa7g,245,,,,152,周杰伦 专辑,2026-07-31T14:06:15.904475+00:00
yyjteKCcjME,https://www.youtube.com/watch?v=yyjteKCcjME,周杰伦 - 我落泪 · 情绪零碎（歌词版）,Music Library,UCaqqFHvo5Xhgqd5zCNYPH3A,259,,,,35001,周杰伦 歌词版,2026-07-31T14:06:15.904475+00:00
VNCJ4s0810U,https://www.youtube.com/watch?v=VNCJ4s0810U,周杰伦 - 手写从前 [歌词/字幕 + 拼音],珂陈CORTING,UCo-xEkooKPzLY5FG3l9BtXA,298,,,,4520,周杰伦 官方 MV,2026-07-31T14:06:15.904475+00:00
JCn56FEOoYE,https://www.youtube.com/watch?v=JCn56FEOoYE,周杰伦 - 搁浅 DJ-MJ Electro Remix【我只能永远读著对白 读着我给妳的伤害】🔥🔥 4K Music Video,DJ-MJ Official,UCWFaMxEPODO2AFtJLIvvfbQ,261,,,,676081,周杰伦 Official Music Video,2026-07-31T14:06:15.904475+00:00
72omyX_bK-4,https://www.youtube.com/watch?v=72omyX_bK-4,周杰伦 - 斗牛 (动态歌词),gogo Charts,UCDEfa7Af7-5DLeNcKa8IjOg,280,,,,24160,周杰伦 歌词版,2026-07-31T14:06:15.904475+00:00
nZQ2zwmbz9M,https://www.youtube.com/watch?v=nZQ2zwmbz9M,周杰伦 - 斗牛 高清修复版 1080P HD,油兔,UC0WR-8GsxFgoTRjQDCbkupA,289,,,,131,周杰伦 1080P MV,2026-07-31T14:06:15.904475+00:00
nMQhL_6ZHzM,https://www.youtube.com/watch?v=nMQhL_6ZHzM,周杰伦 - 明明就（歌词版）,Music Library,UCaqqFHvo5Xhgqd5zCNYPH3A,260,,,,109338,周杰伦 歌词版,2026-07-31T14:06:15.904475+00:00
shFzbdq8sHk,https://www.youtube.com/watch?v=shFzbdq8sHk,周杰伦 - 星晴 高清修复版 1080P HD,油兔,UC0WR-8GsxFgoTRjQDCbkupA,257,,,,261,周杰伦 1080P MV,2026-07-31T14:06:15.904475+00:00
gAYEz176zRo,https://www.youtube.com/watch?v=gAYEz176zRo,周杰伦 - 晴天  -《叶惠美 专辑》,Jay周杰伦歌迷音乐站,UCCisvQ18_oqS5kbpmvxLa7g,288,,,,352,周杰伦 专辑,2026-07-31T14:06:15.904475+00:00
XSoPn7HB8fw,https://www.youtube.com/watch?v=XSoPn7HB8fw,周杰伦 - 晴天 (抖音DJ版)『故事的小黄花，从出生那年就飘着，童年的荡秋千，随记忆一直晃到现在』抖音｜TikTok｜最红的网络歌曲抖音,BGM 24H,UCbtRY21hXiGONNwBSSdJlnA,305,,,,7,周杰伦 歌曲,2026-07-31T14:06:15.904475+00:00
LGXU5II_MV0,https://www.youtube.com/watch?v=LGXU5II_MV0,周杰伦 - 晴天 v2 DJ-MJ Electro Remix【从前从前 有个人爱妳很久 但偏偏 风渐渐 把距离吹得好远】🔥🔥 4K Music Video,DJ-MJ Official,UCWFaMxEPODO2AFtJLIvvfbQ,361,,,,355538,周杰伦 Official Music Video,2026-07-31T14:06:15.904475+00:00
cbvlhvCiHGc,https://www.youtube.com/watch?v=cbvlhvCiHGc,周杰伦 - 晴天『刮风这天我试过握着你手』 【动态歌词/Pinyin Lyrics】 ,KK Anime Channel,UCFxxw_llkE9VjjiB-XpUvDw,41,,,,0,周杰伦 官方 MV | 周杰伦 歌曲 | 周杰伦 歌词版 | 周杰伦 演唱会,2026-07-31T14:06:15.904475+00:00
JeRo6EO4Reg,https://www.youtube.com/watch?v=JeRo6EO4Reg,周杰伦 - 楓 + 安静 嘉年华 新加坡站 2022 (歌詞 Lyrics),I edit I post,UCDSxw5304FNETMLQnRn-1MQ,275,,,,112283,周杰伦 lyric video | 周杰伦 演唱会 | 周杰伦 现场 Live,2026-07-31T14:06:15.904475+00:00
C4Hhs_w1g0E,https://www.youtube.com/watch?v=C4Hhs_w1g0E,周杰伦 - 止战之殇  -《七里香 专辑》,Jay周杰伦歌迷音乐站,UCCisvQ18_oqS5kbpmvxLa7g,276,,,,218,周杰伦 专辑,2026-07-31T14:06:15.904475+00:00
ab0qp_i4h7o,https://www.youtube.com/watch?v=ab0qp_i4h7o,周杰伦 - 水手怕水  -《惊叹号 专辑》,Jay周杰伦歌迷音乐站,UCCisvQ18_oqS5kbpmvxLa7g,162,,,,180,周杰伦 专辑,2026-07-31T14:06:15.904475+00:00
NdJW6E1aCO4,https://www.youtube.com/watch?v=NdJW6E1aCO4,周杰伦 - 烟花易冷 (R&B)【雨纷纷 旧故里草木深 我听闻 妳始终一个人】Lyrics Video [4K | 动态歌词MV],星光闪烁 XGSS Music Channel ,UCr293wTpeetYdxYxh3C1TGw,294,,,,32,周杰伦 4K MV,2026-07-31T14:06:15.904475+00:00
PAbMpL_NYko,https://www.youtube.com/watch?v=PAbMpL_NYko,周杰伦 - 烟花易冷rnb改编版 「跟着红尘跟随我浪迹一生…」【动态歌词/Lyrics Video】,DSY Music,UCQBBz3u5zzfY9wTcc7u60hA,294,,,,320610,周杰伦 完整版,2026-07-31T14:06:15.904475+00:00
wkJQNTRsX4Y,https://www.youtube.com/watch?v=wkJQNTRsX4Y,周杰伦 - 爱琴海 DJ-MJ Electro Remix【你的影子被日落拉长 思念在很远的地方】🔥🔥 4K MV,DJ-MJ Official,UCWFaMxEPODO2AFtJLIvvfbQ,238,,,,31477,周杰伦 4K MV,2026-07-31T14:06:15.904475+00:00
oolOTyH8FO4,https://www.youtube.com/watch?v=oolOTyH8FO4,周杰伦 - 献世 [KTV 完整版],Jahao Wu,UCfdwUfqg2gBnTMr1HrIXdjA,260,,,,102034,周杰伦 完整版,2026-07-31T14:06:15.904475+00:00
evAj7V2ca8w,https://www.youtube.com/watch?v=evAj7V2ca8w,周杰伦 - 皮影戏  -《惊叹号 专辑》,Jay周杰伦歌迷音乐站,UCCisvQ18_oqS5kbpmvxLa7g,210,,,,97,周杰伦 专辑,2026-07-31T14:06:15.904475+00:00
Hhafx2R1Ttg,https://www.youtube.com/watch?v=Hhafx2R1Ttg,周杰伦 - 稻香 - 歌词动态版 (高音质),Rich Lyrics,UCfIXUQd-VrPkrXSS1YS_Nsw,224,,,,2688,周杰伦 高音质,2026-07-31T14:06:15.904475+00:00
x-SA5p5maVs,https://www.youtube.com/watch?v=x-SA5p5maVs,周杰伦 - 等你下課 嘉年华 新加坡站 2022 (歌詞 Lyrics),I edit I post,UCDSxw5304FNETMLQnRn-1MQ,268,,,,20237,周杰伦 现场 Live,2026-07-31T14:06:15.904475+00:00
YBs1mzoIfc0,https://www.youtube.com/watch?v=YBs1mzoIfc0,周杰伦 - 红尘客栈 (Dj文意版 2025) Hong Chen Ke Zhan (Remix TikTok) - Jay Chou || Hot Tiktok Douyin,TikTok QT Music,UCTHboAg-OxELVscIbOQX5gg,291,,,,2224,周杰伦 Official Music Video,2026-07-31T14:06:15.904475+00:00
Wd4QgubGZG4,https://www.youtube.com/watch?v=Wd4QgubGZG4,周杰伦 - 红颜如霜 - 歌词动态版 (高音质),Rich Lyrics,UCfIXUQd-VrPkrXSS1YS_Nsw,256,,,,2396,周杰伦 高音质,2026-07-31T14:06:15.904475+00:00
2mBOznHNdAA,https://www.youtube.com/watch?v=2mBOznHNdAA,周杰伦 - 自导自演 -《跨时代 专辑》,Jay周杰伦歌迷音乐站,UCCisvQ18_oqS5kbpmvxLa7g,256,,,,101,周杰伦 专辑,2026-07-31T14:06:15.904475+00:00
yw-INnLBzqw,https://www.youtube.com/watch?v=yw-INnLBzqw,周杰伦 - 花海 (DJ抖音版 2025) | HOA BIỂN (Remix Tiktok) - Jay Chou,Kapon175,UCavJLZLLR7WEgJiLzIDpdtw,668,,,,733180,周杰伦 Official Music Video | 周杰伦 完整版 | 周杰伦 歌曲 | 周杰伦 歌词版,2026-07-31T14:06:15.904475+00:00
YUHukqhXfGU,https://www.youtube.com/watch?v=YUHukqhXfGU,周杰伦 - 花海 (DJ抖音版 2025) 天空仍灿烂 他爱着大海 HOA BIỂN (Remix Tiktok) - Jay Chou (Châu Kiệt Luân) || Hot Douyin,Wanji Music 2024,UCFSz-gRt2kC4J54nq6czXKQ,668,,,,771204,周杰伦 完整版 | 周杰伦 歌曲,2026-07-31T14:06:15.904475+00:00
eW5aoa3lpQQ,https://www.youtube.com/watch?v=eW5aoa3lpQQ,周杰伦 - 菊花台 (满城尽带黄金甲歌词版) Jay Chou - Chrysanthemum Terrace #vocals #lyrics #lyricvideo HD #remastered,Maxi-Dixie-Normous® Entertainment Channel,UCEkLLhPjJ0d7WI9H2a6YqIw,295,,,,10435,周杰伦 歌词版,2026-07-31T14:06:15.904475+00:00
59oUw-F9qcc,https://www.youtube.com/watch?v=59oUw-F9qcc,周杰伦 - 蒲公英的约定 （歌词版）~ Jay Chou - Dandelion's promise (Music Lyrics),Comfort Song Lyrics,UCYgj7OBbDaqSNJMkulHaocQ,1718,,,,231126,周杰伦 lyric video | 周杰伦 歌词版,2026-07-31T14:06:15.904475+00:00
TnAGPcPu1e8,https://www.youtube.com/watch?v=TnAGPcPu1e8,周杰伦 - 蒲公英的约定（歌词版）,Music Library,UCaqqFHvo5Xhgqd5zCNYPH3A,248,,,,1931896,周杰伦 歌词版,2026-07-31T14:06:15.904475+00:00
CLF0frf9zVI,https://www.youtube.com/watch?v=CLF0frf9zVI,周杰伦 - 说好的幸福呢『我懂了不说了 爱淡了梦远了』 【动态歌词/Pinyin Lyrics】 ,KK Anime Channel,UCFxxw_llkE9VjjiB-XpUvDw,28,,,,20,周杰伦 官方 MV,2026-07-31T14:06:15.904475+00:00
gGiMXA-Aay8,https://www.youtube.com/watch?v=gGiMXA-Aay8,周杰伦 - 说爱你 + 粉色海洋  (4K 高清) - 嘉年华世界巡回演唱会 - 马来西亚站 (15/1/2023),porringrui5113,UCWsC4sB3OWO7ueljWHVK-8A,70,,,,1481,周杰伦 4K MV | 周杰伦 现场 Live,2026-07-31T14:06:15.904475+00:00
RssxKP5nNJY,https://www.youtube.com/watch?v=RssxKP5nNJY,周杰伦 - 跨时代 -《跨时代 专辑》,Jay周杰伦歌迷音乐站,UCCisvQ18_oqS5kbpmvxLa7g,195,,,,38,周杰伦 专辑,2026-07-31T14:06:15.904475+00:00
RyTKn-pJ8ug,https://www.youtube.com/watch?v=RyTKn-pJ8ug,周杰伦 - 轨迹（歌词版）,Music Library,UCaqqFHvo5Xhgqd5zCNYPH3A,327,,,,81966,周杰伦 歌词版,2026-07-31T14:06:15.904475+00:00
BSJ25FQq8Pk,https://www.youtube.com/watch?v=BSJ25FQq8Pk,周杰伦 - 退后（歌词版）,Music Library,UCaqqFHvo5Xhgqd5zCNYPH3A,262,,,,105031,周杰伦 歌词版,2026-07-31T14:06:15.904475+00:00
ggfjDPjwdMo,https://www.youtube.com/watch?v=ggfjDPjwdMo,周杰伦 - 那天下雨了 DJ-MJ Electro Bounce Remix【雪白的天空等待彩虹出現 你我的遇見是誰許的願】🔥🔥 4K MV,DJ-MJ Official,UCWFaMxEPODO2AFtJLIvvfbQ,211,,,,3410,周杰伦 4K MV,2026-07-31T14:06:15.904475+00:00
RW_0hcWQNw4,https://www.youtube.com/watch?v=RW_0hcWQNw4,周杰伦 - 那天下雨了 🎧 | 歌词版 Lyric Video,杰克分享者,UCcwugPgw1S4w6ljOgFv9DrA,223,,,,3098,周杰伦 歌词版,2026-07-31T14:06:15.904475+00:00
kzejLT9Ib_U,https://www.youtube.com/watch?v=kzejLT9Ib_U,周杰伦 - 青花瓷 (cover:余超颖)(现场|Live),yeah,UCP_ZALWqbRXccu8jIYg-3Gw,228,,,,22726,周杰伦 现场 Live,2026-07-31T14:06:15.904475+00:00
B8BRVJiEn1A,https://www.youtube.com/watch?v=B8BRVJiEn1A,周杰伦 - 黑色幽默（歌词版）,Music Library,UCaqqFHvo5Xhgqd5zCNYPH3A,285,,,,18830,周杰伦 官方 MV | 周杰伦 歌词版,2026-07-31T14:06:15.904475+00:00
Y1nZtE8i8bM,https://www.youtube.com/watch?v=Y1nZtE8i8bM,周杰伦 - 黑色毛衣 -《十一月的萧邦 专辑》,Jay周杰伦歌迷音乐站,UCCisvQ18_oqS5kbpmvxLa7g,253,,,,87,周杰伦 专辑,2026-07-31T14:06:15.904475+00:00
3eTQtQyx0lU,https://www.youtube.com/watch?v=3eTQtQyx0lU,周杰伦 - 龙卷风 高清修复版 1080P HD,油兔,UC0WR-8GsxFgoTRjQDCbkupA,254,,,,622,周杰伦 1080P MV,2026-07-31T14:06:15.904475+00:00
g_1fZT4vQ_4,https://www.youtube.com/watch?v=g_1fZT4vQ_4,周杰伦 -《乌克丽丽》完整版MV,陈大,UCDwnd1ccGgq8SObAvNhVAgg,173,,,,123,周杰伦 1080P MV,2026-07-31T14:06:15.904475+00:00
UlL-M1FK46s,https://www.youtube.com/watch?v=UlL-M1FK46s,周杰伦 -《十二新作 专辑》- 无广告循环一直听,Jay周杰伦歌迷音乐站,UCCisvQ18_oqS5kbpmvxLa7g,2949,,,,535,周杰伦 1080P MV,2026-07-31T14:06:15.904475+00:00
CvwL0VHTH8c,https://www.youtube.com/watch?v=CvwL0VHTH8c,周杰伦 -《哎呦，不错哟 专辑》无广告循环一直听 ，还没订阅的歌迷朋友们，赶紧订阅起来哟,Jay周杰伦歌迷音乐站,UCCisvQ18_oqS5kbpmvxLa7g,2819,,,,121,周杰伦 专辑,2026-07-31T14:06:15.904475+00:00
EqJ7UsiqIvw,https://www.youtube.com/watch?v=EqJ7UsiqIvw,周杰伦 12新作(2012专辑) Jay Chou (Opus 12) 周杰伦好听的12首歌 Best Songs of Jay Chou 四季列车 明明就 红尘客栈 大笨钟 乌克丽丽,NanShan Music,UCGAVfHyXXBCqB2-vNynXwFQ,2921,,,,15,周杰伦 专辑,2026-07-31T14:06:15.904475+00:00
IbeFTgP-Hwk,https://www.youtube.com/watch?v=IbeFTgP-Hwk,周杰伦 2008新加坡演唱会《最长的电影》(清晰版),Joe Hu,UCN9jNhNibGzfq-av89EbUWw,255,,,,44466,周杰伦 演唱会 | 周杰伦 现场 Live,2026-07-31T14:06:15.904475+00:00
FRRf8Fzspcc,https://www.youtube.com/watch?v=FRRf8Fzspcc,周杰伦 2016地表最强演唱会上海首场 《给我一首歌的时间》,Kilun,UCVB2mC4FyicvsjfQJLbyuxw,190,,,,8178,周杰伦 演唱会,2026-07-31T14:06:15.904475+00:00
GO4Ofn6rkqM,https://www.youtube.com/watch?v=GO4Ofn6rkqM,周杰伦 2021 live 动感地带M-zone 第十五届 音乐盛典咪咕汇  《三年二班》＋《她的睫毛》＋《等你下课》＋《我的地盘》＋《七里香》,music live video,UCPFz0Ln8lQEs0ge1zkA8E8w,800,,,,49089,周杰伦 现场 Live,2026-07-31T14:06:15.904475+00:00
s6CoBbtgMms,https://www.youtube.com/watch?v=s6CoBbtgMms,周杰伦 2024马来西亚演唱会 (夜的第七章 ，威廉古堡),XiangBao,UCDeX8NGesQ55Z-N0uqjOi6Q,485,,,,128,周杰伦 杰威尔音乐,2026-07-31T14:06:15.904475+00:00
eRVW6RY5d5c,https://www.youtube.com/watch?v=eRVW6RY5d5c,"周杰伦 6首古风 歌曲 （发如雪,东风破,红尘客栈,菊花台,黄金甲,青花瓷）",SM MUSIC,UCpSPe8V9VaOuAf0Esnp8XLg,1650,,,,220390,周杰伦 1080P MV | 周杰伦 Official Music Video | 周杰伦 完整版 | 周杰伦 歌曲 | 周杰伦 现场 Live,2026-07-31T14:06:15.904475+00:00
iV5uo-PBU48,https://www.youtube.com/watch?v=iV5uo-PBU48,周杰伦 [天涯过客] Jay Chou [Tian Ya Guo Ke]- [English 英文/ Chinese 中文 Lyrics/ Pinyin],Lu Lyrics 陆歌词版,UCoNVAECK9tj4S3AGypJPJxA,254,,,,43515,周杰伦 Official Music Video | 周杰伦 歌词版,2026-07-31T14:06:15.904475+00:00
X3XX_fQrSQQ,https://www.youtube.com/watch?v=X3XX_fQrSQQ,周杰伦 Jay Chou   - 《周杰伦的床边故事》专辑,Music World 音乐世界,UCXUuNpjrpkJVCUZWTVuZ5hA,2231,,,,222,周杰伦 专辑,2026-07-31T14:06:15.904475+00:00
1SnEnJcf75E,https://www.youtube.com/watch?v=1SnEnJcf75E,周杰伦 Jay Chou -  等你下课 Live ( Las Vegas 02/10/19) 拉斯维加斯站,Shane Jiang,UCozSfi01moUvlRU9Ya5j62A,267,,,,25137,周杰伦 现场 Live,2026-07-31T14:06:15.904475+00:00
99lxDi0Enjo,https://www.youtube.com/watch?v=99lxDi0Enjo,周杰伦 Jay Chou - 《红尘客栈》Hong Chen Ke Zhan 完整版首播(Radio Ver.),moonatty,UCBhvcY01ju0hkFzP7NuvzIw,267,,,,11686,周杰伦 完整版,2026-07-31T14:06:15.904475+00:00
vbpybY75kkU,https://www.youtube.com/watch?v=vbpybY75kkU,周杰伦 Jay Chou - 借口(歌词版)【回声舱 Lyrics】｜翻着我们的照片，想念若隐若现 ｜ 治愈系华语流行,回声舱 Echo Cabin Lyrics,UCPOsE68qliSmyVn3a87u0Rg,259,,,,7124,周杰伦 官方 MV | 周杰伦 歌词版,2026-07-31T14:06:15.904475+00:00
umXNBl-HI50,https://www.youtube.com/watch?v=umXNBl-HI50,周杰伦 Jay Chou - 告白气球(歌词版)【回声舱 Lyrics】｜亲爱的，爱上你，从那天起 ｜ 治愈系华语流行,回声舱 Echo Cabin Lyrics,UCPOsE68qliSmyVn3a87u0Rg,216,,,,1004,周杰伦 歌词版,2026-07-31T14:06:15.904475+00:00
Tu0eDOu1iOk,https://www.youtube.com/watch?v=Tu0eDOu1iOk,周杰伦 Jay Chou - 太阳之子 Children of the Sun 完整版 [LYRIC VIDEO],Stardust Music,UCchKDSUtHyf1TFYuSWPBrkw,297,,,,581,周杰伦 完整版 | 周杰伦 官方 MV | 周杰伦 歌词版,2026-07-31T14:06:15.904475+00:00
NgX2cprGn1Q,https://www.youtube.com/watch?v=NgX2cprGn1Q,周杰伦 Jay Chou - 搁浅(歌词版)【回声舱 Lyrics】｜我只能永远读着对白，读着我给你的伤害 ｜ 治愈系华语流行,回声舱 Echo Cabin Lyrics,UCPOsE68qliSmyVn3a87u0Rg,239,,,,52475,周杰伦 专辑 | 周杰伦 官方 MV | 周杰伦 歌词版,2026-07-31T14:06:15.904475+00:00
urrfu327h-M,https://www.youtube.com/watch?v=urrfu327h-M,周杰伦 Jay Chou - 枫(歌词版)【回声舱 Lyrics】｜ 缓缓飘落的枫叶像思念 ｜ 治愈系华语流行,回声舱 Echo Cabin Lyrics,UCPOsE68qliSmyVn3a87u0Rg,276,,,,22091,周杰伦 完整版 | 周杰伦 官方 MV | 周杰伦 歌词版,2026-07-31T14:06:15.904475+00:00
-G-uzLZ2-do,https://www.youtube.com/watch?v=-G-uzLZ2-do,周杰伦 Jay Chou - 稻香(歌词版)【回声舱 Lyrics】｜ 回家吧，回到最初的美好 ｜ 治愈系华语流行,回声舱 Echo Cabin Lyrics,UCPOsE68qliSmyVn3a87u0Rg,224,,,,52401,周杰伦 完整版,2026-07-31T14:06:15.904475+00:00
45GPPcTLHCo,https://www.youtube.com/watch?v=45GPPcTLHCo,周杰伦 Jay Chou - 那天下雨了 The day it rained [LYRIC VIDEO],Stardust Music,UCchKDSUtHyf1TFYuSWPBrkw,224,,,,3975,周杰伦 Official Music Video,2026-07-31T14:06:15.904475+00:00
xCR3qLPkEVo,https://www.youtube.com/watch?v=xCR3qLPkEVo,周杰伦 Jay Chou 13 October 2024 - 热带雨林 现场演唱会,PandaTravels,UCqGMRX15DbbVPlVqsaDz3jA,46,,,,38,周杰伦 演唱会 | 周杰伦 现场 Live,2026-07-31T14:06:15.904475+00:00
bm-TMU7QTFw,https://www.youtube.com/watch?v=bm-TMU7QTFw,周杰伦 Jay Chou [告白气球 Confession Balloon 歌词版 Pinyin] [拼音/ Chinese 中文/ English 英语 Lyrics],Lu Lyrics 陆歌词版,UCoNVAECK9tj4S3AGypJPJxA,214,,,,31929,周杰伦 歌词版,2026-07-31T14:06:15.904475+00:00
xPEUt4CzFQQ,https://www.youtube.com/watch?v=xPEUt4CzFQQ,周杰伦 Jay Chou in Melbourne Australia 🇦🇺2023 @jaychou,Rojina Maharjan,UCkmReE4jpsCDEPFf32DlRVQ,166,,,,61166,周杰伦 1080P MV,2026-07-31T14:06:15.904475+00:00
EdgRievpdL8,https://www.youtube.com/watch?v=EdgRievpdL8,周杰伦 Jay Chou X Singapore 疯狂粉丝 [给我一首歌的时间] 新加坡演唱会 13102024,Maverick,UCLgscvkLciwceIR9DKa8jEA,196,,,,301,周杰伦 杰威尔音乐,2026-07-31T14:06:15.904475+00:00
xeU5DgHymSY,https://www.youtube.com/watch?v=xeU5DgHymSY,周杰伦 Jay Chou | 周杰伦歌曲合集 2020 | Best Songs Of Jay Chou 2021 | 2020 流行 歌曲 周杰伦 | 2020 流行 歌曲 排行 榜/起風了 1,Chinese Songs,UCLAEAVb3EqfrhnHBGSbOh0Q,5439,,,,390,周杰伦 歌曲,2026-07-31T14:06:15.904475+00:00
uS4XG2CNJ44,https://www.youtube.com/watch?v=uS4XG2CNJ44,周杰伦 Jay Chou 《听妈妈的话》 Pinyin Lyrics 动态拼音歌词 4k,Jwee Studio,UCt5KfmG1uZiIUYoeTTx1gCA,266,,,,6346,周杰伦 4K MV,2026-07-31T14:06:15.904475+00:00
1xsXRXrbzd4,https://www.youtube.com/watch?v=1xsXRXrbzd4,周杰伦 Jay Chou 《夜曲》 Pinyin Lyrics 动态拼音歌词 4k,Jwee Studio,UCt5KfmG1uZiIUYoeTTx1gCA,234,,,,10064,周杰伦 Official Music Video | 周杰伦 官方 MV,2026-07-31T14:06:15.904475+00:00
j6v5u-9qCMQ,https://www.youtube.com/watch?v=j6v5u-9qCMQ,周杰伦 Jay Chou 【2014超时代演唱会香港站 HD】彩虹+轨迹+牛仔很忙+星晴+回到过去——经典串烧,Zhen Shi (Mark),UCL_I2JS_XGiklJJ1f97yD9A,331,,,,336,周杰伦 演唱会,2026-07-31T14:06:15.904475+00:00
LSeXVYf7u34,https://www.youtube.com/watch?v=LSeXVYf7u34,周杰伦 Jay Chou 【晴天 Sunny Day】 English & Pinyin Subs,PURRING MUSIC - Chinese Music Translation,UCFSeGO8JlztGJaLBahcpkNw,270,,,,139268,周杰伦 歌词版,2026-07-31T14:06:15.904475+00:00
-81GEXAeP20,https://www.youtube.com/watch?v=-81GEXAeP20,周杰伦 Jay Chou 专辑：范特西,品味音乐,UCMA_hBilGby_aK0pu1T9cHw,2373,,,,1029,周杰伦 专辑,2026-07-31T14:06:15.904475+00:00
0rT0mNxJIok,https://www.youtube.com/watch?v=0rT0mNxJIok,周杰伦 Jay Chou 夜曲 歌词,周杰倫歌詞,UCCwLZ-S82a7wOIm3M8IGyfQ,227,,,,154933,周杰伦 官方 MV,2026-07-31T14:06:15.904475+00:00
g-WGIsK7Ijo,https://www.youtube.com/watch?v=g-WGIsK7Ijo,周杰伦 Jay Chou 第11张专辑《惊叹号！Wow!》「限量USB版 金币造型」,Discover Life,UC27jMXUuPSZzD-2386DsCOw,253,,,,101,周杰伦 专辑,2026-07-31T14:06:15.904475+00:00
VNHT0CpCh00,https://www.youtube.com/watch?v=VNHT0CpCh00,周杰伦 Jay Chou 第15张专辑《最伟大的作品 Greatest Works of Art》,Discover Life,UC27jMXUuPSZzD-2386DsCOw,131,,,,202,周杰伦 专辑 | 周杰伦 杰威尔音乐,2026-07-31T14:06:15.904475+00:00
0we7vM6ZOU0,https://www.youtube.com/watch?v=0we7vM6ZOU0,周杰伦 Jay Chou 第16张专辑《太阳之子 Children of the Sun》,Discover Life,UC27jMXUuPSZzD-2386DsCOw,338,,,,231,周杰伦 专辑 | 周杰伦 杰威尔音乐,2026-07-31T14:06:15.904475+00:00
wIkcBoKa8Fs,https://www.youtube.com/watch?v=wIkcBoKa8Fs,周杰伦 Jay Chou 第2张专辑《范特西 Fantasy》,Discover Life,UC27jMXUuPSZzD-2386DsCOw,119,,,,53,周杰伦 专辑,2026-07-31T14:06:15.904475+00:00
3EiJkys610Y,https://www.youtube.com/watch?v=3EiJkys610Y,周杰伦 Jay Chou 第5张专辑《七里香 Common Jasmin Orange》,Discover Life,UC27jMXUuPSZzD-2386DsCOw,142,,,,58,周杰伦 专辑,2026-07-31T14:06:15.904475+00:00
X2Df0CfFK7k,https://www.youtube.com/watch?v=X2Df0CfFK7k,周杰伦 Jay Chou 第5张专辑《七里香 Common Jasmin Orange》预购版赠品 写真集,Discover Life,UC27jMXUuPSZzD-2386DsCOw,149,,,,74,周杰伦 专辑,2026-07-31T14:06:15.904475+00:00
UNz_nWz6q3U,https://www.youtube.com/watch?v=UNz_nWz6q3U,周杰伦 Jay Chou《太阳之子》专辑 伴奏 Karaoke,LY的小行星,UCeZzvGuGPaEAoSDuNRwURPQ,3132,,,,25,周杰伦 专辑,2026-07-31T14:06:15.904475+00:00
IcLuyImQV1I,https://www.youtube.com/watch?v=IcLuyImQV1I,周杰伦 Jay Chou《晴天》Qing Tian 翻唱 ｜cover by Revina Wu,Revina Wu,UC-7M53MNHgX077TBmWUY1TA,152,,,,3235,周杰伦 Official Music Video,2026-07-31T14:06:15.904475+00:00
2QQf_HCqJf8,https://www.youtube.com/watch?v=2QQf_HCqJf8,周杰伦 Jay Chou慢歌精选20首合集   陪你一个慵懒的下午   20 Songs of the Most Popular Chinese Singer 2021 @KKBOXNEWII,KKBOX NEW II,UCEKa7iHiJy0fyhlnrsLWs_g,5281,,,,516,周杰伦 Official Music Video,2026-07-31T14:06:15.904475+00:00
tDXmRch2i9w,https://www.youtube.com/watch?v=tDXmRch2i9w,周杰伦 Jay Chou慢歌精选30首合集   陪你一个慵懒的下午   30 Songs of the Most Popular Chinese Singer,Singer Chanel,UCXKoJ7lOpffgyJMoG5QqX0Q,7935,,,,770,周杰伦 杰威尔音乐,2026-07-31T14:06:15.904475+00:00
9i1n9jGgBNg,https://www.youtube.com/watch?v=9i1n9jGgBNg,周杰伦 Jay 早期专辑精选歌曲合辑，十九首，一边听歌一边做自己喜欢的事,小心绪,UCwNtULQucReMZ1A8LgP5dqg,5400,,,,92613,周杰伦 专辑,2026-07-31T14:06:15.904475+00:00
c5PV8bbtUA0,https://www.youtube.com/watch?v=c5PV8bbtUA0,周杰伦 x 林俊杰 - 最长的电影x修炼爱情 Lyrics Video [4K | 动态歌词MV],星光闪烁 XGSS Music Channel ,UCr293wTpeetYdxYxh3C1TGw,243,,,,227,周杰伦 4K MV,2026-07-31T14:06:15.904475+00:00
d4IB3QvBAi8,https://www.youtube.com/watch?v=d4IB3QvBAi8,周杰伦 |Jay chou |最偉大的作品 |歌詞 |高音质,Friday Music,UC-Bo4N_5MePIBDGwOwyKs8A,241,,,,131,周杰伦 高音质,2026-07-31T14:06:15.904475+00:00
mGFyJtayGhI,https://www.youtube.com/watch?v=mGFyJtayGhI,周杰伦 × 田馥甄 20 年隐秘恋情全扒！白色风车暗号、歌词告白、意难平真相，看完直接破防,AI星闻扒扒乐,UCgpfRBDL_p-xrpTLsG_7p8A,517,,,,6550,周杰伦 官方 MV,2026-07-31T14:06:15.904475+00:00
yK_m2UUGcrc,https://www.youtube.com/watch?v=yK_m2UUGcrc,周杰伦 —  一路向北 2021南昌昌北飞行日记 1080P 60FPS超清字幕修正版,Twist Zhou,UC1AruBD9aJ1D_cd1oyfxNxg,336,,,,18,周杰伦 1080P MV,2026-07-31T14:06:15.904475+00:00
Bkc4XhFr7bA,https://www.youtube.com/watch?v=Bkc4XhFr7bA,周杰伦 “2024 嘉年华” 演唱会歌单,Soundwave Station,UCJtVvJwNTfg3I9EfAHUN1hg,8609,,,,345210,周杰伦 专辑 | 周杰伦 完整版 | 周杰伦 歌曲 | 周杰伦 演唱会 | 周杰伦 高音质,2026-07-31T14:06:15.904475+00:00
fYhwjqe7DX8,https://www.youtube.com/watch?v=fYhwjqe7DX8,周杰伦 《千里之外》女声翻唱 完整版！柯唯Chole(Cover 周杰伦)空灵女声版 深情翻唱【动态歌词lyrics】#千里之外女声版 #中国风 #空灵女声 #翻唱cover,Chole (柯唯),UCtc3IV3o5kshiwbWwp55vJQ,253,,,,1590,周杰伦 完整版 | 周杰伦 官方 MV,2026-07-31T14:06:15.904475+00:00
CwF5_gnTRrs,https://www.youtube.com/watch?v=CwF5_gnTRrs,周杰伦 《回到过去》 Pinyin Lyrics 动态拼音歌词 4k,Jwee Studio,UCt5KfmG1uZiIUYoeTTx1gCA,300,,,,724,周杰伦 4K MV,2026-07-31T14:06:15.904475+00:00
mpYtvnMYjDU,https://www.youtube.com/watch?v=mpYtvnMYjDU,周杰伦 《枫》 Pinyin Lyrics 动态拼音歌词 4k,Jwee Studio,UCt5KfmG1uZiIUYoeTTx1gCA,286,,,,8559,周杰伦 官方 MV,2026-07-31T14:06:15.904475+00:00
zdSKIrBNY4s,https://www.youtube.com/watch?v=zdSKIrBNY4s,周杰伦 【2007 世界巡回演唱会  不能说的秘密 live 伴奏】,Music Library,UCaqqFHvo5Xhgqd5zCNYPH3A,298,,,,540,周杰伦 杰威尔音乐,2026-07-31T14:06:15.904475+00:00
2oHQTBolVi8,https://www.youtube.com/watch?v=2oHQTBolVi8,周杰伦 【2013摩天伦世界巡回演唱会-台北站】 安静 Live,周杰伦の日记,UCLkDAuXwoc-eAxDLziJ1dBw,241,,,,10,周杰伦 演唱会,2026-07-31T14:06:15.904475+00:00
AHGa-wTP_2A,https://www.youtube.com/watch?v=AHGa-wTP_2A,周杰伦 【2013摩天伦世界巡回演唱会_武汉站】 开不了口 Live,周杰伦の日记,UCLkDAuXwoc-eAxDLziJ1dBw,286,,,,16,周杰伦 演唱会,2026-07-31T14:06:15.904475+00:00
jrrTRIdyc5g,https://www.youtube.com/watch?v=jrrTRIdyc5g,周杰伦 【2014摩天伦2世界巡回演唱会-香港站】 说好的幸福呢 Live,周杰伦の日记,UCLkDAuXwoc-eAxDLziJ1dBw,246,,,,282,周杰伦 演唱会,2026-07-31T14:06:15.904475+00:00
6GTLqi-dh2E,https://www.youtube.com/watch?v=6GTLqi-dh2E,周杰伦 【2016地表最强世界巡回演唱会-北京站】 说好的幸福呢 Live,周杰伦の日记,UCLkDAuXwoc-eAxDLziJ1dBw,256,,,,0,周杰伦 演唱会,2026-07-31T14:06:15.904475+00:00
rO-x4SLqWXU,https://www.youtube.com/watch?v=rO-x4SLqWXU,周杰伦 【2018地表最强世界巡回演唱会-泉州站】 说好的幸福呢 Live,周杰伦の日记,UCLkDAuXwoc-eAxDLziJ1dBw,261,,,,4,周杰伦 演唱会,2026-07-31T14:06:15.904475+00:00
ytwbgI2E_U8,https://www.youtube.com/watch?v=ytwbgI2E_U8,周杰伦 【2026烟花杭州嘉年华2演唱会-Day2】 说好的幸福呢 Live,周杰伦の日记,UCLkDAuXwoc-eAxDLziJ1dBw,285,,,,520,周杰伦 演唱会,2026-07-31T14:06:15.904475+00:00
Co6pp1jaLn4,https://www.youtube.com/watch?v=Co6pp1jaLn4,周杰伦 【佛山演唱会】 说好的幸福呢 Live,周杰伦の日记,UCLkDAuXwoc-eAxDLziJ1dBw,258,,,,1,周杰伦 演唱会,2026-07-31T14:06:15.904475+00:00
4dTCKgD8DGw,https://www.youtube.com/watch?v=4dTCKgD8DGw,周杰伦 七里香 2004專輯 Jay Chou Qi Li Qiang Common Jasmin Orange Full Album 周杰伦精选Jay Chou Collection 1080p,音乐宇宙 〈Music Galaxy〉,UC7IdzGkqyl-AQy5J_w469Lw,2557,,,,561,周杰伦 1080P MV,2026-07-31T14:06:15.904475+00:00
pGuq4s47HsA,https://www.youtube.com/watch?v=pGuq4s47HsA,周杰伦 七里香SONY,songktv,UClqq2xouzVClgkwdJPdlD7w,308,,,,257,周杰伦 Sony Music Taiwan,2026-07-31T14:06:15.904475+00:00
4CkmdMbqk3E,https://www.youtube.com/watch?v=4CkmdMbqk3E,周杰伦 世界未末日 抢先MV KTV 无与伦比字幕组首播,le er,UCeQgprCAWseei5LHYcLNiAQ,262,,,,11745,周杰伦 1080P MV,2026-07-31T14:06:15.904475+00:00
8r2rLrFgUxw,https://www.youtube.com/watch?v=8r2rLrFgUxw,周杰伦 以父之名MV 1080p 高清,This is music,UCutE3PHPgLwEEWy8N99zBbw,363,,,,190,周杰伦 1080P MV,2026-07-31T14:06:15.904475+00:00
ZyBQDzPdYCc,https://www.youtube.com/watch?v=ZyBQDzPdYCc,周杰伦 依然范特西 2006專輯 yi ran fan te xi still fantasy Full Album周杰伦精选Jay Chou Collection 1080p,音乐宇宙 〈Music Galaxy〉,UC7IdzGkqyl-AQy5J_w469Lw,2521,,,,679,周杰伦 1080P MV,2026-07-31T14:06:15.904475+00:00
WV9Nzs2Xxnc,https://www.youtube.com/watch?v=WV9Nzs2Xxnc,周杰伦 全部14张专辑| Jay Chou ALL Albums VIDEO | 周杰倫好聽的150首歌 All Songs Of Jay Chou 周杰倫最偉大的命中 [MV],杰威爾歌詞MV頻道JVR Lyric MV,UCsMWXIFViw8KxCl1i7X8deA,36786,,,,642014,周杰伦 4K MV | 周杰伦 专辑 | 周杰伦 杰威尔音乐,2026-07-31T14:06:15.904475+00:00
zbvd3_U-l2g,https://www.youtube.com/watch?v=zbvd3_U-l2g,周杰伦 全部14张专辑| Jay Chou ALL Albums | 周杰倫好聽的150首歌 All Songs Of Jay Chou 周杰倫最偉大的命中,杰威爾歌詞MV頻道JVR Lyric MV,UCsMWXIFViw8KxCl1i7X8deA,36098,,,,1163112,周杰伦 专辑 | 周杰伦 杰威尔音乐,2026-07-31T14:06:15.904475+00:00
KrWGGRJV0sc,https://www.youtube.com/watch?v=KrWGGRJV0sc,周杰伦 全部15张专辑  Jay Chou ALL Audio Albums All Songs Of Jay Chou 周杰倫最偉大的命中 1 15,杰威爾歌詞MV頻道JVR Lyric MV,UCsMWXIFViw8KxCl1i7X8deA,38740,,,,12094,周杰伦 专辑,2026-07-31T14:06:15.904475+00:00
SgSuhV6D4-o,https://www.youtube.com/watch?v=SgSuhV6D4-o,周杰伦 全部15张专辑 | Jay Chou All Albums Video | 周杰倫好聽的173首歌 |  All Songs of Jay Chou 周杰倫最偉大的命中 [MV],杰威爾歌詞MV頻道JVR Lyric MV,UCsMWXIFViw8KxCl1i7X8deA,42138,,,,12329,周杰伦 专辑,2026-07-31T14:06:15.904475+00:00
LnpWE-8HuX4,https://www.youtube.com/watch?v=LnpWE-8HuX4,周杰伦 八度空間 2002專輯 Jay Chou Ba Du Kong Jian Full Album 周杰伦精选Jay Chou Collection 1080p,音乐宇宙 〈Music Galaxy〉,UC7IdzGkqyl-AQy5J_w469Lw,2611,,,,567,周杰伦 1080P MV,2026-07-31T14:06:15.904475+00:00
6kpiWA86Rn8,https://www.youtube.com/watch?v=6kpiWA86Rn8,周杰伦 功夫灌篮 DVD 马来西亚特别版 + 珍藏写真本 | Jay Chou Kung Fu Dunk DVD Malaysia Special Edition + Photo Album,Discover Life,UC27jMXUuPSZzD-2386DsCOw,659,,,,31,周杰伦 专辑,2026-07-31T14:06:15.904475+00:00
lK51mXwHQLI,https://www.youtube.com/watch?v=lK51mXwHQLI,周杰伦 十一月的萧邦 2005專輯 shi yi yue de xiao bang novembers chopin Full Album周杰伦精选Jay Chou Collection 1080p,音乐宇宙 〈Music Galaxy〉,UC7IdzGkqyl-AQy5J_w469Lw,3151,,,,62,周杰伦 1080P MV,2026-07-31T14:06:15.904475+00:00
j-pcKEumbsA,https://www.youtube.com/watch?v=j-pcKEumbsA,周杰伦 叶惠美專輯 2003專輯 Jay Chou Ye Hui Mei Full Album 周杰伦精选Jay Chou Collection 1080p,音乐宇宙 〈Music Galaxy〉,UC7IdzGkqyl-AQy5J_w469Lw,2911,,,,646,周杰伦 专辑,2026-07-31T14:06:15.904475+00:00
mCQ_Ok7DGsY,https://www.youtube.com/watch?v=mCQ_Ok7DGsY,周杰伦 告白气球 手绘MV,Nobita Nobi,UCREFgTRgDcVEP8JRmqLNsfQ,99,,,,828,周杰伦 1080P MV | 周杰伦 4K MV,2026-07-31T14:06:15.904475+00:00
mu3CPc17CCc,https://www.youtube.com/watch?v=mu3CPc17CCc,周杰伦 外婆 七里香 专辑 内地新索引进版磁带试听,슬롯조커009,UCV7gNk2wQAovtCvL5Gzr-Cg,262,,,,142,周杰伦 Sony Music Taiwan,2026-07-31T14:06:15.904475+00:00
Db15kU6Wwug,https://www.youtube.com/watch?v=Db15kU6Wwug,周杰伦 太阳之子全专辑完整版13首 | Jay Chou “Children of the Sun” Full Album (13 Tracks) [LYRIC VIDEO],Stardust Music,UCchKDSUtHyf1TFYuSWPBrkw,2910,,,,907,周杰伦 专辑 | 周杰伦 完整版,2026-07-31T14:06:15.904475+00:00
yUD3KQpfgjw,https://www.youtube.com/watch?v=yUD3KQpfgjw,周杰伦 她来听我的演唱会 超清,段洋,UCZFqEbB0cUdYzhq0UKuB4sQ,86,,,,14151,周杰伦 演唱会,2026-07-31T14:06:15.904475+00:00
YjEE6FDQoy4,https://www.youtube.com/watch?v=YjEE6FDQoy4,周杰伦 彩虹 🌈 Jay Chou 18th Dec 2022 Live in Singapore 新加坡 嘉年华 现场 演唱会,WzoA,UC-boJdFrS1_bl8sJY-d0e6Q,135,,,,1983,周杰伦 演唱会 | 周杰伦 现场 Live,2026-07-31T14:06:15.904475+00:00
Or0FvF3xubk,https://www.youtube.com/watch?v=Or0FvF3xubk,周杰伦 惊叹号 (2011专辑) Jay Chou (Wow!) 周杰伦好听的11首歌 Best Songs of Jay Chou 惊叹号 公主病 水手怕水 皮影戏 23届金曲奖,NanShan Music,UCGAVfHyXXBCqB2-vNynXwFQ,2581,,,,280,周杰伦 专辑,2026-07-31T14:06:15.904475+00:00
E_GlFlU8GrI,https://www.youtube.com/watch?v=E_GlFlU8GrI,周杰伦 我很忙 2007專輯 Jay Chou Wo Hen Mang On the run Full Album 周杰伦精选 Jay Chou Collection 1080p,音乐宇宙 〈Music Galaxy〉,UC7IdzGkqyl-AQy5J_w469Lw,2371,,,,615,周杰伦 1080P MV | 周杰伦 专辑,2026-07-31T14:06:15.904475+00:00
AOt5y683R80,https://www.youtube.com/watch?v=AOt5y683R80,周杰伦 扯 Che MV (2mins)*,ting33,UC6DYBihNhtTFJsVkocZtXbA,119,,,,927,周杰伦 1080P MV,2026-07-31T14:06:15.904475+00:00
qEvROoOnsiI,https://www.youtube.com/watch?v=qEvROoOnsiI,周杰伦 新歌 [Mine Mine] 完整版 Full version,T Tim',UC0gzAWpPzbocODOtFWsDE-w,279,,,,15726,周杰伦 完整版,2026-07-31T14:06:15.904475+00:00
_LDRsTB5KRY,https://www.youtube.com/watch?v=_LDRsTB5KRY,周杰伦 晴天SONY,songktv,UClqq2xouzVClgkwdJPdlD7w,316,,,,194,周杰伦 Sony Music Taiwan,2026-07-31T14:06:15.904475+00:00
pbfrBtELay0,https://www.youtube.com/watch?v=pbfrBtELay0,周杰伦 最後的倔强 永不降KEY的 說好的幸福呢 進化史 2008-2020,music live video,UCPFz0Ln8lQEs0ge1zkA8E8w,1188,,,,19663,周杰伦 现场 Live,2026-07-31T14:06:15.904475+00:00
XlsJemRY_F8,https://www.youtube.com/watch?v=XlsJemRY_F8,周杰伦 杰伦 2000專輯 Jay Chou  Zhou Jie Lun Full Album 周杰伦精选Jay Chou Collection 1080p,音乐宇宙 〈Music Galaxy〉,UC7IdzGkqyl-AQy5J_w469Lw,2611,,,,42,周杰伦 专辑,2026-07-31T14:06:15.904475+00:00
XpOkygv__jY,https://www.youtube.com/watch?v=XpOkygv__jY,周杰伦 演唱会 未修音 片段 流出 2.0 不能说的秘密 live 2007 台北,music live video,UCPFz0Ln8lQEs0ge1zkA8E8w,174,,,,7982,周杰伦 演唱会,2026-07-31T14:06:15.904475+00:00
aQ8kwTCcFLY,https://www.youtube.com/watch?v=aQ8kwTCcFLY,周杰伦 演唱会 现场《蜗牛》 赠与10岁骨癌杰迷小永亮圆梦,Jay CHOU Chieh Lun,UCz1yGoBoH3Y05rZ2rofSbdA,182,,,,4925,周杰伦 演唱会,2026-07-31T14:06:15.904475+00:00
PYWeJS7YI1Q,https://www.youtube.com/watch?v=PYWeJS7YI1Q,周杰伦 现场音域，高音 A4-B5集绵,music live video,UCPFz0Ln8lQEs0ge1zkA8E8w,3246,,,,124885,周杰伦 现场 Live,2026-07-31T14:06:15.904475+00:00
fyDTjr5NeZg,https://www.youtube.com/watch?v=fyDTjr5NeZg,周杰伦 祝我生日快乐 + 连名带姓 Jay Chou 18th Dec 2022 Live in Singapore 新加坡 嘉年华 现场 演唱会,WzoA,UC-boJdFrS1_bl8sJY-d0e6Q,201,,,,2084,周杰伦 现场 Live,2026-07-31T14:06:15.904475+00:00
Z43SRSnpgE0,https://www.youtube.com/watch?v=Z43SRSnpgE0,周杰伦 稻香 歌词+拼音 Jay Chou Fragrant Rice Lyrics+Pinyin,Esther Tang,UCjZGuEfljSd7HoAGepY0_8w,219,,,,270226,周杰伦 lyric video,2026-07-31T14:06:15.904475+00:00
3oD2b3WGflk,https://www.youtube.com/watch?v=3oD2b3WGflk,周杰伦 红豆＋偿还 2005 雙C#5現場 live,music live video,UCPFz0Ln8lQEs0ge1zkA8E8w,216,,,,10262,周杰伦 现场 Live,2026-07-31T14:06:15.904475+00:00
6KyR_cmTVNo,https://www.youtube.com/watch?v=6KyR_cmTVNo,周杰伦 范特西  2001專輯,Music Online,UC3SOadgaHzKzsGIPuYbatrA,2401,,,,776,周杰伦 专辑,2026-07-31T14:06:15.904475+00:00
buunO-FtslQ,https://www.youtube.com/watch?v=buunO-FtslQ,周杰伦 范特西 (2001專輯) Jay Chou Fan Te Xi Fantasy Full Album 周杰伦精选Jay Chou Collection,Y S,UCHzPAFuttcft_VhVzFcImGw,2376,,,,1016,周杰伦 专辑,2026-07-31T14:06:15.904475+00:00
5rylXpmr7h0,https://www.youtube.com/watch?v=5rylXpmr7h0,周杰伦 范特西 2001專輯 Jay Chou Fan Te Xi Fantasy Full Album 周杰伦精选Jay Chou Collection 1080p,音乐宇宙 〈Music Galaxy〉,UC7IdzGkqyl-AQy5J_w469Lw,2401,,,,797,周杰伦 1080P MV | 周杰伦 专辑,2026-07-31T14:06:15.904475+00:00
b0qQxHc_vWY,https://www.youtube.com/watch?v=b0qQxHc_vWY,周杰伦 跨时代 (2010专辑) Jay Chou (The Era) 周杰伦好听的11首歌 Best Songs of Jay Chou 超人不会飞 跨时代 烟花易冷 好久不见,NanShan Music,UCGAVfHyXXBCqB2-vNynXwFQ,2779,,,,512,周杰伦 专辑,2026-07-31T14:06:15.904475+00:00
JlYpguS-r5E,https://www.youtube.com/watch?v=JlYpguS-r5E,周杰伦 邓丽君-千言万语组曲【现场LIVE】,中国好声音 youtube官方频道,UCKKRH5nLYO8bH3nvzni3-2Q,314,,,,6492,周杰伦 现场 Live,2026-07-31T14:06:15.904475+00:00
kQuWFhylDEc,https://www.youtube.com/watch?v=kQuWFhylDEc,周杰伦 青花瓷MV,lonlom2,UCghlHvsYANzR13JKNgvYoJw,236,,,,234,周杰伦 1080P MV,2026-07-31T14:06:15.904475+00:00
HtXEce0Eehw,https://www.youtube.com/watch?v=HtXEce0Eehw,周杰伦 魔杰座 2008專輯 Jay Chou Mo Jie Zuo Capricorn Full Album 周杰伦精选 Jay Chou Collection 1080p,音乐宇宙 〈Music Galaxy〉,UC7IdzGkqyl-AQy5J_w469Lw,2671,,,,607,周杰伦 1080P MV,2026-07-31T14:06:15.904475+00:00
yWyORC4YV9Y,https://www.youtube.com/watch?v=yWyORC4YV9Y,周杰伦 黑色毛衣 11月的萧邦 十一月的萧邦 专辑 内地新索引进版磁带试听,슬롯조커009,UCV7gNk2wQAovtCvL5Gzr-Cg,272,,,,40,周杰伦 Sony Music Taiwan,2026-07-31T14:06:15.904475+00:00
qMCVv9aR9Cw,https://www.youtube.com/watch?v=qMCVv9aR9Cw,周杰伦 默 (高清版)(高音质) #周杰伦#中国好声音#点赞#分享,路天行,UC_531sz1SNiBPYjsmBL0daQ,119,,,,104,周杰伦 高音质,2026-07-31T14:06:15.904475+00:00
13LHIuBFYPo,https://www.youtube.com/watch?v=13LHIuBFYPo,周杰伦 默 MV,laoba wang,UCRMnvQrgze3ft0b1gJIQkcA,131,,,,2581513,周杰伦 完整版,2026-07-31T14:06:15.904475+00:00
KpUGyJ-t9-0,https://www.youtube.com/watch?v=KpUGyJ-t9-0,周杰伦 － 默,轮回,UCJJz6EyY-TzhRPaTNzCrJsg,128,,,,601978,周杰伦 专辑 | 周杰伦 完整版 | 周杰伦 官方 MV | 周杰伦 杰威尔音乐 | 周杰伦 歌词版 | 周杰伦 现场 Live,2026-07-31T14:06:15.904475+00:00
vvc6ZT1YjsI,https://www.youtube.com/watch?v=vvc6ZT1YjsI,周杰伦 ：依然范特西专辑,赵小红,UC9vDbIR4RsiKKrpGcu7N7Hw,2495,,,,180,周杰伦 专辑,2026-07-31T14:06:15.904475+00:00
CjT_TkEMbLs,https://www.youtube.com/watch?v=CjT_TkEMbLs,周杰伦&洪荣宏新歌《阿爸》完整版[纪念洪一峰合辑《恋花》歌曲],TheChinaToday,UCcmsuXgOdkBye39SqiFNywg,266,,,,80629,周杰伦 完整版,2026-07-31T14:06:15.904475+00:00
SwcumK9Aq-A,https://www.youtube.com/watch?v=SwcumK9Aq-A,周杰伦&阿信 ---说好不哭［中文歌词版］,记忆,UCBAAZ8-TYoD7vHScOvJQyWQ,220,,,,32611,周杰伦 歌词版,2026-07-31T14:06:15.904475+00:00
znACM_3ONLg,https://www.youtube.com/watch?v=znACM_3ONLg,周杰伦&陈颖恩《不能说的秘密》完整版 超好听的听觉盛宴！,TikTok抖音熱門視頻,UCGJwJdrRjrE5qKtDIXDAHsA,370,,,,12898,周杰伦 完整版,2026-07-31T14:06:15.904475+00:00
nSxRqulk7Oo,https://www.youtube.com/watch?v=nSxRqulk7Oo,周杰伦(Jay Chou) - 说好不哭 (won't cry) | 2019新歌 |pinyin lyrics 拼音,CT feelgood,UC-sDWsJX__SXdF-smf4ZNcg,216,,,,332580,Jay Chou Official MV,2026-07-31T14:06:15.904475+00:00
K9vNUEJ-az8,https://www.youtube.com/watch?v=K9vNUEJ-az8,周杰伦--稻香，七里香，告白气球，青花瓷，听妈妈的话，本草纲目 【动态歌词】Xlos Music 【高音质】周杰伦最热门歌曲合集6首歌曲,Xlos Music,UCBTSiozy5NpT1o5jZbRCkkg,1463,,,,2928770,周杰伦 专辑 | 周杰伦 完整版 | 周杰伦 官方 MV | 周杰伦 歌曲 | 周杰伦 歌词版 | 周杰伦 高音质,2026-07-31T14:06:15.904475+00:00
dEf_NxJ6HT0,https://www.youtube.com/watch?v=dEf_NxJ6HT0,周杰伦-彩虹[4K60修复-中文字幕],4K无损音乐,UCj4-gPphiQzPcYbaGQZi-Rw,261,,,,252,周杰伦 4K MV | 周杰伦 杰威尔音乐,2026-07-31T14:06:15.904475+00:00
YDSpcQA7nj8,https://www.youtube.com/watch?v=YDSpcQA7nj8,周杰伦-我是如此相信-《天火》电影主题曲.wo shi ru ci xiang xin.I believe so.-Jay Chou.Chinese songs lyrics with Pinyin.,Pinyin_lyrics,UCEGYI-YoMqt9eBmfK8XfFbg,267,,,,4827,周杰伦 1080P MV,2026-07-31T14:06:15.904475+00:00
cVopM-UolzU,https://www.youtube.com/watch?v=cVopM-UolzU,周杰伦-搁浅  (動態歌詞Lyrics) 高清音质 HQ,清唱Bar,UCxR7loLD4ubUVIeKslpKluw,239,,,,762,周杰伦 高音质,2026-07-31T14:06:15.904475+00:00
bYgjjxC14N8,https://www.youtube.com/watch?v=bYgjjxC14N8,周杰伦-星晴 zhou jielun xingqing 주걸윤 单曲循环 睡前音乐 带歌词,ADORE,UCdS-3QdVqqGvFGcxqYgjY3A,1772,,,,1803,周杰伦 杰威尔音乐,2026-07-31T14:06:15.904475+00:00
PkpyzvLQK9w,https://www.youtube.com/watch?v=PkpyzvLQK9w,周杰伦-牛仔很忙(MV),whopawhoaha,UCL1VwZl2pQVNI2J9YkX1_Mw,167,,,,414,周杰伦 1080P MV,2026-07-31T14:06:15.904475+00:00
i_LEtWElt48,https://www.youtube.com/watch?v=i_LEtWElt48,周杰伦-甜甜的[4K60修复-中文字幕],4K无损音乐,UCj4-gPphiQzPcYbaGQZi-Rw,241,,,,64,周杰伦 4K MV,2026-07-31T14:06:15.904475+00:00
G5PmweSsPaQ,https://www.youtube.com/watch?v=G5PmweSsPaQ,周杰伦-皮影戏 CD version1080p 高音质.wmv,Ruey Ann lam,UCAbKQxcWPuGnXGYG23UevUg,211,,,,2941,周杰伦 高音质,2026-07-31T14:06:15.904475+00:00
QpNfZ7qAWsY,https://www.youtube.com/watch?v=QpNfZ7qAWsY,周杰伦-粉色海洋 KTV字幕版 FULL HD 1080P DOWNLOAD,wylbgs,UC3khOqGIiPAQz70TTFiAGRA,189,,,,857,周杰伦 1080P MV,2026-07-31T14:06:15.904475+00:00
rSJec86U8H8,https://www.youtube.com/watch?v=rSJec86U8H8,周杰伦-超跑女神HD MV,kenny Wang,UCpGHFXFROmecuBJpNvqlAuw,153,,,,12823,周杰伦 1080P MV,2026-07-31T14:06:15.904475+00:00
aMH6RbQbSRs,https://www.youtube.com/watch?v=aMH6RbQbSRs,周杰伦-跨时代[4K60修复-中文字幕],4K无损音乐,UCj4-gPphiQzPcYbaGQZi-Rw,193,,,,335,周杰伦 4K MV,2026-07-31T14:06:15.904475+00:00
p9MI1e8A-IY,https://www.youtube.com/watch?v=p9MI1e8A-IY,周杰伦-龙战骑士[4K60修复-中文字幕],4K无损音乐,UCj4-gPphiQzPcYbaGQZi-Rw,272,,,,928,周杰伦 4K MV,2026-07-31T14:06:15.904475+00:00
9Gqu93O5m7Q,https://www.youtube.com/watch?v=9Gqu93O5m7Q,周杰伦2001专辑《范特西》JAY CHOU 2001 ALBUM FANTASY NO AD VERSION.,Apple Malaya,UC8j-mAjG6_4IYapT_FAFtnA,2381,,,,587,周杰伦 Sony Music Taiwan,2026-07-31T14:06:15.904475+00:00
3I58AwKI5hs,https://www.youtube.com/watch?v=3I58AwKI5hs,周杰伦2004无与伦比演唱会-香草吧噗+小时候(演唱嘉宾:南拳妈妈),Johnson Li,UCELz1AuUGR71iqY4W8ej4sA,476,,,,14288,周杰伦 演唱会,2026-07-31T14:06:15.904475+00:00
4Zibfx_LmRU,https://www.youtube.com/watch?v=4Zibfx_LmRU,周杰伦2007年「世界巡回」演唱会（超清完整版） 超清,ZY Zhu,UCoodyzEHD1ZlqNc0cHjtdiQ,6425,,,,492219,周杰伦 完整版,2026-07-31T14:06:15.904475+00:00
CEksERgz3h4,https://www.youtube.com/watch?v=CEksERgz3h4,周杰伦2013魔天伦世界巡回演唱会 DVD版 专辑 | Jay Chou 2013 Opus Jay World Tour DVD Live Album,Discover Life,UC27jMXUuPSZzD-2386DsCOw,314,,,,30,周杰伦 专辑,2026-07-31T14:06:15.904475+00:00
0yHEhkP1SHI,https://www.youtube.com/watch?v=0yHEhkP1SHI,周杰伦2017年第一季度MV点播量TOP20排行榜,WEIFANJUN,UCny5w0aV6DShSdlRSqmIzqw,311,,,,1127,周杰伦 4K MV,2026-07-31T14:06:15.904475+00:00
5TZpWemk7RA,https://www.youtube.com/watch?v=5TZpWemk7RA,周杰伦2018 《地表最强2》世界巡回演唱会 - 吉隆坡站,Bestin Entertainment,UCCXff3Q8IeJSd7WgHRE1vSA,31,,,,142638,周杰伦 演唱会,2026-07-31T14:06:15.904475+00:00
vxxgcrxJckI,https://www.youtube.com/watch?v=vxxgcrxJckI,周杰伦2018 地表最强2 马来西亚站 完整版 FULL VERSION 27/1/2018,K T,UCofHBC7vg_Mp-oHLWL4NPvw,4257,,,,12975,周杰伦 完整版,2026-07-31T14:06:15.904475+00:00
D8bA6LQ_EYQ,https://www.youtube.com/watch?v=D8bA6LQ_EYQ,周杰伦2022全新专辑《最伟大的作品》,lining990,UCdHBYdw74au-9Utavim3JJA,2727,,,,145,周杰伦 专辑,2026-07-31T14:06:15.904475+00:00
Yq-3pykcdxs,https://www.youtube.com/watch?v=Yq-3pykcdxs,周杰伦2023嘉年华演唱会 大马站,Roy _Cyber,UClESGhQFrJzah71l_PJDoQw,2030,,,,675,周杰伦 演唱会,2026-07-31T14:06:15.904475+00:00
jDbnzMe8CS0,https://www.youtube.com/watch?v=jDbnzMe8CS0,周杰伦2023悉尼演唱会,keroro,UCiUHblenSo_VApqXqB5A2oQ,5664,,,,257,周杰伦 演唱会,2026-07-31T14:06:15.904475+00:00
bhU_wnln5rU,https://www.youtube.com/watch?v=bhU_wnln5rU,周杰伦2025嘉年华世界巡回演唱会上海收官站超清无损完整版（下）,JeffreyC,UC9_7RnOTWtfFw9xxER2dleg,1591,,,,858,周杰伦 完整版 | 周杰伦 演唱会 | 周杰伦 现场 Live,2026-07-31T14:06:15.904475+00:00
HjsOM4YbLy0,https://www.youtube.com/watch?v=HjsOM4YbLy0,周杰伦2025嘉年华世界巡回演唱会上海站超清无损完整版（上）,JeffreyC,UC9_7RnOTWtfFw9xxER2dleg,1396,,,,629,周杰伦 完整版 | 周杰伦 现场 Live,2026-07-31T14:06:15.904475+00:00
SXKsQnyvGYc,https://www.youtube.com/watch?v=SXKsQnyvGYc,周杰伦2025嘉年华世界巡回演唱会济南站4k无损完整版(上) #周杰伦济南演唱会 #2025周杰伦嘉年华世界巡回演唱会 #2025周杰伦演唱会,JeffreyC,UC9_7RnOTWtfFw9xxER2dleg,1112,,,,793,周杰伦 演唱会,2026-07-31T14:06:15.904475+00:00
PMQrm4i7VDw,https://www.youtube.com/watch?v=PMQrm4i7VDw,周杰伦2025嘉年华世界巡回演唱会济南站4k无损完整版(下) #周杰伦济南演唱会 #2025周杰伦嘉年华世界巡回演唱会 #2025周杰伦演唱会,JeffreyC,UC9_7RnOTWtfFw9xxER2dleg,1531,,,,3095,周杰伦 完整版 | 周杰伦 演唱会,2026-07-31T14:06:15.904475+00:00
LQJCaCJYoUk,https://www.youtube.com/watch?v=LQJCaCJYoUk,周杰伦2025嘉年华世界巡回演唱会香港站经典曲目合集,JeffreyC,UC9_7RnOTWtfFw9xxER2dleg,1155,,,,1759,周杰伦 演唱会,2026-07-31T14:06:15.904475+00:00
xTsPZvOUQrQ,https://www.youtube.com/watch?v=xTsPZvOUQrQ,周杰伦2026南宁嘉年华第三场，下半场【4K无损音质】,video qiaqiaqia,UCAefyEqKHF3s9ifjKE3IzKw,5390,,,,13681,周杰伦 演唱会,2026-07-31T14:06:15.904475+00:00
lVMel4lU8-8,https://www.youtube.com/watch?v=lVMel4lU8-8,周杰伦2026年杭州演唱会(三￼),Jay Fan,UCjdWjSwhwx9Z3WYXsxv86BQ,1217,,,,116,周杰伦 演唱会,2026-07-31T14:06:15.904475+00:00
3OAblDfldpw,https://www.youtube.com/watch?v=3OAblDfldpw,周杰伦2026年杭州演唱会（一） #周杰伦 #周杰伦演唱会 #jay ,Jay Fan,UCjdWjSwhwx9Z3WYXsxv86BQ,1199,,,,159,周杰伦 演唱会,2026-07-31T14:06:15.904475+00:00
VicRMm83wxQ,https://www.youtube.com/watch?v=VicRMm83wxQ,周杰伦49首收藏过千万歌曲#周杰伦 #前奏一响拾起多少人的回忆 #谁能不被周杰伦终结 #华语乐坛天花板 #周杰伦歌词都是文案,以辰音乐,UCyD6wR8YpNjh0k1QmNrhlng,698,,,,7,周杰伦 杰威尔音乐,2026-07-31T14:06:15.904475+00:00
hzpL3ZqIsKc,https://www.youtube.com/watch?v=hzpL3ZqIsKc,周杰伦ARIA J III MP3随身听广告CF,izhoujielun,UC4u8N6sHewS9IDvCdDhTVkQ,22,,,,572,周杰伦 Sony Music Taiwan,2026-07-31T14:06:15.904475+00:00
hlVJaDjNw9Y,https://www.youtube.com/watch?v=hlVJaDjNw9Y,周杰伦Feat. 张惠妹《不该》Shouldn't Be 歌词版【HD】,Haoting,UC2hdSs7T3cCs06IyX2uK9-A,288,,,,9482,周杰伦 歌词版,2026-07-31T14:06:15.904475+00:00
cY6apyvtoXM,https://www.youtube.com/watch?v=cY6apyvtoXM,周杰伦JAY 第2张专辑【范特西】当年一首简单爱入坑,MP3那年夏天,UC_1u3IIxnwC7iPumb36xwuA,2376,,,,34,周杰伦 专辑,2026-07-31T14:06:15.904475+00:00
Zgktf0Ez5IQ,https://www.youtube.com/watch?v=Zgktf0Ez5IQ,周杰伦Jaychou - 七里香,Tone Note,UCJRI0SahV4XsNYz4CaCUBMg,291,,,,279,周杰伦 Official Music Video,2026-07-31T14:06:15.904475+00:00
xrFcZrhi_Sc,https://www.youtube.com/watch?v=xrFcZrhi_Sc,周杰伦JayChou - 龙拳 Dragon Fist【滚动歌词 Lyrics】,面食suki,UCBJtuphkUEa4ScJz0GP9VEA,276,,,,421,周杰伦 官方 MV,2026-07-31T14:06:15.904475+00:00
19FFjfQ8L6Q,https://www.youtube.com/watch?v=19FFjfQ8L6Q,周杰伦JayChou [十一月的萧邦] 專輯 [November's Chopin] Full Album,Music CHANEL,UCxxewzjIZj_5w7UKS3hzqgQ,3151,,,,4481,周杰伦 专辑,2026-07-31T14:06:15.904475+00:00
FE0gNjEISQo,https://www.youtube.com/watch?v=FE0gNjEISQo,周杰伦MV女主颜值进化史，哪一个是你最喜欢的模板？,ART WORLD,UC1O0lhXvDGevgS_ecZr-8Pw,61,,,,150,周杰伦 1080P MV,2026-07-31T14:06:15.904475+00:00
ue2xYHLcofY,https://www.youtube.com/watch?v=ue2xYHLcofY,"周杰伦The one台北演唱会第十四首《黑色幽默》Jay Chou The One Taipei Concert 14th ""Black Humor""",周杰伦亚洲粉丝天团Jay Chou Asian Fan Club,UCLiTgtHPAyJ4_sfpQ2kqpTA,284,,,,3703,周杰伦 现场 Live,2026-07-31T14:06:15.904475+00:00
xjYnlUNv7eM,https://www.youtube.com/watch?v=xjYnlUNv7eM,周杰伦《I Do》歌词版｜2026全新专辑《太阳之子》｜高音质字幕,循环音社,UCadrsxT9aWAXfyISDEGNNGg,216,,,,288,周杰伦 专辑 | 周杰伦 杰威尔音乐 | 周杰伦 高音质,2026-07-31T14:06:15.904475+00:00
HL7IV_Z4oWs,https://www.youtube.com/watch?v=HL7IV_Z4oWs,周杰伦《jay》2000年11月7日发行专辑（无损音质完整版）,xiaoming li,UCMzu7eb4xppYHzQMG7sN-uA,2599,,,,456,周杰伦 专辑 | 周杰伦 完整版,2026-07-31T14:06:15.904475+00:00
RIFCXdITcKo,https://www.youtube.com/watch?v=RIFCXdITcKo,"周杰伦《Jay》首张同名专辑,于2000年11月3日在台湾正式发行",Rynn音乐分享站,UCOd55Cx04xo20Z97CKk7mhA,2605,,,,713,周杰伦 专辑,2026-07-31T14:06:15.904475+00:00
aavETUrvnq8,https://www.youtube.com/watch?v=aavETUrvnq8,周杰伦《七月的极光》Aurora in July 歌词版｜2026全新专辑《太阳之子》｜高音质字幕,循环音社,UCadrsxT9aWAXfyISDEGNNGg,191,,,,851,周杰伦 官方 MV | 周杰伦 歌词版,2026-07-31T14:06:15.904475+00:00
0VCSq6pHTTY,https://www.youtube.com/watch?v=0VCSq6pHTTY,周杰伦《七里香》完整版单曲钢琴弹奏教学,星图音乐教学,UCcQY80Gwi19GlrgAQvxWvYw,1282,,,,23,周杰伦 完整版,2026-07-31T14:06:15.904475+00:00
qHEhu-tWN1c,https://www.youtube.com/watch?v=qHEhu-tWN1c,周杰伦《不能说的秘密》斗琴大赛 | Jay Chou - Secret: Piano Battle - 高清 HD,MUSICKAKI 音乐卡奇,UCJcsu805D4EK0cesF33hGHg,353,,,,2049604,周杰伦 Official Music Video | 周杰伦 现场 Live,2026-07-31T14:06:15.904475+00:00
JMRin__n2Lc,https://www.youtube.com/watch?v=JMRin__n2Lc,周杰伦《不能说的秘密》电影插曲 - 路小雨 - 高清 HD,MUSICKAKI 音乐卡奇,UCJcsu805D4EK0cesF33hGHg,127,,,,41262,周杰伦 Official Music Video,2026-07-31T14:06:15.904475+00:00
X9uKnmAXS_A,https://www.youtube.com/watch?v=X9uKnmAXS_A,周杰伦《乡间的路》Country Road 歌词版｜2026全新专辑《太阳之子》｜高音质字幕,循环音社,UCadrsxT9aWAXfyISDEGNNGg,203,,,,370,周杰伦 专辑 | 周杰伦 官方 MV | 周杰伦 歌词版,2026-07-31T14:06:15.904475+00:00
vZu0dmZVi7I,https://www.youtube.com/watch?v=vZu0dmZVi7I,周杰伦《兰亭序》「无关风月 我题序等你回」动态歌词,索性自挂东南枝,UCa64gdS-TqlX-7at7qxOGow,253,,,,4491,周杰伦 1080P MV,2026-07-31T14:06:15.904475+00:00
qPwesgkfThE,https://www.youtube.com/watch?v=qPwesgkfThE,周杰伦《叶惠美》第四张录音室专辑，由台湾新力音乐于2003年7月31日发行,Rynn音乐分享站,UCOd55Cx04xo20Z97CKk7mhA,2898,,,,646,周杰伦 专辑,2026-07-31T14:06:15.904475+00:00
PX3VD9zmXwA,https://www.youtube.com/watch?v=PX3VD9zmXwA,周杰伦《嘉年华》世界巡回演唱会 - 馬來西亞 15012023 Opening + 半兽人 #周杰伦 #JayChou #半兽人,Tan E-Sern,UCRaArkqZRx1TEdIfSWISEGw,317,,,,976,周杰伦 演唱会 | 周杰伦 现场 Live,2026-07-31T14:06:15.904475+00:00
Wbe_4jZ9tSU,https://www.youtube.com/watch?v=Wbe_4jZ9tSU,周杰伦《嘉年华》世界巡回演唱会 - 馬來西亞 15012023 开不了口 #周杰伦 #JayChou #开不了口,Tan E-Sern,UCRaArkqZRx1TEdIfSWISEGw,309,,,,361,周杰伦 演唱会,2026-07-31T14:06:15.904475+00:00
HVtyeAkLd8c,https://www.youtube.com/watch?v=HVtyeAkLd8c,周杰伦《嘉年华》世界巡回演唱会 - 馬來西亞 15012023 彩虹 #周杰伦 #JayChou #彩虹,Tan E-Sern,UCRaArkqZRx1TEdIfSWISEGw,116,,,,98,周杰伦 演唱会,2026-07-31T14:06:15.904475+00:00
9eKgDfmbTfM,https://www.youtube.com/watch?v=9eKgDfmbTfM,周杰伦《嘉年华》世界巡回演唱会 - 馬來西亞 15012023 说好的幸福呢 （超好听）#周杰伦 #JayChou #说好的幸福呢 #超好听,Tan E-Sern,UCRaArkqZRx1TEdIfSWISEGw,251,,,,565,周杰伦 演唱会,2026-07-31T14:06:15.904475+00:00
_QonTEMG31U,https://www.youtube.com/watch?v=_QonTEMG31U,周杰伦《圣徒》Saint 歌词版｜2026全新专辑《太阳之子》｜高音质字幕,循环音社,UCadrsxT9aWAXfyISDEGNNGg,175,,,,620,周杰伦 专辑 | 周杰伦 官方 MV | 周杰伦 歌词版,2026-07-31T14:06:15.904475+00:00
9N91tJnfEnI,https://www.youtube.com/watch?v=9N91tJnfEnI,周杰伦《圣诞星》 全球首唱 20240109英国伦敦 JAY嘉年华世界巡回演唱会 伦敦赢麻了,TXozuk,UC-8Nmbrw1k-vtSJ60w9dvSA,198,,,,25602,周杰伦 杰威尔音乐,2026-07-31T14:06:15.904475+00:00
Iwzk3IMEynk,https://www.youtube.com/watch?v=Iwzk3IMEynk,周杰伦《太阳之子》Children of the Sun 歌词版｜2026全新专辑同名主打｜高音质字幕,循环音社,UCadrsxT9aWAXfyISDEGNNGg,297,,,,168,周杰伦 专辑,2026-07-31T14:06:15.904475+00:00
dRhwelZicDo,https://www.youtube.com/watch?v=dRhwelZicDo,周杰伦《太阳之子》在演唱会现场的全球首唱,video qiaqiaqia,UCAefyEqKHF3s9ifjKE3IzKw,125,,,,25208,周杰伦 演唱会 | 周杰伦 现场 Live,2026-07-31T14:06:15.904475+00:00
LlgOcfch7sc,https://www.youtube.com/watch?v=LlgOcfch7sc,周杰伦《太阳之子》完整版MV！？,J.HOU-AI Artist,UCZ1x1kvpaoDtxtrU7coqPZw,152,,,,23625,周杰伦 Official Music Video | 周杰伦 完整版,2026-07-31T14:06:15.904475+00:00
Z3oN9mvY7Sg,https://www.youtube.com/watch?v=Z3oN9mvY7Sg,"周杰伦《女儿殿下》My Daughter, Your Highness 歌词版｜2026全新专辑《太阳之子》｜高音质字幕",循环音社,UCadrsxT9aWAXfyISDEGNNGg,225,,,,2524,周杰伦 专辑 | 周杰伦 官方 MV | 周杰伦 歌词版,2026-07-31T14:06:15.904475+00:00
5zuyAAoUDu0,https://www.youtube.com/watch?v=5zuyAAoUDu0,周杰伦《我不配》MV 高清晰版本,jiarjiar93,UC2G0UuQXo3Wn2VfteZVrFuQ,317,,,,2250,周杰伦 1080P MV,2026-07-31T14:06:15.904475+00:00
nTB2dteRxPw,https://www.youtube.com/watch?v=nTB2dteRxPw,周杰伦《最长的电影》2007世界巡回演唱会｜终极变调版｜我心中最有感情的一版,minhin777,UCbJBySgJPRVaLYey2LUpIhA,245,,,,14,周杰伦 演唱会 | 周杰伦 现场 Live,2026-07-31T14:06:15.904475+00:00
wx3EehQMgrY,https://www.youtube.com/watch?v=wx3EehQMgrY,周杰伦《淘金小镇》Gold Rush Town 歌词版｜2026全新专辑《太阳之子》｜高音质字幕,循环音社,UCadrsxT9aWAXfyISDEGNNGg,251,,,,729,周杰伦 官方 MV | 周杰伦 歌词版,2026-07-31T14:06:15.904475+00:00
32kCaQK0fdI,https://www.youtube.com/watch?v=32kCaQK0fdI,周杰伦《湘女多情》The Girl from Hunan 歌词版｜2026全新专辑《太阳之子》｜高音质字幕,循环音社,UCadrsxT9aWAXfyISDEGNNGg,238,,,,2168,周杰伦 官方 MV | 周杰伦 杰威尔音乐 | 周杰伦 歌词版,2026-07-31T14:06:15.904475+00:00
TXv1Dj6bwMA,https://www.youtube.com/watch?v=TXv1Dj6bwMA,周杰伦《爱琴海》Aegean Sea 歌词版｜2026全新专辑《太阳之子》｜高音质字幕,循环音社,UCadrsxT9aWAXfyISDEGNNGg,215,,,,4421,周杰伦 专辑 | 周杰伦 官方 MV | 周杰伦 杰威尔音乐 | 周杰伦 歌词版,2026-07-31T14:06:15.904475+00:00
QIzuubghQPY,https://www.youtube.com/watch?v=QIzuubghQPY,周杰伦《稻香》Mv取景地，竟然每个拍照点都要收钱……,SEA游记,UCnZJdtAPDwg9xl8wTDjAyUg,290,,,,1298,周杰伦 1080P MV,2026-07-31T14:06:15.904475+00:00
NSXk1oux_Hk,https://www.youtube.com/watch?v=NSXk1oux_Hk,周杰伦《稻香》歌曲【動態歌詞Lyrics】#稻香  #HGH网红 #歌曲,HGH 网红,UCdmjTEAzO89s_etvI1svNhg,224,,,,3962,周杰伦 歌曲,2026-07-31T14:06:15.904475+00:00
Lh1AGYI4yZM,https://www.youtube.com/watch?v=Lh1AGYI4yZM,周杰伦《花海》 20240109英国伦敦 JAY嘉年华世界巡回演唱会,TXozuk,UC-8Nmbrw1k-vtSJ60w9dvSA,131,,,,1653,周杰伦 演唱会,2026-07-31T14:06:15.904475+00:00
y1vfNs8l2Ng,https://www.youtube.com/watch?v=y1vfNs8l2Ng,周杰伦《西西里》Sicily 歌词版｜2026全新专辑《太阳之子》｜高音质字幕,循环音社,UCadrsxT9aWAXfyISDEGNNGg,229,,,,1815,周杰伦 专辑 | 周杰伦 官方 MV | 周杰伦 歌词版 | 周杰伦 高音质,2026-07-31T14:06:15.904475+00:00
JIC7icnFXlc,https://www.youtube.com/watch?v=JIC7icnFXlc,周杰伦《说好不哭》超清现场,音乐小厨,UCPa6GYsRH8VUGTSNeZYmyfA,197,,,,24495,周杰伦 现场 Live,2026-07-31T14:06:15.904475+00:00
SFOT7WdhIZY,https://www.youtube.com/watch?v=SFOT7WdhIZY,周杰伦《谁稀罕》Who Cares 歌词版｜2026全新专辑《太阳之子》｜高音质字幕,循环音社,UCadrsxT9aWAXfyISDEGNNGg,259,,,,2243,周杰伦 专辑 | 周杰伦 官方 MV | 周杰伦 歌词版,2026-07-31T14:06:15.904475+00:00
n0srQzSWg8s,https://www.youtube.com/watch?v=n0srQzSWg8s,周杰伦《那天下雨了》 完整和弦解析 #周杰伦 #那天下雨了 #和弦进行 #周杰伦新专辑 #即兴伴奏,乐感音乐楚老师,UCScsA--8wclcfZzV9Jt0_bw,351,,,,21,周杰伦 专辑,2026-07-31T14:06:15.904475+00:00
0cpIUr2i_yE,https://www.youtube.com/watch?v=0cpIUr2i_yE,周杰伦《那天下雨了》The Day It Rained 歌词版｜2026全新专辑《太阳之子》｜高音质字幕,循环音社,UCadrsxT9aWAXfyISDEGNNGg,224,,,,617,周杰伦 官方 MV,2026-07-31T14:06:15.904475+00:00
mCD5Vdd5UVg,https://www.youtube.com/watch?v=mCD5Vdd5UVg,周杰伦《青花瓷》「天青色等烟雨 而我在等你」动态歌词,索性自挂东南枝,UCa64gdS-TqlX-7at7qxOGow,237,,,,214018,周杰伦 1080P MV,2026-07-31T14:06:15.904475+00:00
F1yPaRepibw,https://www.youtube.com/watch?v=F1yPaRepibw,周杰伦《黑色毛衣》高音质纯伴奏 【看着那白色的蜻蜓 在空中忘了前进】,Jay Love,UC2IZ-blOKyN8mX7y35P-klw,251,,,,154,周杰伦 高音质,2026-07-31T14:06:15.904475+00:00
HXvG32fWpg0,https://www.youtube.com/watch?v=HXvG32fWpg0,周杰伦「枫（Maple）」—MappleZS钢琴演奏,MappleZS,UCw5_U6a5FejqGidQhMAd93w,273,,,,692998,周杰伦 歌曲,2026-07-31T14:06:15.904475+00:00
NA6U9QLvMdA,https://www.youtube.com/watch?v=NA6U9QLvMdA,周杰伦「蒲公英的约定」-MappleZS钢琴演奏,MappleZS,UCw5_U6a5FejqGidQhMAd93w,264,,,,1240202,周杰伦 4K MV | 周杰伦 Official Music Video | 周杰伦 完整版 | 周杰伦 歌曲 | 周杰伦 歌词版,2026-07-31T14:06:15.904475+00:00
K-o8krO3unU,https://www.youtube.com/watch?v=K-o8krO3unU,周杰伦【2007世界巡回演唱会-香港站】 黑色幽默 Live,周杰伦の日记,UCLkDAuXwoc-eAxDLziJ1dBw,293,,,,7,周杰伦 演唱会,2026-07-31T14:06:15.904475+00:00
5soRqBLqyCA,https://www.youtube.com/watch?v=5soRqBLqyCA,周杰伦【2009世界巡回演唱会-沈阳站】 说好的幸福呢 Live,周杰伦の日记,UCLkDAuXwoc-eAxDLziJ1dBw,255,,,,58,周杰伦 演唱会,2026-07-31T14:06:15.904475+00:00
8p5tfJ0PXBs,https://www.youtube.com/watch?v=8p5tfJ0PXBs,周杰伦【2009世界巡回演唱会-沈阳站】 退后 Live,周杰伦の日记,UCLkDAuXwoc-eAxDLziJ1dBw,232,,,,9,周杰伦 演唱会,2026-07-31T14:06:15.904475+00:00
2jq_rr9mPF4,https://www.youtube.com/watch?v=2jq_rr9mPF4,周杰伦【2010台北缤纷华博演唱会】 说了再见 Live,周杰伦の日记,UCLkDAuXwoc-eAxDLziJ1dBw,269,,,,52,周杰伦 演唱会,2026-07-31T14:06:15.904475+00:00
LWZMaYQxAI0,https://www.youtube.com/watch?v=LWZMaYQxAI0,周杰伦【彩虹】吉他教学 建德吉他教程 （完整版) ＃34,Nicholasktwong 黄建德,UCtKkGPhvBZkJfxDnVJBrKIg,603,,,,171995,周杰伦 完整版,2026-07-31T14:06:15.904475+00:00
qaeNfPIzm-M,https://www.youtube.com/watch?v=qaeNfPIzm-M,周杰伦【青花瓷】『日本音阶』完整版来了【樱花瓷】,YYY无名,UCloHnvxlED-OQut7bPBfVzw,246,,,,41842,周杰伦 完整版,2026-07-31T14:06:15.904475+00:00
_BRwJcPZQLg,https://www.youtube.com/watch?v=_BRwJcPZQLg,周杰伦一路向北2005live现场版 绝版,t imi,UCm43CctOro3t8LRmb1LIGkg,82,,,,11265,周杰伦 现场 Live,2026-07-31T14:06:15.904475+00:00
i1NU0Nrs7HU,https://www.youtube.com/watch?v=i1NU0Nrs7HU,周杰伦一首经典老歌《青花瓷》，歌词意境太美了，越听越有味道！,小宝音悦丨Bao's Music Joy,UCS3vYBlYxfu-VrMJKxKt3Jg,246,,,,524592,周杰伦 1080P MV,2026-07-31T14:06:15.904475+00:00
WK0aCSK3Gd8,https://www.youtube.com/watch?v=WK0aCSK3Gd8,周杰伦三首——笛子版。《青花瓷》《雨下一整晚》《退后》,御笛飞天,UCEBHgIuX9z-UokWw52siKhg,258,,,,41,周杰伦 专辑,2026-07-31T14:06:15.904475+00:00
UX3d9Tc4AoQ,https://www.youtube.com/watch?v=UX3d9Tc4AoQ,周杰伦上海开唱秀腹肌 李玟现场助阵大摸腹肌,黄华,UCr8jMZqN_zZM7vDfor1Wglw,115,,,,530,周杰伦 Sony Music Taiwan,2026-07-31T14:06:15.904475+00:00
GCVJG4mFH1E,https://www.youtube.com/watch?v=GCVJG4mFH1E,周杰伦上海演唱会杀疯了，一晚上诞生六大神级舞台，你最喜欢哪首？#周杰伦 #周杰伦上海演唱会 #歌手 #神曲,映水流年,UCfY5-mZyi1SzOR6kUAv91Aw,291,,,,1,周杰伦 演唱会,2026-07-31T14:06:15.904475+00:00
1XKy_k21y1I,https://www.youtube.com/watch?v=1XKy_k21y1I,周杰伦不愧是天王！台北连开4场演唱会，半个乐坛都来了！#周杰伦 #山下智久#林志玲 #张惠妹,小姐姐爱娱乐,UC5HdBUhVKruNr5dbx2vmKEQ,719,,,,309101,周杰伦 演唱会,2026-07-31T14:06:15.904475+00:00
HYtfqemz5gY,https://www.youtube.com/watch?v=HYtfqemz5gY,周杰伦与王力宏合体《七里香》x 《一首简单的歌》新编，盛夏的温柔，你可想重温？,风亦然 - The Windblazer,UC2uy1U-Gev3Arh0Lf4LPFUQ,267,,,,228,周杰伦 专辑 | 周杰伦 官方 MV | 周杰伦 歌曲,2026-07-31T14:06:15.904475+00:00
P5_s8dP0lbs,https://www.youtube.com/watch?v=P5_s8dP0lbs,周杰伦专辑 DJ REMIX《蒲公英的约定 X 晴天 X 稻香 X 楓 X 我落泪情绪零碎》396 带你飞 弹跳 Electro Nonstop Jay Chou,AiMusic音楽,UCOezcoFKI6R0Qt_FV_EbBzg,7018,,,,633,周杰伦 专辑,2026-07-31T14:06:15.904475+00:00
bFmgUKQXsRQ,https://www.youtube.com/watch?v=bFmgUKQXsRQ,周杰伦专辑《JAY》MV收录,SOUL TV,UCarZ_5AcoKt9O2TS51fOIqQ,2569,,,,50,周杰伦 专辑,2026-07-31T14:06:15.904475+00:00
SspjyAQ6jdA,https://www.youtube.com/watch?v=SspjyAQ6jdA,周杰伦专辑《Jay》专辑音乐解析,录音系何某人_Grace,UCCYiyxR5Q9jSFtXgU6CAq2Q,1237,,,,321,周杰伦 专辑,2026-07-31T14:06:15.904475+00:00
hvqXm3v1IJg,https://www.youtube.com/watch?v=hvqXm3v1IJg,周杰伦专辑全球销量夺冠？尤教授评《最伟大的作品》登IFPI唱片销量榜NO1.,尤教授谈音说乐YOUMUSIC,UCjONsh9VfprbYMlZoJpdrug,614,,,,7797,周杰伦 专辑,2026-07-31T14:06:15.904475+00:00
YDW6YlK0OrI,https://www.youtube.com/watch?v=YDW6YlK0OrI,周杰伦专辑在豆瓣上的评分#周杰伦 #华语乐坛天花板 #谁能不被周杰伦终结 #一代人的回忆 #jay,以辰音乐,UCyD6wR8YpNjh0k1QmNrhlng,413,,,,23,周杰伦 专辑,2026-07-31T14:06:15.904475+00:00
03wIqlZveJk,https://www.youtube.com/watch?v=03wIqlZveJk,周杰伦专辑封面,zhengmi zhang,UCM1Ow6_P553Oper8w1OmGsg,126,,,,79,周杰伦 专辑,2026-07-31T14:06:15.904475+00:00
6RDoT8ZXL1s,https://www.youtube.com/watch?v=6RDoT8ZXL1s,周杰伦五月天安静最后杰伦给玛莎递麦的这段真是看一次笑一次五月天悉尼演唱会周杰伦安静,周小伦,UC7yTLG7TciB31d50FCC5Vww,49,,,,41,周杰伦 演唱会,2026-07-31T14:06:15.904475+00:00
YTVzxJ4sVdc,https://www.youtube.com/watch?v=YTVzxJ4sVdc,周杰伦伦敦演唱会 歌迷求婚完整版 满满的欢笑 满满的感动,独孤九天霸,UCTegex2DXFr08oo5sxQTJuA,879,,,,86066,周杰伦 完整版,2026-07-31T14:06:15.904475+00:00
7nzVqOMrwoA,https://www.youtube.com/watch?v=7nzVqOMrwoA,周杰伦作的曲 方文山的词《亲爱的那不是爱情-live》张韶涵-歌手现场版Lyrics歌词HD,Stillform Audio,UC0LggRSjb5qUoT9SpZx8mNw,280,,,,1034,周杰伦 现场 Live,2026-07-31T14:06:15.904475+00:00
svLi9HgC5Oo,https://www.youtube.com/watch?v=svLi9HgC5Oo,周杰伦依然范特西是神专吗？台版85折倒计时珍藏！包装无比精致 #周杰伦 #周杰伦演唱会 #周杰伦专辑 #依然范特西专辑,周杰伦晚安电台,UCQMI2Qi-uUYstyXBNnlwetQ,53,,,,37,周杰伦 专辑,2026-07-31T14:06:15.904475+00:00
Dga8GRgFc-4,https://www.youtube.com/watch?v=Dga8GRgFc-4,周杰伦做客凤凰电台URadio《今晚不安婧》专访完整版（高音质）,Jay CHOU Chieh Lun,UCz1yGoBoH3Y05rZ2rofSbdA,2642,,,,3957,周杰伦 完整版,2026-07-31T14:06:15.904475+00:00
ATKKspuVnd0,https://www.youtube.com/watch?v=ATKKspuVnd0,周杰伦八度空间专辑MV连播,Say,UCPLQ1cHHc6Nl7ssMtoVU91Q,2764,,,,11684,周杰伦 专辑,2026-07-31T14:06:15.904475+00:00
erf7qAxr_8Q,https://www.youtube.com/watch?v=erf7qAxr_8Q,周杰伦北京大学演讲《开讲啦》（完整版）,Jay Chou No.1,UCLdiDb0buNtWrnQUh_-UH5Q,5555,,,,5895,周杰伦 完整版,2026-07-31T14:06:15.904475+00:00
GLVXARI1jAk,https://www.youtube.com/watch?v=GLVXARI1jAk,周杰伦北京鸟巢演唱会，董宇辉现身6大精彩瞬间，哪个治愈了你周杰伦鸟巢演唱会董宇辉现身周杰伦演唱会周杰伦北京演唱会董宇辉看周杰伦演唱会周杰伦北京鸟巢演唱会,猎侃天下,UC_lSff93fqXTk7q__M2IxgA,146,,,,8,周杰伦 演唱会,2026-07-31T14:06:15.904475+00:00
jp18RKqGhxA,https://www.youtube.com/watch?v=jp18RKqGhxA,周杰伦北京龙拳演唱会 day2 I do@jaychou ,Ann_Debauve,UCS6KJ_qqwyK7xmiL57aBrBg,79,,,,133,周杰伦 演唱会,2026-07-31T14:06:15.904475+00:00
RdVaHKEHmWY,https://www.youtube.com/watch?v=RdVaHKEHmWY,周杰伦合集第二季 看看这季你听过那些 听劝带了歌词🤔 ：双刀、Now You See Me、龙拳、四面楚歌、布拉格广场、漂移、蓝色风暴、印第安老斑鸠#dj #周杰伦 #华语乐坛  #蔡依林#西宁d,是秃子总会发光的,UCw4rCQ7JzKLQvFc3ipydYUQ,525,,,,0,周杰伦 官方 MV,2026-07-31T14:06:15.904475+00:00
_BE7nloFdbQ,https://www.youtube.com/watch?v=_BE7nloFdbQ,周杰伦后悔“递麦”给他了！一开口燃爆全场，2分钟能吹一辈子！| 下饭音乐,下饭音乐官方频道,UCYVSEcCybChTSITlrNJzXSg,247,,,,2279292,周杰伦 杰威尔音乐 | 周杰伦 演唱会 | 周杰伦 现场 Live,2026-07-31T14:06:15.904475+00:00
Q8sudR7vbxM,https://www.youtube.com/watch?v=Q8sudR7vbxM,周杰伦周董第二张专辑《范特西》经典曲目歌曲,HuGe Yan,UCzvIOng7hWBZ-_5OGBfIFVg,2378,,,,454,周杰伦 专辑,2026-07-31T14:06:15.904475+00:00
V9wEb3OiWvI,https://www.youtube.com/watch?v=V9wEb3OiWvI,周杰伦唱圣诞歌给你们听 祝大家圣诞节快乐！,music live video,UCPFz0Ln8lQEs0ge1zkA8E8w,72,,,,3004,周杰伦 现场 Live,2026-07-31T14:06:15.904475+00:00
zF1SB-y_Ypg,https://www.youtube.com/watch?v=zF1SB-y_Ypg,周杰伦唱片个人收藏展示,李傑,UCrDFy35oVl5LHhVl1_khRfQ,115,,,,59,周杰伦 Sony Music Taiwan,2026-07-31T14:06:15.904475+00:00
Ox0167V2Eb8,https://www.youtube.com/watch?v=Ox0167V2Eb8,周杰伦嘉年华 · Jay Chou Carnival World Tour 🎠| Paris 巴黎 🇫🇷  2024| Full Concert 完整版           【PT.1 上集】,Enci Chen,UCDbUrMuKl_7D_9azCebzXCw,3871,,,,4229,周杰伦 完整版 | 周杰伦 现场 Live,2026-07-31T14:06:15.904475+00:00
DXBu-JMf_2E,https://www.youtube.com/watch?v=DXBu-JMf_2E,周杰伦嘉年华2026世界巡回演唱会4.19甜甜的南宁Day3《I Do》4k60帧［HDR杜比视界］,红莲,UCTRYOBhH9y2KK_1U_gtR2pA,214,,,,727,周杰伦 演唱会,2026-07-31T14:06:15.904475+00:00
25EnKMk30D0,https://www.youtube.com/watch?v=25EnKMk30D0,周杰伦嘉年华2026世界巡回演唱会4.19甜甜的南宁Day3《一路向北》4k60帧［HDR杜比视界］,红莲,UCTRYOBhH9y2KK_1U_gtR2pA,237,,,,524,周杰伦 演唱会,2026-07-31T14:06:15.904475+00:00
sxrb3_YsVsY,https://www.youtube.com/watch?v=sxrb3_YsVsY,周杰伦嘉年华2026世界巡回演唱会4.19甜甜的南宁Day3《回到过去》猜歌环节4k60帧［HDR杜比视界］,红莲,UCTRYOBhH9y2KK_1U_gtR2pA,58,,,,206,周杰伦 演唱会,2026-07-31T14:06:15.904475+00:00
M42PGWJFfsw,https://www.youtube.com/watch?v=M42PGWJFfsw,周杰伦嘉年华2026世界巡回演唱会4.19甜甜的南宁Day3《搁浅》歌迷点歌4k60帧［HDR杜比视界］,红莲,UCTRYOBhH9y2KK_1U_gtR2pA,152,,,,181,周杰伦 演唱会,2026-07-31T14:06:15.904475+00:00
1NtaCTHgvHk,https://www.youtube.com/watch?v=1NtaCTHgvHk,周杰伦嘉年华2026世界巡回演唱会4.19甜甜的南宁Day3《蜗牛+黑色幽默》4k60帧［HDR杜比视界］,红莲,UCTRYOBhH9y2KK_1U_gtR2pA,198,,,,441,周杰伦 演唱会,2026-07-31T14:06:15.904475+00:00
zNvm6dcpPK8,https://www.youtube.com/watch?v=zNvm6dcpPK8,周杰伦嘉年华2026世界巡回演唱会4.19甜甜的南宁Day3《连名带姓》曹杨 柯有伦 杨瑞代4k60帧［HDR杜比视界］,红莲,UCTRYOBhH9y2KK_1U_gtR2pA,370,,,,480,周杰伦 演唱会,2026-07-31T14:06:15.904475+00:00
RYzxjUR3MZw,https://www.youtube.com/watch?v=RYzxjUR3MZw,周杰伦嘉年华2026世界巡回演唱会4.19甜甜的南宁Day3《那天下雨了》4k60帧［HDR杜比视界］,红莲,UCTRYOBhH9y2KK_1U_gtR2pA,237,,,,1074,周杰伦 演唱会,2026-07-31T14:06:15.904475+00:00
UwZetjK6WA4,https://www.youtube.com/watch?v=UwZetjK6WA4,周杰伦嘉年华世界巡回演唱会官摄《我落泪情绪零碎》完整版,JeffreyC,UC9_7RnOTWtfFw9xxER2dleg,228,,,,3114,周杰伦 演唱会,2026-07-31T14:06:15.904475+00:00
gb-TFxj2xiM,https://www.youtube.com/watch?v=gb-TFxj2xiM,周杰伦嘉年华世界巡回演唱会歌曲《花海》,Kennedy Wilson,UCw23dI_SM_6yzB5nDPpsN0w,260,,,,1798,周杰伦 杰威尔音乐,2026-07-31T14:06:15.904475+00:00
X8qxD1TuJEk,https://www.youtube.com/watch?v=X8qxD1TuJEk,周杰伦嘉年华演唱会 · 马来西亚站 | Jay Chou Carnival World Tour · Malaysia | @sandraleong628 @yjp1ano384,YJ P1ANO,UCoWkqVEJAJgSotEPIoPgEDQ,6459,,,,11789,周杰伦 演唱会,2026-07-31T14:06:15.904475+00:00
yb0msoTmtBA,https://www.youtube.com/watch?v=yb0msoTmtBA,周杰伦嘉年华演唱会 马来西亚站 爱在西元前+ 园游会+ 倒影 + 晴天 + 牛仔很忙 + 轨迹,小梁日常,UCiaQYFzs5XmYRzSteEQPC9Q,563,,,,1267,周杰伦 演唱会,2026-07-31T14:06:15.904475+00:00
b28T4WU-Hrk,https://www.youtube.com/watch?v=b28T4WU-Hrk,周杰伦嘉年华香港演唱会-5.10-鼓手solo,golden wish_lobster,UC-5TSl2W_W9RyHgKb4anpOw,26,,,,578,周杰伦 演唱会,2026-07-31T14:06:15.904475+00:00
Rt45345hQQ4,https://www.youtube.com/watch?v=Rt45345hQQ4,周杰伦嘉年华香港演唱会说好的幸福呢#周杰伦,周杰伦文案馆,UC8vq2O3TEi0MCk6awjYm3Dg,60,,,,2460,周杰伦 演唱会,2026-07-31T14:06:15.904475+00:00
nSwJqT96AxE,https://www.youtube.com/watch?v=nSwJqT96AxE,周杰伦嘉年华马来西亚演唱会2024 Part 1,Christine Ng,UCElYb1C7fklTE9XA-N3bYnA,6314,,,,6141,周杰伦 演唱会,2026-07-31T14:06:15.904475+00:00
qYLQ8Y-Uo-U,https://www.youtube.com/watch?v=qYLQ8Y-Uo-U,周杰伦回来了！新专辑《西西里》“城市漆黑，脚步声谁追”#说唱 #周杰伦 #周杰伦太阳之子,嘻笑堂,UCsVgrOKQ-gXuRWZqb5yNu4g,227,,,,4006,周杰伦 专辑,2026-07-31T14:06:15.904475+00:00
1zcbtXGSFvQ,https://www.youtube.com/watch?v=1zcbtXGSFvQ,周杰伦国语Electro中文DJ串烧专辑#周杰伦 #轨迹 #车载dj音乐, 成Rn音乐汇 ,UC9PBP8G_4qyt60IS4M-3ZSg,1561,,,,3,周杰伦 专辑,2026-07-31T14:06:15.904475+00:00
WnVOaYpztEU,https://www.youtube.com/watch?v=WnVOaYpztEU,周杰伦地表最强2拉斯维加斯站 2.10点歌环节完整版,yiming wang,UCQAUQ3p_YUzdibPidPXbS1Q,1650,,,,45578,周杰伦 完整版,2026-07-31T14:06:15.904475+00:00
U89xdi1Y7Mc,https://www.youtube.com/watch?v=U89xdi1Y7Mc,周杰伦地表最强2马来西亚站演唱会(高清完整版) 27-1-2018,Davidman TV (Davidman),UCfpnAYiiTk_8o0xQppYYsHw,6996,,,,71496,周杰伦 完整版,2026-07-31T14:06:15.904475+00:00
KpeINZqQp-c,https://www.youtube.com/watch?v=KpeINZqQp-c,周杰伦地表最强演唱会 粉丝点歌环节 巴黎站,Liang,UCcqnESG4iInJzLMKERHAUaw,1410,,,,6553,周杰伦 演唱会,2026-07-31T14:06:15.904475+00:00
WjlUWPOytPc,https://www.youtube.com/watch?v=WjlUWPOytPc,周杰伦地表最强演唱会万人大合唱《珊瑚海》,Jay Love,UC2IZ-blOKyN8mX7y35P-klw,380,,,,88162,周杰伦 演唱会 | 周杰伦 现场 Live,2026-07-31T14:06:15.904475+00:00
8UCixrcP9q0,https://www.youtube.com/watch?v=8UCixrcP9q0,周杰伦忆刚出道辛酸经历 歌红人不红凹造型无人识,Wall Channel,UC97NUXvCMnx6hzt2Bgf-OXA,61,,,,92,周杰伦 Sony Music Taiwan,2026-07-31T14:06:15.904475+00:00
MUCXKFNWUnY,https://www.youtube.com/watch?v=MUCXKFNWUnY,周杰伦悉尼演唱会2023 七里香,MrQuinn111,UCrClz5beJlhNdkKPhvFdX8w,391,,,,793,周杰伦 演唱会,2026-07-31T14:06:15.904475+00:00
LNwsP01UyWM,https://www.youtube.com/watch?v=LNwsP01UyWM,周杰伦悉尼演唱会2023 开不了口,MrQuinn111,UCrClz5beJlhNdkKPhvFdX8w,269,,,,397,周杰伦 演唱会 | 周杰伦 现场 Live,2026-07-31T14:06:15.904475+00:00
9tjHa8cZOA4,https://www.youtube.com/watch?v=9tjHa8cZOA4,周杰伦悉尼演唱会2023-稻香,Gary Yu,UCyujMET2LCeApmTKHSpcBAQ,170,,,,251,周杰伦 演唱会,2026-07-31T14:06:15.904475+00:00
bnuuV_z0zaU,https://www.youtube.com/watch?v=bnuuV_z0zaU,周杰伦悉尼演唱会live合集,Gary Yu,UCyujMET2LCeApmTKHSpcBAQ,797,,,,452,周杰伦 现场 Live,2026-07-31T14:06:15.904475+00:00
FgJbH5X4Ekg,https://www.youtube.com/watch?v=FgJbH5X4Ekg,周杰伦惊叹号专辑歌曲热度排名，职业生涯最低分是否合理？ #周杰伦 #音乐 #华语乐坛 #周杰伦专辑 #内容启发搜索,爱听歌的月亮,UC0UtrFxro5dskPXAmRSXG3A,349,,,,1,周杰伦 专辑,2026-07-31T14:06:15.904475+00:00
PbOxtL8J3SY,https://www.youtube.com/watch?v=PbOxtL8J3SY,周杰伦慢摇特辑  [说了再见 x 搁浅 x 黑色毛衣 x 说好的幸福呢 x 晴天] PRIVATE NONSTOP MIXTAPE,Party DJ Billion Manyao 易赢慢摇舞曲,UCqcpwo40KmM96D-x2D9ghvw,6469,,,,9526,周杰伦 歌曲,2026-07-31T14:06:15.904475+00:00
mdZWWvsBJ-0,https://www.youtube.com/watch?v=mdZWWvsBJ-0,周杰伦成名之路究竟有多难（完整版）由于时长问题，分两期发,娱音研究所,UCqo5Q5_7zJD97pJneZlRE3Q,965,,,,1242,周杰伦 完整版,2026-07-31T14:06:15.904475+00:00
AfDhMgMxLIw,https://www.youtube.com/watch?v=AfDhMgMxLIw,周杰伦所有专辑的数组，字典对象的遍历,huang tuo,UCwg33qlfmGgNK-zYPH1RkeA,1335,,,,2,周杰伦 专辑,2026-07-31T14:06:15.904475+00:00
gYo8VP8BY8Q,https://www.youtube.com/watch?v=gYo8VP8BY8Q,周杰伦改歌词为他庆贺，寿宴场地大开开代步车，曾志伟的寿宴到底多豪华#周杰伦  #曾志伟,笑笑晓娱,UCN4nwcUZrZrmUJDcuE2ctfA,288,,,,1073,周杰伦 官方 MV,2026-07-31T14:06:15.904475+00:00
aF7IDaLc8-I,https://www.youtube.com/watch?v=aF7IDaLc8-I,周杰伦新专辑 太阳之子 升K版 全集,求进李哥会员群,UCz9gU8xa8QsyyQ5i_Qp9Uvg,1989,,,,761,周杰伦 专辑 | 周杰伦 完整版,2026-07-31T14:06:15.904475+00:00
27I27K73iGU,https://www.youtube.com/watch?v=27I27K73iGU,周杰伦新专辑12首新歌全解析，编曲客观评价 #周杰伦 #周杰伦新专辑 #太阳之子 #周杰伦新歌 #编曲分析,乐感音乐楚老师,UCScsA--8wclcfZzV9Jt0_bw,133,,,,14,周杰伦 专辑,2026-07-31T14:06:15.904475+00:00
zMzFJXm77Cc,https://www.youtube.com/watch?v=zMzFJXm77Cc,周杰伦新专辑《太阳之子》到底什么水平？硬核拆解,PM玩乐志,UChmGfKTmWtAcsL2TA8s29iQ,1124,,,,12034,周杰伦 专辑,2026-07-31T14:06:15.904475+00:00
D-ODnxoORKM,https://www.youtube.com/watch?v=D-ODnxoORKM,周杰伦新专辑《太阳之子》：现炒的预制菜,叨叨冯聊音乐,UCyh_y1SIGj_cUqMeoewO5_w,1033,,,,49869,周杰伦 专辑,2026-07-31T14:06:15.904475+00:00
bm-jV8mXFcQ,https://www.youtube.com/watch?v=bm-jV8mXFcQ,周杰伦新专辑《女儿殿下》，完全就是一部三胎奶爸的“受难记”！ #周杰伦 #女儿殿下 #周杰伦新专辑 #昆凌,娱小爆来了,UCj1esOb5R4QVKgbtXE2jzLw,236,,,,879,周杰伦 专辑,2026-07-31T14:06:15.904475+00:00
4JhiDEViNXU,https://www.youtube.com/watch?v=4JhiDEViNXU,周杰伦新专辑《最伟大的作品》水平到底如何？整专分析来了！,叨叨冯聊音乐,UCyh_y1SIGj_cUqMeoewO5_w,1498,,,,105836,周杰伦 专辑,2026-07-31T14:06:15.904475+00:00
6exSeaDJx3U,https://www.youtube.com/watch?v=6exSeaDJx3U,周杰伦新专辑咋一股AI味儿？孤独与痛苦是艺术创作的重要催化剂,杰哥观察者模式启动中,UCcYV8SXweHq_xNke-M3TkjQ,893,,,,5,周杰伦 专辑,2026-07-31T14:06:15.904475+00:00
-1iQLlCpjFQ,https://www.youtube.com/watch?v=-1iQLlCpjFQ,"周杰伦新专辑啥水平？“难听”直冲热搜，非主打歌被称“夯爆了""",下饭音乐官方频道,UCYVSEcCybChTSITlrNJzXSg,338,,,,30704,周杰伦 JVR Music | 周杰伦 专辑 | 周杰伦 官方 MV | 周杰伦 杰威尔音乐 | 周杰伦 歌曲 | 周杰伦 歌词版,2026-07-31T14:06:15.904475+00:00
MP86g9Bt36U,https://www.youtube.com/watch?v=MP86g9Bt36U,"周杰伦新专辑大合集, 最新专辑 最新歌曲 热门歌曲 #周杰伦 兰亭序 ",XMeiFaShalong,UCrB4l6THmx9nTxovI--USbw,2893,,,,137,周杰伦 专辑,2026-07-31T14:06:15.904475+00:00
PfEMhhpnkV8,https://www.youtube.com/watch?v=PfEMhhpnkV8,周杰伦新专辑最佳！《女儿殿下》#说唱 #周杰伦 #太阳之子 #女儿殿下,嘻笑堂,UCsVgrOKQ-gXuRWZqb5yNu4g,223,,,,1196,周杰伦 专辑,2026-07-31T14:06:15.904475+00:00
8Kb7emL0_KE,https://www.youtube.com/watch?v=8Kb7emL0_KE,周杰伦新专辑翻唱处刑！居然还能这么唱？？,Jason-老湿,UC5BC7UNoExVELezGVlV_bYg,1003,,,,2365,周杰伦 专辑,2026-07-31T14:06:15.904475+00:00
S9WWCcppJVE,https://www.youtube.com/watch?v=S9WWCcppJVE,周杰伦新专辑，《最伟大的作品》MV发布，这一段天籁竟是临场发挥,歪果Star,UCHg149-gIKjX5484KYIfBZg,80,,,,10,周杰伦 专辑,2026-07-31T14:06:15.904475+00:00
Q9E0qmHTosY,https://www.youtube.com/watch?v=Q9E0qmHTosY,周杰伦新专辑｜那天下雨了，一开口治愈所有坏心情,happy music,UC1ffxG2uxNm19letJru57Vw,214,,,,20,周杰伦 专辑,2026-07-31T14:06:15.904475+00:00
j_p2rCy8j44,https://www.youtube.com/watch?v=j_p2rCy8j44,周杰伦新歌 - I Do | 歌词 Lyrics | 新专辑《太阳之子》,SkyMelody 天音仙阁,UCJMRqlyjT4J4tudjSS-7nQw,216,,,,3500,周杰伦 专辑 | 周杰伦 官方 MV,2026-07-31T14:06:15.904475+00:00
CEvRvPhBCEU,https://www.youtube.com/watch?v=CEvRvPhBCEU,周杰伦新歌 - 七月的极光 | 歌词 Lyrics | 新专辑《太阳之子》,SkyMelody 天音仙阁,UCJMRqlyjT4J4tudjSS-7nQw,190,,,,3673,周杰伦 专辑 | 周杰伦 官方 MV,2026-07-31T14:06:15.904475+00:00
mPNPPcz5Sbw,https://www.youtube.com/watch?v=mPNPPcz5Sbw,周杰伦新歌 - 乡间的路 | 歌词 Lyrics | 新专辑《太阳之子》,SkyMelody 天音仙阁,UCJMRqlyjT4J4tudjSS-7nQw,202,,,,3061,周杰伦 专辑 | 周杰伦 官方 MV | 周杰伦 歌词版,2026-07-31T14:06:15.904475+00:00
XlS1K6Y_2rw,https://www.youtube.com/watch?v=XlS1K6Y_2rw,周杰伦新歌 - 太阳之子 | 歌词 Lyrics | 新专辑《太阳之子》,SkyMelody 天音仙阁,UCJMRqlyjT4J4tudjSS-7nQw,296,,,,6259,周杰伦 专辑 | 周杰伦 官方 MV | 周杰伦 歌词版,2026-07-31T14:06:15.904475+00:00
cWzJ26BqpII,https://www.youtube.com/watch?v=cWzJ26BqpII,周杰伦新歌 - 女儿殿下 | 4K 高音质 动态歌词 Lyrics | 新专辑《太阳之子》,BlueWave Music,UCSqlzWZFW_U05pbafCHmv5g,223,,,,500,周杰伦 专辑 | 周杰伦 高音质,2026-07-31T14:06:15.904475+00:00
-DnsjPPXtE8,https://www.youtube.com/watch?v=-DnsjPPXtE8,周杰伦新歌 - 淘金小镇 | 歌词 Lyrics | 新专辑《太阳之子》,SkyMelody 天音仙阁,UCJMRqlyjT4J4tudjSS-7nQw,250,,,,4541,周杰伦 专辑 | 周杰伦 官方 MV | 周杰伦 歌词版,2026-07-31T14:06:15.904475+00:00
FlkuLmYbFIY,https://www.youtube.com/watch?v=FlkuLmYbFIY,周杰伦新歌 - 湘女多情 | 歌词 Lyrics | 新专辑《太阳之子》,SkyMelody 天音仙阁,UCJMRqlyjT4J4tudjSS-7nQw,238,,,,3101,周杰伦 专辑 | 周杰伦 官方 MV | 周杰伦 歌词版,2026-07-31T14:06:15.904475+00:00
umaTyIiF1Yo,https://www.youtube.com/watch?v=umaTyIiF1Yo,周杰伦新歌 - 爱琴海 | 歌词 Lyrics | 新专辑《太阳之子》,SkyMelody 天音仙阁,UCJMRqlyjT4J4tudjSS-7nQw,215,,,,5842,周杰伦 专辑 | 周杰伦 官方 MV | 周杰伦 歌词版,2026-07-31T14:06:15.904475+00:00
k41GF4zsiFI,https://www.youtube.com/watch?v=k41GF4zsiFI,周杰伦新歌 - 西西里 | 歌词 Lyrics | 新专辑《太阳之子》,SkyMelody 天音仙阁,UCJMRqlyjT4J4tudjSS-7nQw,227,,,,7028,周杰伦 专辑 | 周杰伦 官方 MV | 周杰伦 歌词版,2026-07-31T14:06:15.904475+00:00
lXg4W1jdjEo,https://www.youtube.com/watch?v=lXg4W1jdjEo,周杰伦新歌 - 谁稀罕 | 歌词 Lyrics | 新专辑《太阳之子》,SkyMelody 天音仙阁,UCJMRqlyjT4J4tudjSS-7nQw,261,,,,6272,周杰伦 专辑,2026-07-31T14:06:15.904475+00:00
zzKLIL_dRGc,https://www.youtube.com/watch?v=zzKLIL_dRGc,周杰伦新歌 - 那天下雨了 | 歌词 Lyrics | 新专辑《太阳之子》,SkyMelody 天音仙阁,UCJMRqlyjT4J4tudjSS-7nQw,222,,,,4433,周杰伦 官方 MV,2026-07-31T14:06:15.904475+00:00
gl7jaZv2_8Q,https://www.youtube.com/watch?v=gl7jaZv2_8Q,周杰伦无损音乐2023 最伟大的作品原声母带纯享无广告,ATTMusic,UCS63RfBLg9JCLrq707AXsxA,2664,,,,648,周杰伦 专辑,2026-07-31T14:06:15.904475+00:00
gmjNEDPqE9o,https://www.youtube.com/watch?v=gmjNEDPqE9o,周杰伦日本演唱会开场黄金甲+本草纲目+我不配+我落泪情绪零碎,黄衍鹏,UC6owg1d1qHorkpMGJ7Pxizw,937,,,,19160,周杰伦 演唱会,2026-07-31T14:06:15.904475+00:00
2Ea8WBmQ0SE,https://www.youtube.com/watch?v=2Ea8WBmQ0SE,周杰伦早期金曲合集-爱在西元前-安静-暗号-半岛铁盒-布拉格广场-回到过去-简单爱-开不了口-可爱女人-龙卷风-龙拳-你比从前快乐-忍者-世界末日-双截棍-完美主义-蜗牛-星晴-一路向北-最后战役,asia younger,UCmj8zJs5dqkzYTiiogV_-fg,7500,,,,11632,周杰伦 专辑 | 周杰伦 歌曲,2026-07-31T14:06:15.904475+00:00
2mbhCTpKVz8,https://www.youtube.com/watch?v=2mbhCTpKVz8,周杰伦暗黑三部曲开头，该如何应对/一小时纯享版 #高品质音乐#音乐推荐#歌曲合集#周杰伦歌曲推荐#周杰伦音乐合集,空心音乐,UCQ64VRtmPpYcSXKNfNaqyfQ,3229,,,,66,周杰伦 歌曲,2026-07-31T14:06:15.904475+00:00
_LtuE9AV-I8,https://www.youtube.com/watch?v=_LtuE9AV-I8,周杰伦暗黑三部曲，《以父之名》《夜的第七章》《止战之殇》,VIYUNG,UCh8W5b2TjSl0Azbc0oW0e0Q,870,,,,1632203,周杰伦 4K MV | 周杰伦 歌曲 | 周杰伦 高音质,2026-07-31T14:06:15.904475+00:00
qhauK2jgwQY,https://www.youtube.com/watch?v=qhauK2jgwQY,周杰伦最在意的事！居然不是新专辑！而是….你看了吗？ #周杰伦 #周杰伦演唱会 #周游记,周杰伦晚安电台,UCQMI2Qi-uUYstyXBNnlwetQ,166,,,,312,周杰伦 专辑,2026-07-31T14:06:15.904475+00:00
6NP8TV9KrT8,https://www.youtube.com/watch?v=6NP8TV9KrT8,周杰伦最好听的50首歌合集 无损音质 歌词版 听歌睡觉看书写作业必备 p01 01. 夜曲-周杰伦,有超超,UCOBruCHNxpEgGidFAizM2nw,228,,,,9,周杰伦 高音质,2026-07-31T14:06:15.904475+00:00
G2nwszZr1Jc,https://www.youtube.com/watch?v=G2nwszZr1Jc,周杰伦最好听的50首歌合集 无损音质 歌词版 听歌睡觉看书写作业必备 p01 01. 夜曲-周杰伦,有超超,UCOBruCHNxpEgGidFAizM2nw,228,,,,11,周杰伦 高音质,2026-07-31T14:06:15.904475+00:00
h7EM3jFRsLI,https://www.youtube.com/watch?v=h7EM3jFRsLI,周杰伦最好听的50首歌合集 无损音质 歌词版 听歌睡觉看书写作业必备 p01 01. 夜曲-周杰伦,有超超,UCOBruCHNxpEgGidFAizM2nw,228,,,,2,周杰伦 高音质,2026-07-31T14:06:15.904475+00:00
NRGkLDjHoX8,https://www.youtube.com/watch?v=NRGkLDjHoX8,周杰伦最好听的十首歌 [排名不分先后] (无损音质),远东,UCoW26-CCvPa6uf6k1kAFKdw,2864,,,,527,周杰伦 歌曲 | 周杰伦 高音质,2026-07-31T14:06:15.904475+00:00
5YCcrBLQAU8,https://www.youtube.com/watch?v=5YCcrBLQAU8,周杰伦最新现场！【元宇宙世界杯音乐盛典】周杰伦《我是如此相信》《安静》两首连唱！继续支持我哥！,Kilun,UCVB2mC4FyicvsjfQJLbyuxw,556,,,,46148,周杰伦 现场 Live,2026-07-31T14:06:15.904475+00:00
2YbWFaZrjKg,https://www.youtube.com/watch?v=2YbWFaZrjKg,周杰伦杭州演唱会 2026,祖浩,UCp6GeBvKMlo1jxrYdTBZsuw,9343,,,,12062,周杰伦 完整版 | 周杰伦 演唱会,2026-07-31T14:06:15.904475+00:00
NLH2oWeuWzE,https://www.youtube.com/watch?v=NLH2oWeuWzE,周杰伦歌友会完整版献唱还在流浪，半岛铁盒，稻香，晴天，错过的烟火#周杰伦#哥有会,Horror TV,UC_evLlor7_6fJDDPVYMNt2g,1277,,,,11419,周杰伦 完整版,2026-07-31T14:06:15.904475+00:00
nGOoo5dlnrg,https://www.youtube.com/watch?v=nGOoo5dlnrg,周杰伦歌曲 三小时无广告,Jay Chou_FM,UCdapWzEDrf06pws4SwqhFnA,11693,,,,11055,周杰伦 歌曲,2026-07-31T14:06:15.904475+00:00
7IlxvcpBw0E,https://www.youtube.com/watch?v=7IlxvcpBw0E,周杰伦歌曲合集 | 100首连播 | 阅读/学习/放松 背景音乐,minifrog,UCc_P9abYHFYPd82sbqt3mQA,25753,,,,932,周杰伦 歌曲,2026-07-31T14:06:15.904475+00:00
NeMpdvc9sug,https://www.youtube.com/watch?v=NeMpdvc9sug,周杰伦歌曲合集下载：所有专辑黑胶无损 音质 资源分享,北潇知识分享,UC2ONyZQYMex1hxTw5Dp4Q_w,37,,,,97,周杰伦 高音质,2026-07-31T14:06:15.904475+00:00
s2ipo1l-gcg,https://www.youtube.com/watch?v=s2ipo1l-gcg,周杰伦歌曲大全 转自卧龙寺 mojito,Black Stork Music Channel,UCYzlCYLiLRNdWt2ZoSxOahw,10585,,,,1534,周杰伦 歌曲,2026-07-31T14:06:15.904475+00:00
A6TTMQCqBQc,https://www.youtube.com/watch?v=A6TTMQCqBQc,周杰伦歌曲精选50首歌词版】 周杰伦经典高音质歌单合集 听歌,Hdson,UCb6sX3CiURMXYO1donwBAHA,228,,,,16,周杰伦 高音质,2026-07-31T14:06:15.904475+00:00
H6foP2L-SXg,https://www.youtube.com/watch?v=H6foP2L-SXg,周杰伦歌曲精选中的精选#无广告#周杰伦#Jay Chou #华语歌曲,高高音乐,UC8o3W7AajPJFqXN6UeTvF0A,8090,,,,142861,周杰伦 歌曲,2026-07-31T14:06:15.904475+00:00
MlwDG80x-EU,https://www.youtube.com/watch?v=MlwDG80x-EU,周杰伦歌曲经典无损音质合集 p01 001. 飘移,祝您吉祥的风早,UCQxg73uCANxt49CIwF0sHOw,243,,,,4,周杰伦 高音质,2026-07-31T14:06:15.904475+00:00
ufQXdmWPmW8,https://www.youtube.com/watch?v=ufQXdmWPmW8,周杰伦歌曲经典无损音质合集 p01 001. 飘移,祝您吉祥的风早,UCQxg73uCANxt49CIwF0sHOw,243,,,,6,周杰伦 高音质,2026-07-31T14:06:15.904475+00:00
Ly4tHzF9bdg,https://www.youtube.com/watch?v=Ly4tHzF9bdg,周杰伦歌曲🎧10首精選集🎼【高音質】Songs of the Most Popular Chinese Singer,心情歌曲,UCyDOj6fKod3cF-jiTgusUZQ,2107,,,,2,周杰伦 高音质,2026-07-31T14:06:15.904475+00:00
WIbT66MG3s0,https://www.youtube.com/watch?v=WIbT66MG3s0,周杰伦歌曲🎧10首精選集🎼【高音質】Songs of the Most Popular Chinese Singer,音樂歌曲,UCELMkinUiyxJDuQX9fiJ3lw,2039,,,,2,周杰伦 高音质,2026-07-31T14:06:15.904475+00:00
h5zpzRMp_Wg,https://www.youtube.com/watch?v=h5zpzRMp_Wg,周杰伦歌曲🎧10首精選集🎼【高音質】Songs of the Most Popular Chinese Singer,流行音樂,UCohE1u8KCIHT_nQKyAlZ5nQ,2090,,,,4,周杰伦 高音质,2026-07-31T14:06:15.904475+00:00
iFsf52sUMx0,https://www.youtube.com/watch?v=iFsf52sUMx0,周杰伦歌曲🎧10首精選集🎼【高音質】Songs of the Most Popular Chinese Singer,熱門音樂,UCjjVx1ZEJH5tkSN0I90cNyw,2090,,,,1,周杰伦 高音质,2026-07-31T14:06:15.904475+00:00
gLW75Nco6tU,https://www.youtube.com/watch?v=gLW75Nco6tU,周杰伦每张专辑的最强歌曲，播放量第一的究竟是？榜一已超2亿播放！,WanderWise Gary,UCB95FQj6KZz70m4aHUQYr0w,1103,,,,11,周杰伦 专辑,2026-07-31T14:06:15.904475+00:00
8aAaoW7aC6E,https://www.youtube.com/watch?v=8aAaoW7aC6E,周杰伦每次唱起这首苦情歌 总会来几个高能变调 周杰伦 借口 live,music live video,UCPFz0Ln8lQEs0ge1zkA8E8w,252,,,,90042,周杰伦 现场 Live,2026-07-31T14:06:15.904475+00:00
6F6jiW7OFpQ,https://www.youtube.com/watch?v=6F6jiW7OFpQ,周杰伦济南演唱会《枫》，能在秋天听到现场版的枫，大概就是最幸福的事了吧。#枫 #周杰伦 #演唱会 #济南,桂铭升,UCE7dMFKmZ9yQW1WJP7vm2yw,129,,,,72,周杰伦 演唱会,2026-07-31T14:06:15.904475+00:00
_wIXPaBzP7I,https://www.youtube.com/watch?v=_wIXPaBzP7I,周杰伦淘汰,cvnk gg,UC7fKdWOIDMr_5ZXwlG2yxnA,241,,,,67501,周杰伦 1080P MV,2026-07-31T14:06:15.904475+00:00
oP_3v-umus0,https://www.youtube.com/watch?v=oP_3v-umus0,周杰伦演唱《迷迭香》一罕见舞台。蓝光,Kilun,UCVB2mC4FyicvsjfQJLbyuxw,130,,,,1236,周杰伦 演唱会 | 周杰伦 现场 Live,2026-07-31T14:06:15.904475+00:00
InnMYnLEeog,https://www.youtube.com/watch?v=InnMYnLEeog,周杰伦演唱会,王旺旺,UCSqQOo_HdsZboj5XYc_sk_Q,158,,,,33,周杰伦 演唱会,2026-07-31T14:06:15.904475+00:00
NuAiSLtXGRA,https://www.youtube.com/watch?v=NuAiSLtXGRA,周杰伦演唱会2023马来西亚站,Lee度我话事,UCWJt5eNdHwIrN7dFMVQUCpg,295,,,,12105,周杰伦 演唱会,2026-07-31T14:06:15.904475+00:00
7fY8_F4mWwg,https://www.youtube.com/watch?v=7fY8_F4mWwg,周杰伦演唱会2024 Jay Chou Malaysia Concert 2024 (简易版),YanViews,UCd_FtKk5Svh5_3ErgtPGHGA,233,,,,18607,周杰伦 演唱会,2026-07-31T14:06:15.904475+00:00
STjhPZXcyvk,https://www.youtube.com/watch?v=STjhPZXcyvk,周杰伦演唱会AFF足球赛 都不能取消,Oriental Daily News Malaysia 马来西亚东方日报 ,UC_b-MYeeRF4WMTycifGHbPQ,65,,,,1830,周杰伦 演唱会,2026-07-31T14:06:15.904475+00:00
ek9ESmHDah4,https://www.youtube.com/watch?v=ek9ESmHDah4,周杰伦演唱会万人合唱晴天,im xiaoxin,UCB-vsOdYKuLu6SJQ8sNjiCQ,271,,,,31184,周杰伦 演唱会,2026-07-31T14:06:15.904475+00:00
YCzA0AdGCP4,https://www.youtube.com/watch?v=YCzA0AdGCP4,周杰伦演唱会上那些豪华的大咖男嘉宾,周杰伦文案馆,UC8vq2O3TEi0MCk6awjYm3Dg,281,,,,3777,周杰伦 演唱会,2026-07-31T14:06:15.904475+00:00
nXnKXJ8IJH8,https://www.youtube.com/watch?v=nXnKXJ8IJH8,周杰伦演唱会全场大合唱《珊瑚海》，独唱版超级好听哟,Freddie Roosevelt,UC_F71BDJ3-vso_sgGAHccXA,428,,,,11681,周杰伦 演唱会,2026-07-31T14:06:15.904475+00:00
jsbNB8d7bK4,https://www.youtube.com/watch?v=jsbNB8d7bK4,周杰伦演唱会台北大巨蛋！我叕飞台湾，这次不是被赶，是看周杰伦演唱会完整版 #台北 #大巨蛋 #周杰伦演唱会,沙巴漫游,UCVMDYXw0urpFy_XYJC0Fw6A,752,,,,73845,周杰伦 演唱会,2026-07-31T14:06:15.904475+00:00
j9CkCNAz9g0,https://www.youtube.com/watch?v=j9CkCNAz9g0,周杰伦演唱会和林俊杰合唱修炼爱情和最长的电影完整版,J音乐,UC7Hx_FL5WCfxlIlS8MONnCQ,140,,,,981,周杰伦 演唱会,2026-07-31T14:06:15.904475+00:00
RzzWoDiadeE,https://www.youtube.com/watch?v=RzzWoDiadeE,周杰伦演唱会嘉宾曹扬-《你说你还不了》,golden wish_lobster,UC-5TSl2W_W9RyHgKb4anpOw,224,,,,2427,周杰伦 演唱会,2026-07-31T14:06:15.904475+00:00
hEm0alU4hQE,https://www.youtube.com/watch?v=hEm0alU4hQE,周杰伦演唱会完整版在线观看 前奏一响瞬间沦陷  周杰伦这首国风神曲太霸气   #周杰伦 #龙拳演唱会完整版 #杰迷 #周杰伦2026北京演唱会,时光听风阁,UCB_zEu3FvPAaXUI06xiqnPw,10157,,,,0,周杰伦 完整版 | 周杰伦 演唱会,2026-07-31T14:06:15.904475+00:00
pOrJN7KKyH8,https://www.youtube.com/watch?v=pOrJN7KKyH8,周杰伦演唱会怒斥维护次序的公安“你给我滚出去”，是对是错？,IN News,UCeJKPXVEHIpRO3lPqULLtJg,59,,,,802,周杰伦 演唱会,2026-07-31T14:06:15.904475+00:00
7k8omCtxR6g,https://www.youtube.com/watch?v=7k8omCtxR6g,周杰伦演唱会版本说好的幸福呢+淘汰+倒带,空白,UCAZsSNYFMC7v14UVDZmYD5Q,213,,,,267,周杰伦 演唱会,2026-07-31T14:06:15.904475+00:00
oOThwo9rYrY,https://www.youtube.com/watch?v=oOThwo9rYrY,周杰伦演唱会现场cue迷弟林更新 片寄凉太跨海追星是真爱粉无疑了！,China Newspaper,UCH-hAbvSkcvzJ_NKBDgL-Cg,100,,,,5580,周杰伦 演唱会,2026-07-31T14:06:15.904475+00:00
Gqml1yJYCj4,https://www.youtube.com/watch?v=Gqml1yJYCj4,周杰伦演唱会红模仿！超能唱粉丝被现场签名，人生巅峰,逍遥狗,UCEF5ik9V654HslpE2f5A8ug,379,,,,213362,周杰伦 演唱会,2026-07-31T14:06:15.904475+00:00
xeFqORGqVSA,https://www.youtube.com/watch?v=xeFqORGqVSA,周杰伦演唱会马来西亚 15.01.2023,Bunnie Weiling,UCfkOQA2spiHWkwy5zKhCgxA,2023,,,,732,周杰伦 演唱会,2026-07-31T14:06:15.904475+00:00
hLA5OftdotY,https://www.youtube.com/watch?v=hLA5OftdotY,周杰伦演唱会， 歌迷点冷门歌曲#红磨坊，唱得最好，无法超越的经典,J音乐,UC7Hx_FL5WCfxlIlS8MONnCQ,347,,,,19420,周杰伦 演唱会,2026-07-31T14:06:15.904475+00:00
fwbKrEOQDjc,https://www.youtube.com/watch?v=fwbKrEOQDjc,周杰伦演唱会，与歌迷合唱《屋顶》现场气氛拉满！,环保志愿者-刘岩,UCgJgcNZLrJnqrG9E5KLEAyA,140,,,,48156,周杰伦 演唱会 | 周杰伦 现场 Live,2026-07-31T14:06:15.904475+00:00
auMFSgctdbc,https://www.youtube.com/watch?v=auMFSgctdbc,周杰伦演唱会，女歌迷点歌，《一路向北》，这唱功水平太高了！,Jay-Anime-Game,UC7L9qiGetKPsPs8Rr52-iRg,292,,,,411,周杰伦 演唱会,2026-07-31T14:06:15.904475+00:00
atihLonnx_k,https://www.youtube.com/watch?v=atihLonnx_k,周杰伦现场演唱的《默》比原唱更好听,Cherry Mon,UCxooPDpA9MdWAj3WcMkQjYw,218,,,,508889,周杰伦 现场 Live,2026-07-31T14:06:15.904475+00:00
fh3FmSFM35s,https://www.youtube.com/watch?v=fh3FmSFM35s,周杰伦甜甜的嘉年华南宁演唱会《兰亭序》,Kennedy Wilson,UCw23dI_SM_6yzB5nDPpsN0w,278,,,,1512,周杰伦 演唱会,2026-07-31T14:06:15.904475+00:00
QcEQrOVgCQY,https://www.youtube.com/watch?v=QcEQrOVgCQY,周杰伦甜甜的嘉年华南宁演唱会《说好的幸福呢》,Kennedy Wilson,UCw23dI_SM_6yzB5nDPpsN0w,268,,,,4408,周杰伦 演唱会,2026-07-31T14:06:15.904475+00:00
5Krg6MovY38,https://www.youtube.com/watch?v=5Krg6MovY38,周杰伦甜甜的嘉年华南宁演唱会曹杨《连名带姓》,Kennedy Wilson,UCw23dI_SM_6yzB5nDPpsN0w,345,,,,1256,周杰伦 演唱会 | 周杰伦 现场 Live,2026-07-31T14:06:15.904475+00:00
5AViBqcrrco,https://www.youtube.com/watch?v=5AViBqcrrco,周杰伦甜甜的嘉年华南宁演唱会点歌环节全程＋稻香等你下课,Kennedy Wilson,UCw23dI_SM_6yzB5nDPpsN0w,3064,,,,2663,周杰伦 演唱会,2026-07-31T14:06:15.904475+00:00
2difSN9-1TQ,https://www.youtube.com/watch?v=2difSN9-1TQ,周杰伦电影和专辑作品 Video CD/DVD Speedy Video/PMP Entertainment/Sony BMG Original Malaysia 正版精选,Speedy Video Carlsberg Movie ,UCwiTRr-70G1rzyOgLhAGuHw,446,,,,111,周杰伦 Sony Music Taiwan,2026-07-31T14:06:15.904475+00:00
zuhRAOOmK9A,https://www.youtube.com/watch?v=zuhRAOOmK9A,周杰伦的专辑《八度空间》，如何做到当中每一首歌都是神作？ #周杰伦 #八度空间 #龙拳 #抖音乐评新势力 #半岛铁盒,古登堡爵士,UClzUlx5vcc61eeBovtslE_g,2478,,,,8180,周杰伦 专辑,2026-07-31T14:06:15.904475+00:00
EKy9pdDz6-U,https://www.youtube.com/watch?v=EKy9pdDz6-U,周杰伦的床边故事 (2016 專輯) | Jay Chou (Bedtime Stories) Full Album | 周杰倫好聽的10首歌 [4K],杰威爾歌詞MV頻道JVR Lyric MV,UCsMWXIFViw8KxCl1i7X8deA,2186,,,,1853,周杰伦 4K MV | 周杰伦 JVR Music | 周杰伦 杰威尔音乐,2026-07-31T14:06:15.904475+00:00
-z8i9OWeKHs,https://www.youtube.com/watch?v=-z8i9OWeKHs,周杰伦第一张专辑《Jay》赏析,周尔摩斯,UCTEr8tO3bkB491J1BXuJIMA,1362,,,,18,周杰伦 专辑,2026-07-31T14:06:15.904475+00:00
rBY4GzrM9-U,https://www.youtube.com/watch?v=rBY4GzrM9-U,周杰伦第一张专辑比不上陶喆？周王陶林谁更强？神仙打架啦！ #soul,周杰伦晚安电台,UCQMI2Qi-uUYstyXBNnlwetQ,185,,,,179,周杰伦 专辑,2026-07-31T14:06:15.904475+00:00
3b5reLuXago,https://www.youtube.com/watch?v=3b5reLuXago,周杰伦系列：第一张专辑“梦开始”周杰伦人物系列第一集#周杰伦#jay#华语乐坛#人物故事#青年创作者成长计划,G5 STUDIO5,UCQQeVWSa6z-uFk2ci-UtLVA,419,,,,180,周杰伦 专辑,2026-07-31T14:06:15.904475+00:00
ZvF2839d8cM,https://www.youtube.com/watch?v=ZvF2839d8cM,周杰伦经典专辑 Ft Old School 玛田鼓【JJS Group Private】26‘DJeRryC Rmx,DJ JeRryC,UC5MBGoHI17Bn0r8DqQxJSow,8361,,,,770,周杰伦 专辑,2026-07-31T14:06:15.904475+00:00
TZYOQSf59PA,https://www.youtube.com/watch?v=TZYOQSf59PA,周杰伦被铁粉真心话整哭！差点哭到唱不下去！| 周杰伦演唱会 | jaychou,Show Fever综艺风向标,UCGRu5tOW8kaJQWLR5M8I_lg,1545,,,,63683,周杰伦 演唱会,2026-07-31T14:06:15.904475+00:00
cbpnFX4PLok,https://www.youtube.com/watch?v=cbpnFX4PLok,周杰伦要退出《中国好声音》？杰威尔回应了(图),sam kohout,UCqxjKE6UVYZ092unm6tYQVA,71,,,,18,周杰伦 杰威尔音乐,2026-07-31T14:06:15.904475+00:00
7OfMPObrbKw,https://www.youtube.com/watch?v=7OfMPObrbKw,"周杰伦超爱昆凌有原因!早年采访三点真相曝光,难怪宠到骨子里！【明星深度谈】",娱乐转圈圈,UCrSspyqSvXlohTxja89Il7A,1055,,,,999,周杰伦 歌曲,2026-07-31T14:06:15.904475+00:00
R0bhngPmnOc,https://www.youtube.com/watch?v=R0bhngPmnOc,周杰伦金曲专辑（二）含动态歌词，我们每天给大家分享新歌好歌，希望您喜欢，感谢订阅分享,EchoSoul Music,UCYJGOy-yQOSx3C3NfTi96Yw,2837,,,,21,周杰伦 专辑,2026-07-31T14:06:15.904475+00:00
Kl2-muftA7I,https://www.youtube.com/watch?v=Kl2-muftA7I,周杰伦钢琴弹唱《蜗牛》《稻香》   现场即兴作曲好听哭了！  《中国梦想秀5》EP13 花絮 20130628 [浙江卫视官方HD],中国浙江卫视官方频道 Zhejiang STV Official Channel - 欢迎订阅 -,UC52EYUUSlzcYqHj-qsx0RHg,912,,,,1409907,周杰伦 现场 Live,2026-07-31T14:06:15.904475+00:00
nBjoVE33MpE,https://www.youtube.com/watch?v=nBjoVE33MpE,周杰伦需要做数据吗？网友质疑周杰伦演唱会门票，粉丝在线科普,sdfwe ntyr,UCIN41tZ7ijd21e32XogJrNA,49,,,,123,周杰伦 演唱会,2026-07-31T14:06:15.904475+00:00
7TXNvUyGjM0,https://www.youtube.com/watch?v=7TXNvUyGjM0,周杰伦音乐合集：Jay同名专辑,赵小红,UC9vDbIR4RsiKKrpGcu7N7Hw,2584,,,,35,周杰伦 专辑,2026-07-31T14:06:15.904475+00:00
lO-aBL-2tjA,https://www.youtube.com/watch?v=lO-aBL-2tjA,周杰伦音乐合集：十一月的肖邦专辑,赵小红,UC9vDbIR4RsiKKrpGcu7N7Hw,3125,,,,42,周杰伦 专辑,2026-07-31T14:06:15.904475+00:00
a05F1SIiMJQ,https://www.youtube.com/watch?v=a05F1SIiMJQ,周杰伦首张专辑最热MV！居然是它！最冷门MV也不可思议！ #周杰伦音乐 #周杰伦演唱会 #周杰伦新专辑,周杰伦晚安电台,UCQMI2Qi-uUYstyXBNnlwetQ,171,,,,203,周杰伦 专辑,2026-07-31T14:06:15.904475+00:00
I3C8SU66mzo,https://www.youtube.com/watch?v=I3C8SU66mzo,周杰伦香港演唱会首次称赞kpop韩国音乐  ……,杰伦Hebe频道,UCx8z8QH_EURrw4cDOo_jAsA,59,,,,1603,周杰伦 演唱会,2026-07-31T14:06:15.904475+00:00
qDhTFXGmFnw,https://www.youtube.com/watch?v=qDhTFXGmFnw,周杰伦高音质经典,玉漏音乐频道,UC7NODIJOt3mZNku7-6Uor4A,5794,,,,149,周杰伦 高音质,2026-07-31T14:06:15.904475+00:00
7bqMyj1gaws,https://www.youtube.com/watch?v=7bqMyj1gaws,周杰伦魔天伦2南京站《手写的从前》现场版，听完我跪了！,Kilun,UCVB2mC4FyicvsjfQJLbyuxw,234,,,,7492,周杰伦 杰威尔音乐 | 周杰伦 演唱会 | 周杰伦 现场 Live,2026-07-31T14:06:15.904475+00:00
HHkcGSz4bSo,https://www.youtube.com/watch?v=HHkcGSz4bSo,周杰伦魔天伦世界巡回演唱会【手语 官方版】,杰伦杰伦,UCAc5wg3vqdzNSeMe9Vk3H_g,287,,,,35186,周杰伦 演唱会 | 周杰伦 现场 Live,2026-07-31T14:06:15.904475+00:00
n6zuqHS0nMQ,https://www.youtube.com/watch?v=n6zuqHS0nMQ,周杰伦（Jay Chou）十大变调现场,DX Entertainment's TV,UC3FtjDNx1FaCTxvp73Uhg0g,356,,,,44088,周杰伦 现场 Live,2026-07-31T14:06:15.904475+00:00
gbwXhzQIjr8,https://www.youtube.com/watch?v=gbwXhzQIjr8,周杰伦（周杰倫）2011新歌你好吗？120秒高清小品MV（Jay Chou's song: How are you),jolin jay,UCQccqC358w7iScJ-seZ_3hQ,120,,,,1584,周杰伦 1080P MV,2026-07-31T14:06:15.904475+00:00
K64y751to_s,https://www.youtube.com/watch?v=K64y751to_s,周杰伦（周杰倫）《太阳之子》钢琴版 Jay Chou - “Children of the Sun” Piano Cover | Piano by CIP Music,CIP Music,UCRndy4nQZBQA4HF3qe79jsA,299,,,,5088,周杰伦 完整版,2026-07-31T14:06:15.904475+00:00
XlSbDXONL5U,https://www.youtube.com/watch?v=XlSbDXONL5U,周杰伦（周杰倫）《那天下雨了》钢琴版 Jay Chou - “The Day It Rained” Piano Cover | Piano by CIP Music,CIP Music,UCRndy4nQZBQA4HF3qe79jsA,221,,,,1657,周杰伦 完整版,2026-07-31T14:06:15.904475+00:00
gQKjifOA9XQ,https://www.youtube.com/watch?v=gQKjifOA9XQ,周杰伦：25年周年专辑《太阳之子》！#周杰伦#周杰伦新歌#人物故事#青年创作者成长计划,G5 STUDIO5,UCQQeVWSa6z-uFk2ci-UtLVA,280,,,,82,周杰伦 专辑,2026-07-31T14:06:15.904475+00:00
chlLdC3JnSw,https://www.youtube.com/watch?v=chlLdC3JnSw,周杰伦：30首热门歌曲，分集播放【无损音质】 p01 告白气球 - 周杰伦,猪大肠l,UC5HMVkbXIvb602boxZL76ow,214,,,,4,周杰伦 高音质,2026-07-31T14:06:15.904475+00:00
Ewn3CB8daQA,https://www.youtube.com/watch?v=Ewn3CB8daQA,周杰伦：《八度空间》最被低估的专辑！#周杰伦#八度空间#华语乐坛#人物故事#青年创作者成长计划,G5 STUDIO5,UCQQeVWSa6z-uFk2ci-UtLVA,388,,,,598,周杰伦 专辑,2026-07-31T14:06:15.904475+00:00
WQbNTabkg-0,https://www.youtube.com/watch?v=WQbNTabkg-0,周杰伦：从餐厅小助理到华语天王，他如何改变一代人的青春？,往事实录局,UCYbRzDkRZwpMaJxdiUPRDqw,1377,,,,1,周杰伦 专辑 | 周杰伦 歌曲 | 周杰伦 演唱会,2026-07-31T14:06:15.904475+00:00
1tfjNwIbsCw,https://www.youtube.com/watch?v=1tfjNwIbsCw,周杰伦：信不信老子 10 分钟写的歌，够你们吃一辈子！,悦耳音乐酱,UCqWNOHjgfL8ADEdXGznzwUw,694,,,,828449,周杰伦 歌曲,2026-07-31T14:06:15.904475+00:00
34ggXlgXuxE,https://www.youtube.com/watch?v=34ggXlgXuxE,周杰倫   一路向北 無損音樂FLAC 歌詞LYRICS 純享,MusicDelta,UCpVAtVVC24ZuYIRvoxcSvxQ,295,,,,159682,周杰伦 lyric video | 周杰伦 高音质,2026-07-31T14:06:15.904475+00:00
dllBY_Hdd88,https://www.youtube.com/watch?v=dllBY_Hdd88,周杰倫   晴天 無損音樂FLAC 歌詞LYRICS 純享,MusicDelta,UCpVAtVVC24ZuYIRvoxcSvxQ,270,,,,585174,周杰伦 Official Music Video | 周杰伦 lyric video | 周杰伦 官方 MV | 周杰伦 歌曲 | 周杰伦 歌词版 | 周杰伦 高音质,2026-07-31T14:06:15.904475+00:00
DHG62FwuSrk,https://www.youtube.com/watch?v=DHG62FwuSrk,周杰倫   楓 無損音樂FLAC 歌詞LYRICS 純享,MusicDelta,UCpVAtVVC24ZuYIRvoxcSvxQ,276,,,,266281,周杰伦 歌词版 | 周杰伦 高音质,2026-07-31T14:06:15.904475+00:00
4DyVNa9EM8E,https://www.youtube.com/watch?v=4DyVNa9EM8E,周杰倫   水手怕水 MV 官方 1080p HD   iNmusic,wuifoon loh,UCl578i1PCaqD33gPzBZtiPA,173,,,,1188,周杰伦 1080P MV,2026-07-31T14:06:15.904475+00:00
dAX3U8pNPQM,https://www.youtube.com/watch?v=dAX3U8pNPQM,周杰倫   煙花易冷  無損音樂FLAC 歌詞LYRICS 純享,MusicDelta,UCpVAtVVC24ZuYIRvoxcSvxQ,264,,,,60247,周杰伦 lyric video,2026-07-31T14:06:15.904475+00:00
oKqu_baD490,https://www.youtube.com/watch?v=oKqu_baD490,周杰倫   超人不會飛 MV HD 720p,郝飛舜,UC97P87Tz2Nsu2cfW6oOCOWA,303,,,,354,周杰伦 1080P MV,2026-07-31T14:06:15.904475+00:00
57YSkMmrdhI,https://www.youtube.com/watch?v=57YSkMmrdhI,周杰倫   開不了口 無損音樂FLAC 歌詞LYRICS 純享,MusicDelta,UCpVAtVVC24ZuYIRvoxcSvxQ,285,,,,141889,周杰伦 lyric video | 周杰伦 高音质,2026-07-31T14:06:15.904475+00:00
ueL1on1GuRM,https://www.youtube.com/watch?v=ueL1on1GuRM,周杰倫   髮如雪 無損音樂FLAC 歌詞LYRICS 純享,MusicDelta,UCpVAtVVC24ZuYIRvoxcSvxQ,302,,,,282531,周杰伦 lyric video | 周杰伦 高音质,2026-07-31T14:06:15.904475+00:00
QNA2mOpCEAs,https://www.youtube.com/watch?v=QNA2mOpCEAs,周杰倫  世界末日,Kowloon Channel,UC-SRWnEdFvENs_OyXB-wMmA,256,,,,130298,周杰伦 1080P MV,2026-07-31T14:06:15.904475+00:00
jSMlSbvc8N0,https://www.youtube.com/watch?v=jSMlSbvc8N0,周杰倫  愛的飛行日記《歌詞》,璃之歌詞天地 (⊙ꇴ⊙),UCRHjeGTqvbVkByaTVpzG2QQ,252,,,,461343,周杰伦 官方 MV | 周杰伦 歌词版,2026-07-31T14:06:15.904475+00:00
ia8k9J65NdI,https://www.youtube.com/watch?v=ia8k9J65NdI,周杰倫  我不配 無損音樂FLAC 歌詞LYRICS 純享,MusicDelta,UCpVAtVVC24ZuYIRvoxcSvxQ,289,,,,115676,周杰伦 高音质,2026-07-31T14:06:15.904475+00:00
U3hBFDRDCg4,https://www.youtube.com/watch?v=U3hBFDRDCg4,周杰倫  退後 無損音樂FLAC 歌詞LYRICS 純享,MusicDelta,UCpVAtVVC24ZuYIRvoxcSvxQ,262,,,,105744,周杰伦 高音质,2026-07-31T14:06:15.904475+00:00
39wM3G_RbYI,https://www.youtube.com/watch?v=39wM3G_RbYI,周杰倫  野生救援 Jay Chou WildAID 宣傳片,Jay Chou 周杰倫 X,UCfv15xP-QxLqNKOccEQ3m2A,121,,,,1913,周杰伦 JVR Music,2026-07-31T14:06:15.904475+00:00
a7RhPTurgos,https://www.youtube.com/watch?v=a7RhPTurgos,"周杰倫 "" 驚嘆號 "" 1 分鐘 MV",NicoleSca13,UCSV1U9PJNhfHynFt7CH-ynA,58,,,,11644,周杰伦 1080P MV,2026-07-31T14:06:15.904475+00:00
v1EaOyHNajA,https://www.youtube.com/watch?v=v1EaOyHNajA,"周杰倫 ""天台""主題曲《哪里都是你》MV/翻拍/完整版",jhankyou,UCadRuEDrJ7ycajsiupLJNCg,271,,,,684552,周杰伦 完整版,2026-07-31T14:06:15.904475+00:00
yY6nnZ3w0oU,https://www.youtube.com/watch?v=yY6nnZ3w0oU,周杰倫 & Hebe『退後』MV (5:02完整版),hallonec,UCCfevSL-0qtWTrUd0I2aj6A,303,,,,122365,周杰伦 完整版,2026-07-31T14:06:15.904475+00:00
rCT0zSWaEZI,https://www.youtube.com/watch?v=rCT0zSWaEZI,周杰倫 & 林俊傑 《稻香》+《Stay With You》,JJ Lin林俊傑,UCd91HSXKhsIv8PIjNrDByHQ,379,,,,6050446,周杰伦 现场 Live,2026-07-31T14:06:15.904475+00:00
kmh9jr_Ehzw,https://www.youtube.com/watch?v=kmh9jr_Ehzw,周杰倫 (Jay Chou) - 心雨 (Rainy Mood) - guitar instrumental by Yuxin (電吉他) [1080P 60fps],Yuxin Zhou (Sean),UCuKTuPJfizJ9z6MlZiD5Irw,675,,,,1249,周杰伦 1080P MV,2026-07-31T14:06:15.904475+00:00
6DVQ6WH_5z4,https://www.youtube.com/watch?v=6DVQ6WH_5z4,周杰倫 - I Do (高音質伴奏),Mark Wang,UCUl2rYTTah-Qjn4Kn6JiNrQ,217,,,,2098,周杰伦 高音质,2026-07-31T14:06:15.904475+00:00
AUjWqJ9w2L0,https://www.youtube.com/watch?v=AUjWqJ9w2L0,周杰倫 - Jay同名專輯 Jay Chou - Jay Full Album 高音质,leviOsa Music,UCabQ5BBCjgLwNyRy7YmkP3Q,2603,,,,1357,周杰伦 高音质,2026-07-31T14:06:15.904475+00:00
5depdA4ZTv4,https://www.youtube.com/watch?v=5depdA4ZTv4,周杰倫 - MineMine (完整版),jc068224,UCO69XojW58Qb6gOM23Gphdw,267,,,,30419,周杰伦 完整版,2026-07-31T14:06:15.904475+00:00
ZbboiNgbKhw,https://www.youtube.com/watch?v=ZbboiNgbKhw,周杰倫 - 一路向北 電結他 完整版 Cover,沅木樂室 Motoki Music Shop,UCbPwXmAQSyyn2HgH5EFDTgQ,301,,,,167614,周杰伦 完整版,2026-07-31T14:06:15.904475+00:00
bORgW9Yq_mQ,https://www.youtube.com/watch?v=bORgW9Yq_mQ,周杰倫 - 七里香 (高音質伴奏),Mark Wang,UCUl2rYTTah-Qjn4Kn6JiNrQ,297,,,,10548,周杰伦 高音质,2026-07-31T14:06:15.904475+00:00
74dC5t0mefs,https://www.youtube.com/watch?v=74dC5t0mefs,周杰倫 - 七里香 Jay Chou - Qi Li Xiang 高音质,leviOsa Music,UCabQ5BBCjgLwNyRy7YmkP3Q,2555,,,,414,周杰伦 高音质,2026-07-31T14:06:15.904475+00:00
GCs176Bj-yU,https://www.youtube.com/watch?v=GCs176Bj-yU,周杰倫 - 不能說的秘密  高音質 EDM原創改編伴奏 女Key B,為妳伴奏 Accompany You,UC8maYHUjJmLydqC2c2mfxNw,298,,,,6301,周杰伦 高音质,2026-07-31T14:06:15.904475+00:00
am0XTEFU_CM,https://www.youtube.com/watch?v=am0XTEFU_CM,周杰倫 - 不能說的秘密 (高音質伴奏),Mark Wang,UCUl2rYTTah-Qjn4Kn6JiNrQ,326,,,,9348,周杰伦 高音质,2026-07-31T14:06:15.904475+00:00
0Cyhd7w3j9I,https://www.youtube.com/watch?v=0Cyhd7w3j9I,周杰倫 - 你好嗎 (完整版),jc068224,UCO69XojW58Qb6gOM23Gphdw,223,,,,25303,周杰伦 完整版,2026-07-31T14:06:15.904475+00:00
gCriYDu2emI,https://www.youtube.com/watch?v=gCriYDu2emI,周杰倫 - 依然范特西 Jay Chou - Still Fantasy 高音质,leviOsa Music,UCabQ5BBCjgLwNyRy7YmkP3Q,2496,,,,610,周杰伦 高音质,2026-07-31T14:06:15.904475+00:00
2rES0-ynYPQ,https://www.youtube.com/watch?v=2rES0-ynYPQ,周杰倫 - 八度空間 Jay Chou - The Eight Dimensions 高音质,leviOsa Music,UCabQ5BBCjgLwNyRy7YmkP3Q,2592,,,,911,周杰伦 高音质,2026-07-31T14:06:15.904475+00:00
Dplmk_eViW4,https://www.youtube.com/watch?v=Dplmk_eViW4,周杰倫 - 公主病 杰迷翻唱自拍MV[Jay Chou's Princess Syndrome cover&fan-made MV byShun Shun(順順)],SeitenTaisei100,UCfqPuMD_6RdBMOJ8jbRmWJQ,199,,,,1049,周杰伦 Sony Music Taiwan,2026-07-31T14:06:15.904475+00:00
494Or242zog,https://www.youtube.com/watch?v=494Or242zog,周杰倫 - 十一月的蕭邦 Jay Chou - November Chopin 高音质,leviOsa Music,UCabQ5BBCjgLwNyRy7YmkP3Q,3122,,,,944,周杰伦 高音质,2026-07-31T14:06:15.904475+00:00
G9UQ63tWIqA,https://www.youtube.com/watch?v=G9UQ63tWIqA,周杰倫 - 告白氣球 歌詞,音樂歌詞MusicLyrics,UC1Yo9QXwVQP8-_cJkaO6Jzg,216,,,,2829577,周杰伦 完整版 | 周杰伦 官方 MV | 周杰伦 歌曲 | 周杰伦 歌词版,2026-07-31T14:06:15.904475+00:00
XjcAA0XJI5A,https://www.youtube.com/watch?v=XjcAA0XJI5A,周杰倫 - 園遊會 (高音質伴奏),Mark Wang,UCUl2rYTTah-Qjn4Kn6JiNrQ,254,,,,13327,周杰伦 高音质,2026-07-31T14:06:15.904475+00:00
qGxNIBoVM9E,https://www.youtube.com/watch?v=qGxNIBoVM9E,周杰倫 - 太陽之子 (高音質伴奏),Mark Wang,UCUl2rYTTah-Qjn4Kn6JiNrQ,298,,,,1750,周杰伦 高音质,2026-07-31T14:06:15.904475+00:00
VT9NlpW-vas,https://www.youtube.com/watch?v=VT9NlpW-vas,周杰倫 - 女兒殿下 (高音質伴奏),Mark Wang,UCUl2rYTTah-Qjn4Kn6JiNrQ,176,,,,848,周杰伦 高音质,2026-07-31T14:06:15.904475+00:00
2BZAPzzHBi8,https://www.youtube.com/watch?v=2BZAPzzHBi8,周杰倫 - 女兒紅   2025 潘業成 高音質  歌詞版,小杰黃,UCzmgLVO2yBvaRa0uQhMKPxw,199,,,,5310,周杰伦 高音质,2026-07-31T14:06:15.904475+00:00
1Yd2T_sY2do,https://www.youtube.com/watch?v=1Yd2T_sY2do,周杰倫 - 安靜  高音質 雙吉他Live Band原創改編 女Key E,為妳伴奏 Accompany You,UC8maYHUjJmLydqC2c2mfxNw,329,,,,833,周杰伦 高音质,2026-07-31T14:06:15.904475+00:00
CLM1eczhcc0,https://www.youtube.com/watch?v=CLM1eczhcc0,周杰倫 - 安靜 (高音質伴奏),Mark Wang,UCUl2rYTTah-Qjn4Kn6JiNrQ,329,,,,6611,周杰伦 高音质,2026-07-31T14:06:15.904475+00:00
dnZh9_XVvxQ,https://www.youtube.com/watch?v=dnZh9_XVvxQ,周杰倫 - 心雨 (高音質伴奏),Mark Wang,UCUl2rYTTah-Qjn4Kn6JiNrQ,270,,,,3506,周杰伦 高音质,2026-07-31T14:06:15.904475+00:00
tQySBOwVbvo,https://www.youtube.com/watch?v=tQySBOwVbvo,周杰倫 - 愛你沒差 完整版  (AI翻唱) 【DinDin】 R&B版本,HonG,UCjgyDWFrPtq9ZSVVM3yF9NA,253,,,,472278,周杰伦 完整版,2026-07-31T14:06:15.904475+00:00
W3E6dsRd9FA,https://www.youtube.com/watch?v=W3E6dsRd9FA,周杰倫 - 愛你沒差【歌詞】,Yuna Jiang 副頻道,UC3QArxgpakNkUv2cZPkxGWQ,278,,,,885211,周杰伦 歌词版,2026-07-31T14:06:15.904475+00:00
X5Gvxc-m3t0,https://www.youtube.com/watch?v=X5Gvxc-m3t0,周杰倫 - 愛在西元前【CHN/ENG/JPN】,1theH,UCn4O9-nrfzAFpwQMeUhexEA,272,,,,1959,周杰伦 1080P MV | 周杰伦 4K MV,2026-07-31T14:06:15.904475+00:00
hx82eWUI2P4,https://www.youtube.com/watch?v=hx82eWUI2P4,周杰倫 - 愛琴海 (高音質伴奏),Mark Wang,UCUl2rYTTah-Qjn4Kn6JiNrQ,194,,,,1165,周杰伦 高音质,2026-07-31T14:06:15.904475+00:00
bZHMuMfFbZ0,https://www.youtube.com/watch?v=bZHMuMfFbZ0,周杰倫 - 愛琴海 伴奏 Karaoke (高音質版),Paul Koo,UCVgPaSVqh_YxZqlyJ9pYlGw,217,,,,31,周杰伦 高音质,2026-07-31T14:06:15.904475+00:00
qbcfOUYIHbE,https://www.youtube.com/watch?v=qbcfOUYIHbE,周杰倫 - 懦夫 (高音質伴奏),Mark Wang,UCUl2rYTTah-Qjn4Kn6JiNrQ,216,,,,2502,周杰伦 高音质,2026-07-31T14:06:15.904475+00:00
RzZe59tbP-s,https://www.youtube.com/watch?v=RzZe59tbP-s,周杰倫 - 我是如此相信  高音質 【電影-天火 主題曲】,暴牙也好聽,UC0kJgjz0m9Q0uIqYmcvMzOA,267,,,,2492,周杰伦 高音质,2026-07-31T14:06:15.904475+00:00
pn5LfPkxOlQ,https://www.youtube.com/watch?v=pn5LfPkxOlQ,周杰倫 - 我落淚•情緒零碎 (高音質伴奏),Mark Wang,UCUl2rYTTah-Qjn4Kn6JiNrQ,259,,,,10363,周杰伦 高音质,2026-07-31T14:06:15.904475+00:00
SlpOpVFd-Ik,https://www.youtube.com/watch?v=SlpOpVFd-Ik,周杰倫 - 擱淺 by 蔡志遠 葉祖廷 [流行音樂 Cover],Magic Siew,UCmMe6qxIcow-6OWmQOMmHZA,213,,,,190,周杰伦 Sony Music Taiwan,2026-07-31T14:06:15.904475+00:00
hSKS8q0Z9yc,https://www.youtube.com/watch?v=hSKS8q0Z9yc,周杰倫 - 斷了的弦【CHN/ENG/JPN】,1theH,UCn4O9-nrfzAFpwQMeUhexEA,344,,,,2723,周杰伦 4K MV | 周杰伦 Official Music Video,2026-07-31T14:06:15.904475+00:00
PYi0ZhxEmhk,https://www.youtube.com/watch?v=PYi0ZhxEmhk,周杰倫 - 晴天 (高音質伴奏),Mark Wang,UCUl2rYTTah-Qjn4Kn6JiNrQ,269,,,,23601,周杰伦 高音质,2026-07-31T14:06:15.904475+00:00
v_Dmbqz9SsU,https://www.youtube.com/watch?v=v_Dmbqz9SsU,周杰倫 - 暗號 (高音質伴奏),Mark Wang,UCUl2rYTTah-Qjn4Kn6JiNrQ,268,,,,10491,周杰伦 高音质,2026-07-31T14:06:15.904475+00:00
6HqtkCHAFVU,https://www.youtube.com/watch?v=6HqtkCHAFVU,周杰倫 - 淘汰 (Live at Singapore National Stadium 10 Jan 2020),Moon Shaped Bear,UCn3rzu4w4Zalue1MUiJs1-A,78,,,,422,周杰伦 现场 Live,2026-07-31T14:06:15.904475+00:00
Q5Abvd38IR0,https://www.youtube.com/watch?v=Q5Abvd38IR0,周杰倫 - 珊瑚海 (高音質伴奏),Mark Wang,UCUl2rYTTah-Qjn4Kn6JiNrQ,255,,,,5698,周杰伦 高音质,2026-07-31T14:06:15.904475+00:00
P439PNcsSoc,https://www.youtube.com/watch?v=P439PNcsSoc,周杰倫 - 白色風車 (高音質伴奏),Mark Wang,UCUl2rYTTah-Qjn4Kn6JiNrQ,283,,,,4565,周杰伦 高音质,2026-07-31T14:06:15.904475+00:00
INpZm-hZtfE,https://www.youtube.com/watch?v=INpZm-hZtfE,周杰倫 - 紅顏如霜（高音質純享版）方文山和周董的神仙搭配誰能不愛『誰在彼岸天涯一方』【動態歌詞Lyrics】,華語歌曲,UCg3RlgKs32XrkAWadzeOlLQ,265,,,,1631,周杰伦 高音质,2026-07-31T14:06:15.904475+00:00
yytYWiOJTqM,https://www.youtube.com/watch?v=yytYWiOJTqM,周杰倫 - 給我一首歌的時間 (高音質伴奏),Mark Wang,UCUl2rYTTah-Qjn4Kn6JiNrQ,249,,,,6903,周杰伦 高音质,2026-07-31T14:06:15.904475+00:00
aBIKH_bUChY,https://www.youtube.com/watch?v=aBIKH_bUChY,周杰倫 - 聖徒 (高音質伴奏),Mark Wang,UCUl2rYTTah-Qjn4Kn6JiNrQ,176,,,,432,周杰伦 高音质,2026-07-31T14:06:15.904475+00:00
Ct60c3E3aCg,https://www.youtube.com/watch?v=Ct60c3E3aCg,周杰倫 - 聽媽媽的話 (高音質伴奏),Mark Wang,UCUl2rYTTah-Qjn4Kn6JiNrQ,266,,,,54905,周杰伦 高音质,2026-07-31T14:06:15.904475+00:00
Xo1RPOrOvK4,https://www.youtube.com/watch?v=Xo1RPOrOvK4,周杰倫 - 英雄（2017英雄聯盟世界大賽 混音版）Jay Chou - Hero (Worlds Remix) | Worlds 2017 - League of Legends,周杰倫 Jay Chou,UC8CU5nVhCQIdAGrFFp4loOQ,215,,,,814051,周杰伦 完整版,2026-07-31T14:06:15.904475+00:00
chSINNdwDOc,https://www.youtube.com/watch?v=chSINNdwDOc,周杰倫 - 范特西 Jay Chou - Fantasy 高音质,leviOsa Music,UCabQ5BBCjgLwNyRy7YmkP3Q,2378,,,,2143,周杰伦 高音质,2026-07-31T14:06:15.904475+00:00
npH0aELp9Ns,https://www.youtube.com/watch?v=npH0aELp9Ns,周杰倫 - 葉惠美 Jay Chou - Yie Hui Mei 高音质,leviOsa Music,UCabQ5BBCjgLwNyRy7YmkP3Q,2888,,,,849,周杰伦 高音质,2026-07-31T14:06:15.904475+00:00
mXVMb1mLlzU,https://www.youtube.com/watch?v=mXVMb1mLlzU,周杰倫 - 蒲公英的約定【8D立體環繞Live高音質版】聽過就回不去了！(請配戴耳機效果佳),JOY (8D Audio Lab),UCvdPjnRMh5OA2K6JdKC-qjQ,246,,,,2,周杰伦 高音质,2026-07-31T14:06:15.904475+00:00
yofXvHPusJM,https://www.youtube.com/watch?v=yofXvHPusJM,周杰倫 - 蘭亭序 (高音質伴奏),Mark Wang,UCUl2rYTTah-Qjn4Kn6JiNrQ,254,,,,61203,周杰伦 高音质,2026-07-31T14:06:15.904475+00:00
Dc94vASje5E,https://www.youtube.com/watch?v=Dc94vASje5E,周杰倫 - 說了再見 R&B完整版  『DinDin』 AI翻唱     【我假裝過去不重要，卻發現自己辦不到】,HonG,UCjgyDWFrPtq9ZSVVM3yF9NA,246,,,,1789273,周杰伦 完整版 | 周杰伦 歌曲 | 周杰伦 歌词版,2026-07-31T14:06:15.904475+00:00
qfcTXc4L9O0,https://www.youtube.com/watch?v=qfcTXc4L9O0,周杰倫 - 說好不哭 (高音質伴奏),Mark Wang,UCUl2rYTTah-Qjn4Kn6JiNrQ,221,,,,2199,周杰伦 高音质,2026-07-31T14:06:15.904475+00:00
hzPQv7IPMUw,https://www.youtube.com/watch?v=hzPQv7IPMUw,周杰倫 - 說好不哭feat. (五月天阿信) | 高音質 / 動態歌詞版,CFM Channel,UCol9cEDoZ7df0yWUs3GIA7g,241,,,,310,周杰伦 高音质,2026-07-31T14:06:15.904475+00:00
YBHv4HGYZfU,https://www.youtube.com/watch?v=YBHv4HGYZfU,周杰倫 - 超跑女神 (完整版),jc068224,UCO69XojW58Qb6gOM23Gphdw,156,,,,132781,周杰伦 完整版,2026-07-31T14:06:15.904475+00:00
Mw0v7NKLsTU,https://www.youtube.com/watch?v=Mw0v7NKLsTU,周杰倫 - 迷魂曲 (完整版),jc068224,UCO69XojW58Qb6gOM23Gphdw,230,,,,23183,周杰伦 完整版,2026-07-31T14:06:15.904475+00:00
BFhWNavXo1g,https://www.youtube.com/watch?v=BFhWNavXo1g,周杰倫 - 那天下雨了 (高音質伴奏),Mark Wang,UCUl2rYTTah-Qjn4Kn6JiNrQ,221,,,,2359,周杰伦 高音质,2026-07-31T14:06:15.904475+00:00
43y7BldkwE8,https://www.youtube.com/watch?v=43y7BldkwE8,周杰倫 - 鄉間的路 (高音質伴奏),Mark Wang,UCUl2rYTTah-Qjn4Kn6JiNrQ,176,,,,483,周杰伦 高音质,2026-07-31T14:06:15.904475+00:00
o4XPYI98NJM,https://www.youtube.com/watch?v=o4XPYI98NJM,周杰倫 - 錯過的煙火（高音質純享版）就是這個味道！逝去的青春突然攻擊我『我還在漂泊 你是錯過的煙火』,華語歌曲,UCg3RlgKs32XrkAWadzeOlLQ,267,,,,566,周杰伦 高音质,2026-07-31T14:06:15.904475+00:00
A8BXSQ_DOCU,https://www.youtube.com/watch?v=A8BXSQ_DOCU,周杰倫 - 開不了口 HD (超好聽現場版),love137v,UCdtSvXI1WyQ39vSD0PYnq4Q,398,,,,6340470,周杰伦 演唱会 | 周杰伦 现场 Live | 周杰伦 高音质,2026-07-31T14:06:15.904475+00:00
Ngfd8gDoAck,https://www.youtube.com/watch?v=Ngfd8gDoAck,周杰倫 - 陽光宅男 杰迷翻唱自拍MV[Jay Chou's Sunny Otaku fan-made MV by Shun Shun(順順) ],SeitenTaisei100,UCfqPuMD_6RdBMOJ8jbRmWJQ,221,,,,432,周杰伦 Sony Music Taiwan,2026-07-31T14:06:15.904475+00:00
uoj0oHxr_90,https://www.youtube.com/watch?v=uoj0oHxr_90,周杰倫 - 雙截棍 (高音質伴奏),Mark Wang,UCUl2rYTTah-Qjn4Kn6JiNrQ,203,,,,4974,周杰伦 高音质,2026-07-31T14:06:15.904475+00:00
QlbWwWCcgoc,https://www.youtube.com/watch?v=QlbWwWCcgoc,周杰倫 - 霍元甲 Jay Chou - Fearless 高音质,leviOsa Music,UCabQ5BBCjgLwNyRy7YmkP3Q,553,,,,644,周杰伦 高音质,2026-07-31T14:06:15.904475+00:00
jQ-5HhVQtWg,https://www.youtube.com/watch?v=jQ-5HhVQtWg,周杰倫 - 飄移 (高音質伴奏),Mark Wang,UCUl2rYTTah-Qjn4Kn6JiNrQ,212,,,,23348,周杰伦 高音质,2026-07-31T14:06:15.904475+00:00
XFmT0T5joTo,https://www.youtube.com/watch?v=XFmT0T5joTo,周杰倫 - 髮如雪 (高音質伴奏),Mark Wang,UCUl2rYTTah-Qjn4Kn6JiNrQ,297,,,,15064,周杰伦 高音质,2026-07-31T14:06:15.904475+00:00
ujy0GKYq_NE,https://www.youtube.com/watch?v=ujy0GKYq_NE,周杰倫 - 龍捲風 (高音質伴奏),Mark Wang,UCUl2rYTTah-Qjn4Kn6JiNrQ,251,,,,20189,周杰伦 高音质,2026-07-31T14:06:15.904475+00:00
v3rkDVezB9k,https://www.youtube.com/watch?v=v3rkDVezB9k,周杰倫 -說了再見 （歌词/ lyric),Music Equal Life 🎧 ,UCuNDVLAQB5AgZFxc4d7VaeQ,281,,,,284888,周杰伦 lyric video,2026-07-31T14:06:15.904475+00:00
luCQFIxWC80,https://www.youtube.com/watch?v=luCQFIxWC80,周杰倫 2000年同名專輯Jay Chou全收錄 (無廣告),funmusic放音樂,UCXjOGhTrhwKxBZoPfU2h-tQ,2621,,,,3712,周杰伦 Sony Music Taiwan,2026-07-31T14:06:15.904475+00:00
cvAwowOPpQ0,https://www.youtube.com/watch?v=cvAwowOPpQ0,周杰倫 2003【暗號】Live 4K60FPS,Jay Pop,UCHyUYzodGRNPcIPpwacr0lA,259,,,,102311,周杰伦 现场 Live,2026-07-31T14:06:15.904475+00:00
Dy4H2j0GD5o,https://www.youtube.com/watch?v=Dy4H2j0GD5o,周杰倫 2004【七里香】Live 4K60FPS,Jay Pop,UCHyUYzodGRNPcIPpwacr0lA,251,,,,89273,周杰伦 现场 Live,2026-07-31T14:06:15.904475+00:00
5uNrkYpqQB4,https://www.youtube.com/watch?v=5uNrkYpqQB4,周杰倫 2005【擱淺】Live 4K60FPS,Jay Pop,UCHyUYzodGRNPcIPpwacr0lA,236,,,,306793,周杰伦 演唱会,2026-07-31T14:06:15.904475+00:00
w7AeMFl-w18,https://www.youtube.com/watch?v=w7AeMFl-w18,周杰倫 2005生涯最強【髮如雪】Live修復版,Jay Pop,UCHyUYzodGRNPcIPpwacr0lA,334,,,,438385,周杰伦 现场 Live,2026-07-31T14:06:15.904475+00:00
33wmh8aP064,https://www.youtube.com/watch?v=33wmh8aP064,周杰倫 2006 浪漫手機 Live,Jay Pop,UCHyUYzodGRNPcIPpwacr0lA,220,,,,74082,周杰伦 现场 Live,2026-07-31T14:06:15.904475+00:00
DjXUKkTnrps,https://www.youtube.com/watch?v=DjXUKkTnrps,周杰倫 2006華語金曲榜《髮如雪》LIVE,Jay Love,UC2IZ-blOKyN8mX7y35P-klw,289,,,,7401,周杰伦 现场 Live,2026-07-31T14:06:15.904475+00:00
s2bXpRZoDIY,https://www.youtube.com/watch?v=s2bXpRZoDIY,周杰倫 2010 超時代演唱會 - 16/9 說了再見,Shadow Lau,UCj_4ij6sX5KGlDZq1JwDBUw,235,,,,300493,周杰伦 演唱会 | 周杰伦 现场 Live,2026-07-31T14:06:15.904475+00:00
dFWu44dWV6c,https://www.youtube.com/watch?v=dFWu44dWV6c,周杰倫 2010 超時代演唱會 - 給我一首歌的時間、可愛女人,Shadow Lau,UCj_4ij6sX5KGlDZq1JwDBUw,531,,,,208083,周杰伦 现场 Live,2026-07-31T14:06:15.904475+00:00
g2PtcLAsgbM,https://www.youtube.com/watch?v=g2PtcLAsgbM,周杰倫 2019年2月9日拉斯維加斯 地表最強2：一氣呵成完整版...  Jay Chou Vegas 2019 Complete,Birkin Bao,UCsFtnWZapCKvUyS03RGcd8Q,8419,,,,156344,周杰伦 完整版,2026-07-31T14:06:15.904475+00:00
P-8XRHHEups,https://www.youtube.com/watch?v=P-8XRHHEups,周杰倫 2026 JAY CHOU《太陽之子 Children of the Sun》新專輯 #mandopop #jaychou  #ChildrenOfTheSun #周杰倫,skr playlist,UC0p25Ik89cpT50qfeoeaTrw,2918,,,,98239,周杰伦 JVR Music | 周杰伦 专辑,2026-07-31T14:06:15.904475+00:00
ic9VJPTUvDY,https://www.youtube.com/watch?v=ic9VJPTUvDY,周杰倫 [串烧歌曲28分鐘25首用心剪接],哈啾音樂,UCgY2eCyZNVhhMoK12bkAsmA,1678,,,,250605,周杰伦 歌曲,2026-07-31T14:06:15.904475+00:00
-T2K7h2Gl2M,https://www.youtube.com/watch?v=-T2K7h2Gl2M,周杰倫 [最偉大的作品]  7月8日開始預購,周杰倫 Jay Chou,UC8CU5nVhCQIdAGrFFp4loOQ,21,,,,1148249,Jay Chou Official MV | 周杰伦 Official Music Video | 周杰伦 lyric video | 周杰伦 官方 MV | 周杰伦 歌曲 | 周杰伦 歌词版 | 周杰伦 高音质,2026-07-31T14:06:15.904475+00:00
xmI7xxo_CvU,https://www.youtube.com/watch?v=xmI7xxo_CvU,周杰倫 [珍藏雙黑膠] 7月29日開放預購,周杰倫 Jay Chou,UC8CU5nVhCQIdAGrFFp4loOQ,30,,,,120005,周杰伦 歌曲 | 周杰伦 现场 Live | 周杰伦 高音质,2026-07-31T14:06:15.904475+00:00
F6c1Rza0800,https://www.youtube.com/watch?v=F6c1Rza0800,周杰倫 _龍拳【2002 The One 演唱會】,ienrtneut66767,UCkbXNGR4IfPc0i97oOuviSA,362,,,,34739,周杰伦 现场 Live,2026-07-31T14:06:15.904475+00:00
C7hFF16kF-U,https://www.youtube.com/watch?v=C7hFF16kF-U,周杰倫 Jay Chon 《蝸牛》Official mv,Yappy Wong,UC5Z9oSlv1sh_bLHM6MDFiqA,175,,,,3679,周杰伦 1080P MV,2026-07-31T14:06:15.904475+00:00
EHtmAYZJ1bQ,https://www.youtube.com/watch?v=EHtmAYZJ1bQ,周杰倫 Jay Chou  『太陽之子』children of the sun 新專輯 13首歌曲 /完整版/附歌词字幕,abbw8776,UCDzWHG-J3Yiyc_v_GhTfxqw,2910,,,,71031,周杰伦 专辑 | 周杰伦 完整版 | 周杰伦 官方 MV | 周杰伦 歌曲 | 周杰伦 歌词版,2026-07-31T14:06:15.904475+00:00
4dIiSXT8oYk,https://www.youtube.com/watch?v=4dIiSXT8oYk,周杰倫 JAY CHOU & 五月天 MAYDAY【稻香 搖滾版】,周杰倫 Jay Chou,UC8CU5nVhCQIdAGrFFp4loOQ,153,,,,2829023,Jay Chou Official MV | 周杰伦 JVR Music | 周杰伦 Official Music Video | 周杰伦 lyric video | 周杰伦 完整版 | 周杰伦 官方 MV | 周杰伦 杰威尔音乐 | 周杰伦 歌曲 | 周杰伦 歌词版 | 周杰伦 演唱会 | 周杰伦 现场 Live,2026-07-31T14:06:15.904475+00:00
AeILuCanOzQ,https://www.youtube.com/watch?v=AeILuCanOzQ,周杰倫 Jay Chou (feat. 林書豪Jeremy Lin)【土耳其冰淇淋 Tu Er Qi Ice Cream】MV花絮 Making of,周杰倫 Jay Chou,UC8CU5nVhCQIdAGrFFp4loOQ,227,,,,428877,Jay Chou Official MV | 周杰伦 1080P MV | 周杰伦 4K MV | 周杰伦 Official Music Video | 周杰伦 lyric video | 周杰伦 官方 MV | 周杰伦 歌曲,2026-07-31T14:06:15.904475+00:00
kOriLqPD7PI,https://www.youtube.com/watch?v=kOriLqPD7PI,周杰倫 Jay Chou (feat. 林書豪Jeremy Lin)【土耳其冰淇淋 Tu Er Qi Ice Cream】Official MV,周杰倫 Jay Chou,UC8CU5nVhCQIdAGrFFp4loOQ,196,,,,7288852,Jay Chou Official MV | 周杰伦 JVR Music | 周杰伦 Official Music Video | 周杰伦 lyric video,2026-07-31T14:06:15.904475+00:00
H_w_7pqbezk,https://www.youtube.com/watch?v=H_w_7pqbezk,周杰倫 Jay Chou (feat. 楊瑞代) 【聖誕星 Christmas Star】- Lyric Video,杰威爾歌詞MV頻道JVR Lyric MV,UCsMWXIFViw8KxCl1i7X8deA,179,,,,36314,周杰伦 JVR Music,2026-07-31T14:06:15.904475+00:00
IXuhdnB2dAY,https://www.youtube.com/watch?v=IXuhdnB2dAY,周杰倫 JAY CHOU (feat. 楊瑞代) 【聖誕星 Christmas Star】Official MV,周杰倫 Jay Chou,UC8CU5nVhCQIdAGrFFp4loOQ,183,,,,8824036,Jay Chou Official MV | 周杰伦 JVR Music | 周杰伦 Official Music Video | 周杰伦 lyric video | 周杰伦 专辑 | 周杰伦 官方 MV | 周杰伦 歌曲 | 周杰伦 演唱会,2026-07-31T14:06:15.904475+00:00
ogGF7VkIVe0,https://www.youtube.com/watch?v=ogGF7VkIVe0,周杰倫 JAY CHOU (feat. 楊瑞代) 【聖誕星 Christmas Star】Official MV [4K],杰威爾歌詞MV頻道JVR Lyric MV,UCsMWXIFViw8KxCl1i7X8deA,183,,,,12809,周杰伦 4K MV,2026-07-31T14:06:15.904475+00:00
bu7nU9Mhpyo,https://www.youtube.com/watch?v=bu7nU9Mhpyo,周杰倫 Jay Chou (特別演出: 派偉俊)【告白氣球 Love Confession】Official MV,周杰倫 Jay Chou,UC8CU5nVhCQIdAGrFFp4loOQ,216,,,,280582731,Jay Chou Official MV | 周杰伦 JVR Music | 周杰伦 Official Music Video | 周杰伦 lyric video | 周杰伦 专辑 | 周杰伦 完整版 | 周杰伦 杰威尔音乐 | 周杰伦 歌曲 | 周杰伦 演唱会 | 周杰伦 现场 Live | 周杰伦 高音质,2026-07-31T14:06:15.904475+00:00
-YtfCq1uWok,https://www.youtube.com/watch?v=-YtfCq1uWok,周杰倫 Jay Chou - Now you see me (出神入化2主題曲 Now you see me 2 theme song) 完整版 full version,Jay Chou Malaysia周杰倫 馬來西亞,UCag05qhQ11Gnuk7vnACzUxQ,176,,,,129243,周杰伦 完整版,2026-07-31T14:06:15.904475+00:00
sTumFW3av5A,https://www.youtube.com/watch?v=sTumFW3av5A,周杰倫 Jay Chou - 一路向北 All The Way North (Cover Version) [Vocal By JayGee] 🎤✨ #jaygee #JJLM,Jay & Jo Loves Music,UCsOO4rle-bKDbxNWkUpKmSA,276,,,,107,周杰伦 JVR Music,2026-07-31T14:06:15.904475+00:00
ZGozyFjV2RM,https://www.youtube.com/watch?v=ZGozyFjV2RM,周杰倫 Jay Chou - 七里香 (周杰倫2004無與倫比演唱會) HD,Y.C.L,UCG980m4qOLgrbsgebkPRXQQ,299,,,,176596,周杰伦 演唱会,2026-07-31T14:06:15.904475+00:00
W0pxvu_87nw,https://www.youtube.com/watch?v=W0pxvu_87nw,周杰倫 Jay Chou - 她的睫毛 Her Eyelashes 【創作MV】,每天音乐music [ Daily Music ],UCX04WZYt10ApWN57qfSv7dg,230,,,,4109,周杰伦 4K MV,2026-07-31T14:06:15.904475+00:00
NG2Dmm2nAcY,https://www.youtube.com/watch?v=NG2Dmm2nAcY,周杰倫 Jay Chou - 明明就 Ming Ming Jiu (完整版) 十二新作 钢琴版 Piano Version,betaunknown,UCk7-8_GcHmDAGyKUHM_2nWA,226,,,,8071,周杰伦 完整版,2026-07-31T14:06:15.904475+00:00
5KcxXUQVbgU,https://www.youtube.com/watch?v=5KcxXUQVbgU,周杰倫 Jay Chou - 算什麼男人  [Piano Cover by Hugo Wong],Yudan730 魚蛋村鋼琴頻道,UCSwXQEe1RO4pdURFpYw--cg,286,,,,197683,周杰伦 Sony Music Taiwan,2026-07-31T14:06:15.904475+00:00
MyDypLL-hpY,https://www.youtube.com/watch?v=MyDypLL-hpY,周杰倫 Jay Chou - 花海｜周杰倫嘉年華世界巡迴演唱會2025 (香港站)｜20250628,BeautySally1031,UCUyum4DFcZDSQNDCbPV0U0g,258,,,,5585,周杰伦 演唱会,2026-07-31T14:06:15.904475+00:00
XQum6KeVKiE,https://www.youtube.com/watch?v=XQum6KeVKiE,"周杰倫 Jay Chou - 英雄 ""League of Legends"" 主題曲（ 高音質 ）",Tango Tang,UCq2EBeCnsETliQwO5rUyzBQ,201,,,,76436,周杰伦 高音质,2026-07-31T14:06:15.904475+00:00
CL3x6yuF4zI,https://www.youtube.com/watch?v=CL3x6yuF4zI,周杰倫 Jay Chou - 蝸牛 Wo Niu (Snail) Lyrics/Pinyin/English translation,Anita,UCIa76TpM0JgAQ4tn-4rDWGw,193,,,,37935,周杰伦 Sony Music Taiwan,2026-07-31T14:06:15.904475+00:00
V5mdzIMyPac,https://www.youtube.com/watch?v=V5mdzIMyPac,周杰倫 Jay Chou - 雙刀 電影版 Double Blade Movie ver. MV,Secret1943,UCKIPu6lZYfb4xfX_wmYfziw,833,,,,15288,周杰伦 1080P MV,2026-07-31T14:06:15.904475+00:00
lk2q-lXVluI,https://www.youtube.com/watch?v=lk2q-lXVluI,周杰倫 Jay Chou - 龍捲風 / 安靜｜周杰倫嘉年華世界巡迴演唱會2025 (香港站)｜20250628,BeautySally1031,UCUyum4DFcZDSQNDCbPV0U0g,269,,,,9775,周杰伦 演唱会,2026-07-31T14:06:15.904475+00:00
BUSH9MqseDA,https://www.youtube.com/watch?v=BUSH9MqseDA,周杰倫 Jay Chou -【蒲公英的約定】  鋼琴版【Piano Cover】｜電影《 不能說的秘密》｜Piano Tutorial/鋼琴譜/Synthesia,山姆丘 SamChiu piano,UCkZYlPBKN0mh1F1MoftY98g,254,,,,84,周杰伦 歌词版,2026-07-31T14:06:15.904475+00:00
Lszgq12D9Wk,https://www.youtube.com/watch?v=Lszgq12D9Wk,周杰倫 Jay Chou -美人魚 完整字幕歌詞版,晴朗男子,UCTPIfwkhyHYsb9WnFbprL2Q,221,,,,593372,周杰伦 官方 MV,2026-07-31T14:06:15.904475+00:00
AdkU3sgsZLM,https://www.youtube.com/watch?v=AdkU3sgsZLM,周杰倫 Jay Chou / 聽媽媽的話【歌詞】,HISMUSICS,UCNjmu0sCgPqyK8GnsFfPKFw,267,,,,1932637,周杰伦 歌词版,2026-07-31T14:06:15.904475+00:00
DhGq13c7IRg,https://www.youtube.com/watch?v=DhGq13c7IRg,周杰倫 JAY CHOU 2026 新專輯《太陽之子 Children of the Sun》全13首,平行世界華語音樂館,UCwvlCPOMumLPyDC8LUd7O1A,2918,,,,19170,周杰伦 专辑,2026-07-31T14:06:15.904475+00:00
Pd2q6fjbyjc,https://www.youtube.com/watch?v=Pd2q6fjbyjc,周杰倫 Jay Chou 86 BPM 【將軍 General】器乐版HOOK HQ [UltraWide 4K ᵁᴴᴰ],Def Makaveli,UCVU8IiL9syxbDxCKVql0TFA,183,,,,1004,周杰伦 Sony Music Taiwan,2026-07-31T14:06:15.904475+00:00
wFM3915NfPo,https://www.youtube.com/watch?v=wFM3915NfPo,周杰倫 Jay Chou [千里之外電影版 Far Away ] -Official Movie Version,周杰倫 Jay Chou,UC8CU5nVhCQIdAGrFFp4loOQ,421,,,,552901,Jay Chou Official MV | 周杰伦 1080P MV | 周杰伦 4K MV | 周杰伦 Official Music Video,2026-07-31T14:06:15.904475+00:00
U0pHzLMPimE,https://www.youtube.com/watch?v=U0pHzLMPimE,周杰倫 JAY CHOU ft  JABBAWOCKEEZ【紅顏如霜 Cold Hearted】Official MV,Hanging With CJ,UC6eIk4KNTwesJ32yTFFJdag,411,,,,6786,Jay Chou Official MV | 周杰伦 JVR Music,2026-07-31T14:06:15.904475+00:00
APgx1k-2Tqc,https://www.youtube.com/watch?v=APgx1k-2Tqc,周杰倫 JAY CHOU ft. JABBAWOCKEEZ【紅顏如霜 Cold Hearted】Official MV,周杰倫 Jay Chou,UC8CU5nVhCQIdAGrFFp4loOQ,258,,,,22716018,Jay Chou Official MV | 周杰伦 4K MV | 周杰伦 JVR Music | 周杰伦 Official Music Video | 周杰伦 lyric video | 周杰伦 专辑 | 周杰伦 官方 MV | 周杰伦 歌曲 | 周杰伦 歌词版 | 周杰伦 现场 Live | 周杰伦 高音质,2026-07-31T14:06:15.904475+00:00
VXKkLId1aSo,https://www.youtube.com/watch?v=VXKkLId1aSo,周杰倫 JAY CHOU Non Stop Mix Songs 不停混合歌曲 40 Mins,Music2Chimes,UCBzwG9ewwATb-zi1-CO-wYA,2627,,,,1268148,周杰伦 JVR Music | 周杰伦 歌曲,2026-07-31T14:06:15.904475+00:00
ygSThDwGBpI,https://www.youtube.com/watch?v=ygSThDwGBpI,周杰倫 Jay Chou X 林俊杰 JJ Lin《修煉愛情》&《最長的電影》,Luv J,UC0mU5p1vRu7VSPW3zFrbvrw,180,,,,65559,周杰伦 现场 Live,2026-07-31T14:06:15.904475+00:00
sDmrl27KbYw,https://www.youtube.com/watch?v=sDmrl27KbYw,周杰倫 Jay Chou | YouTube Shorts,周杰倫 Jay Chou,UC8CU5nVhCQIdAGrFFp4loOQ,34,,,,233173,Jay Chou Official MV | 周杰伦 Official Music Video | 周杰伦 lyric video | 周杰伦 官方 MV | 周杰伦 歌曲,2026-07-31T14:06:15.904475+00:00
M6GZStjtF1I,https://www.youtube.com/watch?v=M6GZStjtF1I,周杰倫 Jay Chou – 愛我別走 MV,ChineseMusicBackupVEVO,UCUnGiSLQO0-YRcmB5afLg0g,236,,,,134,周杰伦 Sony Music Taiwan,2026-07-31T14:06:15.904475+00:00
dnuAQPITUqQ,https://www.youtube.com/watch?v=dnuAQPITUqQ,周杰倫 Jay Chou – 瓦解 MV,ChineseMusicBackupVEVO,UCUnGiSLQO0-YRcmB5afLg0g,219,,,,1109,周杰伦 Sony Music Taiwan,2026-07-31T14:06:15.904475+00:00
56_HO3j1FiY,https://www.youtube.com/watch?v=56_HO3j1FiY,周杰倫 Jay Chou – 說好不哭鋼琴抒情版 【完整版】Won’t Cry Piano Cover,Music Today Malaysia,UCwwXtvK8Ww62Nq37sVdH_Qw,235,,,,18634,周杰伦 完整版,2026-07-31T14:06:15.904475+00:00
oV2lghiIhG0,https://www.youtube.com/watch?v=oV2lghiIhG0,周杰倫 Jay Chou 《夜曲》 高音質伴奏,小丽,UC1Cg1Qyd1iudPzh7769nUMQ,230,,,,112509,周杰伦 高音质,2026-07-31T14:06:15.904475+00:00
z0rfScSb9YQ,https://www.youtube.com/watch?v=z0rfScSb9YQ,周杰倫 Jay Chou 《太陽之子》 全專輯 歌詞版 Covered,祺士 LikKee,UCIfpEa73WdbyFX79fc9qNFA,2918,,,,19400,周杰伦 JVR Music | 周杰伦 歌词版,2026-07-31T14:06:15.904475+00:00
gesP7Qj66s4,https://www.youtube.com/watch?v=gesP7Qj66s4,周杰倫 Jay Chou 《粉色海洋》 高音質伴奏 (伴唱),小丽,UC1Cg1Qyd1iudPzh7769nUMQ,186,,,,7592,周杰伦 高音质,2026-07-31T14:06:15.904475+00:00
vRCt169KYOs,https://www.youtube.com/watch?v=vRCt169KYOs,周杰倫 Jay Chou 《還在流浪》 高音質伴奏 (伴唱),小丽,UC1Cg1Qyd1iudPzh7769nUMQ,266,,,,14707,周杰伦 高音质,2026-07-31T14:06:15.904475+00:00
U6z6Mtkj6DQ,https://www.youtube.com/watch?v=U6z6Mtkj6DQ,周杰倫 Jay Chou 《錯過的煙火》 高音質伴奏 (伴唱),小丽,UC1Cg1Qyd1iudPzh7769nUMQ,258,,,,10203,周杰伦 高音质,2026-07-31T14:06:15.904475+00:00
I9z5QUkfp5A,https://www.youtube.com/watch?v=I9z5QUkfp5A,周杰倫 Jay Chou 【Now You See Me】(中文完整版),Jay Chou IFC,UCFKC0qE0j_chgkObdCVvlaw,147,,,,7827,周杰伦 完整版,2026-07-31T14:06:15.904475+00:00
LbUKhXO2oCs,https://www.youtube.com/watch?v=LbUKhXO2oCs,周杰倫 Jay Chou 【Now You See Me】Official MV (120s),周杰倫 Jay Chou,UC8CU5nVhCQIdAGrFFp4loOQ,125,,,,7635017,Jay Chou Official MV | 周杰伦 Official Music Video | 周杰伦 lyric video | 周杰伦 完整版 | 周杰伦 官方 MV | 周杰伦 歌词版,2026-07-31T14:06:15.904475+00:00
Xd45o6INVrk,https://www.youtube.com/watch?v=Xd45o6INVrk,周杰倫 Jay Chou 【琴傷 Piano of Sorrow】[ Chinese / Pinyin / English ] Lyric Video,杰威爾歌詞MV頻道JVR Lyric MV,UCsMWXIFViw8KxCl1i7X8deA,195,,,,78661,周杰伦 JVR Music | 周杰伦 杰威尔音乐,2026-07-31T14:06:15.904475+00:00
onHh9017fYk,https://www.youtube.com/watch?v=onHh9017fYk,周杰倫 Jay Chou 【甜甜的 Sweet】-自創Music Video 朝陽科技大學 傳播藝術系,YUAN ZZ,UCK9VMzId00H8DCliKxcs-tg,264,,,,780,Jay Chou Official MV,2026-07-31T14:06:15.904475+00:00
5aGRw0_gSxY,https://www.youtube.com/watch?v=5aGRw0_gSxY,周杰倫 Jay Chou 【等你下課 Waiting For You】最強真人版MV Cover 翻拍,邊緣人影像事務所The Edge Film Studio,UCW3gWILOD61G3bangCjVMyg,277,,,,4082986,周杰伦 现场 Live,2026-07-31T14:06:15.904475+00:00
T4qPsRLjGCY,https://www.youtube.com/watch?v=T4qPsRLjGCY,周杰倫 Jay Chou 【雙刀 Double Blade】-Official Music Video,周杰倫 Jay Chou,UC8CU5nVhCQIdAGrFFp4loOQ,372,,,,1412458,Jay Chou Official MV | 周杰伦 1080P MV | 周杰伦 Official Music Video | 周杰伦 lyric video | 周杰伦 完整版 | 周杰伦 官方 MV | 周杰伦 歌曲 | 周杰伦 歌词版,2026-07-31T14:06:15.904475+00:00
BqvVfcvHS64,https://www.youtube.com/watch?v=BqvVfcvHS64,周杰倫 Jay Chou 〔浪漫手機〕絕對高音質-（妳微笑瀏覽～手機裡的浪漫-(動態歌詞版Lyrics)~經典情歌-,絕對好音樂 Good Music,UCzbTufqR1H5eQJpa5H0byPw,240,,,,1784,周杰伦 高音质,2026-07-31T14:06:15.904475+00:00
8OlcpyiXhyk,https://www.youtube.com/watch?v=8OlcpyiXhyk,周杰倫 Jay Chou 倒影 Reflection [ lyric video ],杰威爾歌詞MV頻道JVR Lyric MV,UCsMWXIFViw8KxCl1i7X8deA,250,,,,197047,周杰伦 lyric video,2026-07-31T14:06:15.904475+00:00
M7986vfxL9g,https://www.youtube.com/watch?v=M7986vfxL9g,周杰倫 Jay Chou 告白氣球 Love Confession [ Lyrics Video ],杰威爾歌詞MV頻道JVR Lyric MV,UCsMWXIFViw8KxCl1i7X8deA,230,,,,17181,周杰伦 4K MV,2026-07-31T14:06:15.904475+00:00
63J9aFJW41w,https://www.youtube.com/watch?v=63J9aFJW41w,周杰倫 Jay Chou 擱淺  2005 LIVE HD1080P,JunhuiTV,UCSIey94sSfaHB-vPWqfhLzA,236,,,,99786,周杰伦 现场 Live,2026-07-31T14:06:15.904475+00:00
8ki4clpoZF8,https://www.youtube.com/watch?v=8ki4clpoZF8,周杰倫 Jay Chou 最偉大的作品 Greatest Works of Art [ lyric video ],杰威爾歌詞MV頻道JVR Lyric MV,UCsMWXIFViw8KxCl1i7X8deA,249,,,,194037,周杰伦 lyric video,2026-07-31T14:06:15.904475+00:00
l1HwzNmckeQ,https://www.youtube.com/watch?v=l1HwzNmckeQ,周杰倫 Jay Chou 最偉大的作品 KTV版,Kilun,UCVB2mC4FyicvsjfQJLbyuxw,307,,,,965,周杰伦 1080P MV,2026-07-31T14:06:15.904475+00:00
NQzb6CnUBPs,https://www.youtube.com/watch?v=NQzb6CnUBPs,周杰倫 Jay Chou 楓 Maple Leaf  [ lyric video ],杰威爾歌詞MV頻道JVR Lyric MV,UCsMWXIFViw8KxCl1i7X8deA,286,,,,1358165,周杰伦 4K MV | 周杰伦 lyric video,2026-07-31T14:06:15.904475+00:00
Qlx6Duq0Of8,https://www.youtube.com/watch?v=Qlx6Duq0Of8,周杰倫 Jay Chou 演唱《蘭亭序》梁元甫書法字幕 | 音乐兰亭序与書法蘭亭序的合體版MV,元甫書畫之旅,UCPICE_7aChRdEdtrSssLwRA,258,,,,1353,周杰伦 1080P MV,2026-07-31T14:06:15.904475+00:00
VnRZOgYhC5c,https://www.youtube.com/watch?v=VnRZOgYhC5c,周杰倫 Jay Chou 特別演出  派偉俊【告白氣球 Love Confession】Official MV [4K],杰威爾歌詞MV頻道JVR Lyric MV,UCsMWXIFViw8KxCl1i7X8deA,216,,,,14700,周杰伦 4K MV,2026-07-31T14:06:15.904475+00:00
hNpQsDi1OpI,https://www.youtube.com/watch?v=hNpQsDi1OpI,周杰倫 Jay Chou 紅顏如霜 Cold Hearted [ lyric video ],杰威爾歌詞MV頻道JVR Lyric MV,UCsMWXIFViw8KxCl1i7X8deA,254,,,,171975,周杰伦 lyric video,2026-07-31T14:06:15.904475+00:00
Ao3dO2ODRP4,https://www.youtube.com/watch?v=Ao3dO2ODRP4,周杰倫 Jay Chou 范特西 Fantasy 歌詞MV,樂風試聽唱片行,UCW4XiYCfoNWK3D1lC_anEuw,2379,,,,557,周杰伦 专辑,2026-07-31T14:06:15.904475+00:00
DUE1LCgT2Pc,https://www.youtube.com/watch?v=DUE1LCgT2Pc,周杰倫 Jay Chou 說好不哭 Won't Cry  [ Lyric Video ],杰威爾歌詞MV頻道JVR Lyric MV,UCsMWXIFViw8KxCl1i7X8deA,220,,,,25936,周杰伦 杰威尔音乐,2026-07-31T14:06:15.904475+00:00
go4kXoreXik,https://www.youtube.com/watch?v=go4kXoreXik,周杰倫 Jay Chou-2016年Metersbonwe 秋季廣告(幕後花絮),madonna loveman,UCZ7cqtShhGSinsFqd-wPXlg,333,,,,67,周杰伦 Sony Music Taiwan,2026-07-31T14:06:15.904475+00:00
__DYABm4F_E,https://www.youtube.com/watch?v=__DYABm4F_E,周杰倫 Jay Chou-2016年Sony Xperia廣告(幕後花絮),Jay Chou IFC,UCFKC0qE0j_chgkObdCVvlaw,234,,,,6385,周杰伦 Sony Music Taiwan,2026-07-31T14:06:15.904475+00:00
EJ7jz8P5r88,https://www.youtube.com/watch?v=EJ7jz8P5r88,周杰倫 Jay Chou-2017年【雙截棍 Nunchucks】(ft. 麥烝瑋) (太陽城集團10周年傳奇之夜),Jay Chou IFC【後備頻道】,UC0WTRWUUdAS7u7Mfleq05sQ,168,,,,20534,周杰伦 JVR Music,2026-07-31T14:06:15.904475+00:00
RfeIooCUSfw,https://www.youtube.com/watch?v=RfeIooCUSfw,周杰倫 Jay Chou《告白氣球 Love Confession》 by 楊淨宇 Angel Yang [流行音樂 Cover],Magic Siew,UCmMe6qxIcow-6OWmQOMmHZA,210,,,,710,周杰伦 Sony Music Taiwan,2026-07-31T14:06:15.904475+00:00
YzPZMZ7UGJA,https://www.youtube.com/watch?v=YzPZMZ7UGJA,周杰倫 JAY CHOU《太陽之子 Children of the Sun》,Lok Li,UCrU2AaPZbI3GGi0STw1iBJw,2918,,,,441773,周杰伦 JVR Music | 周杰伦 专辑 | 周杰伦 完整版 | 周杰伦 歌曲 | 周杰伦 歌词版,2026-07-31T14:06:15.904475+00:00
Db_-ZAuzCNk,https://www.youtube.com/watch?v=Db_-ZAuzCNk,周杰倫 Jay Chou《太陽之子》瘋狂鋼琴版 - “Children of the Sun” Crazy Piano Cover | Piano by Ayu Piano,Ayu Piano,UCHmmAQK9Xj2oCYFFX18mSfA,369,,,,902,周杰伦 JVR Music,2026-07-31T14:06:15.904475+00:00
TQns0OIlQag,https://www.youtube.com/watch?v=TQns0OIlQag,周杰倫 Jay Chou《楓》歌詞版,Pine Music,UCOJ9IZBGKuSuKKSdMjCYQ9w,278,,,,3984602,周杰伦 歌词版,2026-07-31T14:06:15.904475+00:00
RVRmWHMFwmA,https://www.youtube.com/watch?v=RVRmWHMFwmA,周杰倫 Jay Chou《說好的幸福呢》| 韓文版 | AI 改編 ♪,chenzie,UCe_wtbZBupFw1H1RjFVZfLg,233,,,,82,周杰伦 歌曲,2026-07-31T14:06:15.904475+00:00
d_y_Zg0F5ms,https://www.youtube.com/watch?v=d_y_Zg0F5ms,周杰倫 Jay Chou「花海 - Floral Sea」 | 钢琴曲 赵海洋  ▏夜色钢琴曲Night Piano,夜色钢琴曲 赵海洋,UC_4G3t4wqio7IS02A4dK0Mw,286,,,,334027,周杰伦 完整版,2026-07-31T14:06:15.904475+00:00
rGdNBxLCwEc,https://www.youtube.com/watch?v=rGdNBxLCwEc,周杰倫 Jay Chou『錯過的煙火』MV Las Vegas 拍攝場景還原,摩根的美國生活 MorganinUS,UCbPz0Ugv0esRqj_00S70qrw,434,,,,6043,Jay Chou Official MV,2026-07-31T14:06:15.904475+00:00
UbG-aHv1M9U,https://www.youtube.com/watch?v=UbG-aHv1M9U,周杰倫 Jay Chou【 我要夏天 - I Want Summer】- Lyric Video,杰威爾歌詞MV頻道JVR Lyric MV,UCsMWXIFViw8KxCl1i7X8deA,219,,,,2536,周杰伦 杰威尔音乐,2026-07-31T14:06:15.904475+00:00
8J_Vvy3TEaw,https://www.youtube.com/watch?v=8J_Vvy3TEaw,周杰倫 Jay Chou【 晴天 Sunny Day 】| Edward 章國偉 Cover,Edward Cheang 章國偉 Music,UCvyTY3VU4bhzSEtT_WvgADg,179,,,,1165,周杰伦 Sony Music Taiwan,2026-07-31T14:06:15.904475+00:00
NH43WjeoVgs,https://www.youtube.com/watch?v=NH43WjeoVgs,周杰倫 Jay Chou【 說走就走 Let's Go】Official MV,周杰倫 Jay Chou,UC8CU5nVhCQIdAGrFFp4loOQ,265,,,,9815396,Jay Chou Official MV | 周杰伦 JVR Music | 周杰伦 Official Music Video | 周杰伦 lyric video | 周杰伦 官方 MV,2026-07-31T14:06:15.904475+00:00
IPrj12FGKtY,https://www.youtube.com/watch?v=IPrj12FGKtY,周杰倫 Jay Chou【 說走就走 Let's Go】Official MV [4K],杰威爾歌詞MV頻道JVR Lyric MV,UCsMWXIFViw8KxCl1i7X8deA,265,,,,2266,周杰伦 4K MV,2026-07-31T14:06:15.904475+00:00
SdBwt6pyNwE,https://www.youtube.com/watch?v=SdBwt6pyNwE,周杰倫 Jay Chou【 軌跡 Tracks】Official MV,周杰倫 Jay Chou,UC8CU5nVhCQIdAGrFFp4loOQ,326,,,,25272985,Jay Chou Official MV | 周杰伦 JVR Music | 周杰伦 Official Music Video | 周杰伦 lyric video | 周杰伦 官方 MV | 周杰伦 歌曲 | 周杰伦 歌词版 | 周杰伦 高音质,2026-07-31T14:06:15.904475+00:00
1eXBrMt-vI0,https://www.youtube.com/watch?v=1eXBrMt-vI0,周杰倫 Jay Chou【 逆鱗 Against 】Lyric Video,杰威爾歌詞MV頻道JVR Lyric MV,UCsMWXIFViw8KxCl1i7X8deA,235,,,,1926,周杰伦 JVR Music,2026-07-31T14:06:15.904475+00:00
PxDUn47KmDY,https://www.youtube.com/watch?v=PxDUn47KmDY,周杰倫 Jay Chou【Children of the Sun 太陽之子】2026 專輯合集｜13 首全收錄,杰威爾歌詞MV頻道JVR Lyric MV,UCsMWXIFViw8KxCl1i7X8deA,2875,,,,767487,Jay Chou Official MV | 周杰伦 JVR Music | 周杰伦 Official Music Video | 周杰伦 专辑 | 周杰伦 完整版 | 周杰伦 官方 MV | 周杰伦 杰威尔音乐 | 周杰伦 歌词版,2026-07-31T14:06:15.904475+00:00
A77fatKTajw,https://www.youtube.com/watch?v=A77fatKTajw,周杰倫 Jay Chou【Children of the Sun 太陽之子】2026專輯合集｜13 首全收錄｜附字幕歌詞版｜時間軸歌單,地中海舊旅人,UCKcYR425PmKKNYBUYlVrhBg,2909,,,,302038,Jay Chou Official MV | 周杰伦 JVR Music | 周杰伦 Official Music Video | 周杰伦 专辑 | 周杰伦 完整版 | 周杰伦 官方 MV | 周杰伦 歌曲 | 周杰伦 歌词版,2026-07-31T14:06:15.904475+00:00
1Zoo_1z_saU,https://www.youtube.com/watch?v=1Zoo_1z_saU,周杰倫 Jay Chou【Jesus Fashion】non-Official MV,Jay Chou IFC,UCFKC0qE0j_chgkObdCVvlaw,330,,,,200006,Jay Chou Official MV,2026-07-31T14:06:15.904475+00:00
me7jfhFIZvk,https://www.youtube.com/watch?v=me7jfhFIZvk,周杰倫 Jay Chou【Mine Mine】Official MV,周杰倫 Jay Chou,UC8CU5nVhCQIdAGrFFp4loOQ,267,,,,25041484,Jay Chou Official MV | 周杰伦 Official Music Video | 周杰伦 lyric video | 周杰伦 完整版 | 周杰伦 官方 MV | 周杰伦 杰威尔音乐 | 周杰伦 歌曲 | 周杰伦 歌词版 | 周杰伦 演唱会 | 周杰伦 现场 Live | 周杰伦 高音质,2026-07-31T14:06:15.904475+00:00
-biOGdYiF-I,https://www.youtube.com/watch?v=-biOGdYiF-I,"周杰倫 Jay Chou【Mojito】Official MV ★ Check out ""J-Style Trip"" on Netflix -Travelogue, Magic and Fun!",周杰倫 Jay Chou,UC8CU5nVhCQIdAGrFFp4loOQ,189,,,,45093416,Jay Chou Official MV | 周杰伦 JVR Music | 周杰伦 Official Music Video | 周杰伦 lyric video | 周杰伦 专辑 | 周杰伦 官方 MV | 周杰伦 杰威尔音乐 | 周杰伦 歌曲 | 周杰伦 歌词版,2026-07-31T14:06:15.904475+00:00
5FQ52Or3qak,https://www.youtube.com/watch?v=5FQ52Or3qak,周杰倫 Jay Chou【Mojito】歌词字幕舞蹈完整版 | ZUMBA Dance 尊巴 | 莫吉托 | 抖音,Crystalboy Zumba,UCmwnlxT5Q9DEOQ2ORudFCgw,211,,,,14165,周杰伦 完整版,2026-07-31T14:06:15.904475+00:00
C18nyaRnR1Q,https://www.youtube.com/watch?v=C18nyaRnR1Q,周杰倫 Jay Chou【一口氣全唸對 One Breath】Official MV,周杰倫 Jay Chou,UC8CU5nVhCQIdAGrFFp4loOQ,163,,,,7734469,Jay Chou Official MV | 周杰伦 Official Music Video | 周杰伦 完整版 | 周杰伦 官方 MV | 周杰伦 歌词版,2026-07-31T14:06:15.904475+00:00
-sTCfWTfwlQ,https://www.youtube.com/watch?v=-sTCfWTfwlQ,周杰倫 Jay Chou【一口氣全唸對 One Breath】Official MV [4K],杰威爾歌詞MV頻道JVR Lyric MV,UCsMWXIFViw8KxCl1i7X8deA,163,,,,92654,周杰伦 4K MV,2026-07-31T14:06:15.904475+00:00
L229QDxDakU,https://www.youtube.com/watch?v=L229QDxDakU,周杰倫 Jay Chou【一路向北 All the Way North】-Official Music Video,周杰倫 Jay Chou,UC8CU5nVhCQIdAGrFFp4loOQ,302,,,,105944649,Jay Chou Official MV | 周杰伦 JVR Music | 周杰伦 Official Music Video | 周杰伦 lyric video | 周杰伦 官方 MV | 周杰伦 杰威尔音乐 | 周杰伦 歌曲 | 周杰伦 歌词版 | 周杰伦 现场 Live | 周杰伦 高音质,2026-07-31T14:06:15.904475+00:00
COhiu3c7Sgc,https://www.youtube.com/watch?v=COhiu3c7Sgc,周杰倫 Jay Chou【一點點 A Little Bit】Official MV,周杰倫 Jay Chou,UC8CU5nVhCQIdAGrFFp4loOQ,220,,,,10768953,Jay Chou Official MV | 周杰伦 JVR Music | 周杰伦 Official Music Video | 周杰伦 lyric video | 周杰伦 完整版 | 周杰伦 官方 MV | 周杰伦 杰威尔音乐,2026-07-31T14:06:15.904475+00:00
Bbp9ZaJD_eA,https://www.youtube.com/watch?v=Bbp9ZaJD_eA,周杰倫 Jay Chou【七里香 Orange Jasmine】-Official Music Video,周杰倫 Jay Chou,UC8CU5nVhCQIdAGrFFp4loOQ,304,,,,81014269,Jay Chou Official MV | 周杰伦 1080P MV | 周杰伦 4K MV | 周杰伦 JVR Music | 周杰伦 Official Music Video | 周杰伦 lyric video | 周杰伦 专辑 | 周杰伦 完整版 | 周杰伦 官方 MV | 周杰伦 杰威尔音乐 | 周杰伦 歌曲 | 周杰伦 演唱会 | 周杰伦 现场 Live | 周杰伦 高音质,2026-07-31T14:06:15.904475+00:00
_trE3M24kQY,https://www.youtube.com/watch?v=_trE3M24kQY,周杰倫 Jay Chou【三年二班 Class 3-2】-Official Music Video,周杰倫 Jay Chou,UC8CU5nVhCQIdAGrFFp4loOQ,460,,,,7941183,Jay Chou Official MV | 周杰伦 4K MV | 周杰伦 JVR Music | 周杰伦 Official Music Video | 周杰伦 lyric video | 周杰伦 完整版 | 周杰伦 官方 MV | 周杰伦 歌曲 | 周杰伦 歌词版 | 周杰伦 演唱会 | 周杰伦 现场 Live,2026-07-31T14:06:15.904475+00:00
CcfnZOJpbM4,https://www.youtube.com/watch?v=CcfnZOJpbM4,周杰倫 Jay Chou【上海 一九四三 Shanghai 1943】Official MV,周杰倫 Jay Chou,UC8CU5nVhCQIdAGrFFp4loOQ,210,,,,8142921,Jay Chou Official MV | 周杰伦 JVR Music | 周杰伦 Official Music Video | 周杰伦 lyric video | 周杰伦 完整版 | 周杰伦 官方 MV | 周杰伦 杰威尔音乐 | 周杰伦 歌曲 | 周杰伦 歌词版 | 周杰伦 演唱会,2026-07-31T14:06:15.904475+00:00
hMFh2Uuko08,https://www.youtube.com/watch?v=hMFh2Uuko08,周杰倫 Jay Chou【上海 一九四三 Shanghai 1943】Official MV,Bowei Tsen,UCfIkjApg-kMsVbPA2JwJAMQ,192,,,,159,周杰伦 1080P MV,2026-07-31T14:06:15.904475+00:00
MAjY8mCTXWk,https://www.youtube.com/watch?v=MAjY8mCTXWk,"周杰倫 Jay Chou【不愛我就拉倒 If You Don't Love Me, It's Fine】Official MV 發燒影片華語地區蟬聯第一 美國直衝前二",周杰倫 Jay Chou,UC8CU5nVhCQIdAGrFFp4loOQ,251,,,,54124491,Jay Chou Official MV | 周杰伦 JVR Music | 周杰伦 Official Music Video | 周杰伦 lyric video | 周杰伦 专辑 | 周杰伦 官方 MV | 周杰伦 歌曲,2026-07-31T14:06:15.904475+00:00
uIWypArI73w,https://www.youtube.com/watch?v=uIWypArI73w,周杰倫 Jay Chou【不能說的祕密 Secret】-Official Music Video,周杰倫 Jay Chou,UC8CU5nVhCQIdAGrFFp4loOQ,336,,,,50056027,Jay Chou Official MV | 周杰伦 Official Music Video | 周杰伦 lyric video | 周杰伦 完整版 | 周杰伦 官方 MV | 周杰伦 杰威尔音乐 | 周杰伦 歌曲 | 周杰伦 歌词版,2026-07-31T14:06:15.904475+00:00
NDFULbHgL6E,https://www.youtube.com/watch?v=NDFULbHgL6E,周杰倫 Jay Chou【世界末日 End of the World】Official MV,周杰倫 Jay Chou,UC8CU5nVhCQIdAGrFFp4loOQ,263,,,,7392975,Jay Chou Official MV | 周杰伦 JVR Music | 周杰伦 Official Music Video | 周杰伦 lyric video | 周杰伦 完整版 | 周杰伦 官方 MV | 周杰伦 杰威尔音乐 | 周杰伦 歌曲 | 周杰伦 歌词版 | 周杰伦 演唱会 | 周杰伦 现场 Live,2026-07-31T14:06:15.904475+00:00
2Tg3uzSAkXk,https://www.youtube.com/watch?v=2Tg3uzSAkXk,周杰倫 Jay Chou【亂舞春秋 Chaotic Dance】-Official Music Video,周杰倫 Jay Chou,UC8CU5nVhCQIdAGrFFp4loOQ,288,,,,3351553,Jay Chou Official MV | 周杰伦 JVR Music | 周杰伦 Official Music Video | 周杰伦 lyric video | 周杰伦 官方 MV | 周杰伦 杰威尔音乐 | 周杰伦 歌曲 | 周杰伦 歌词版,2026-07-31T14:06:15.904475+00:00
9q7JOQfcJQM,https://www.youtube.com/watch?v=9q7JOQfcJQM,周杰倫 Jay Chou【以父之名 In The Name of The Father】-Official Music Video,周杰倫 Jay Chou,UC8CU5nVhCQIdAGrFFp4loOQ,364,,,,21170944,Jay Chou Official MV | 周杰伦 JVR Music | 周杰伦 Official Music Video | 周杰伦 lyric video | 周杰伦 专辑 | 周杰伦 完整版 | 周杰伦 官方 MV | 周杰伦 杰威尔音乐 | 周杰伦 歌曲 | 周杰伦 歌词版 | 周杰伦 演唱会 | 周杰伦 现场 Live | 周杰伦 高音质,2026-07-31T14:06:15.904475+00:00
Wrbjahfg8RM,https://www.youtube.com/watch?v=Wrbjahfg8RM,周杰倫 Jay Chou【你好嗎 How Are You】Official MV,周杰倫 Jay Chou,UC8CU5nVhCQIdAGrFFp4loOQ,222,,,,15986127,Jay Chou Official MV | 周杰伦 JVR Music | 周杰伦 Official Music Video | 周杰伦 杰威尔音乐,2026-07-31T14:06:15.904475+00:00
1QfYPTLj0o4,https://www.youtube.com/watch?v=1QfYPTLj0o4,周杰倫 Jay Chou【你好嗎 How Are You】Official MV [4K],杰威爾歌詞MV頻道JVR Lyric MV,UCsMWXIFViw8KxCl1i7X8deA,222,,,,3107,周杰伦 4K MV,2026-07-31T14:06:15.904475+00:00
X_XqvQJi_6E,https://www.youtube.com/watch?v=X_XqvQJi_6E,周杰倫 Jay Chou【你比從前快樂 You Are Happier Than Before】Official MV,周杰倫 Jay Chou,UC8CU5nVhCQIdAGrFFp4loOQ,201,,,,3152477,周杰伦 4K MV | 周杰伦 现场 Live,2026-07-31T14:06:15.904475+00:00
1VP23FLzWy4,https://www.youtube.com/watch?v=1VP23FLzWy4,周杰倫 JAY CHOU【倒影 Reflection Official MV Reaction - TEACHER PAUL REACTS #taiwan,TEACHER PAUL REACTS (Teacher Paul),UCT99PQ5nkgshVaoBlU5jiKw,297,,,,1028,Jay Chou Official MV,2026-07-31T14:06:15.904475+00:00
a0AyNzV3yk8,https://www.youtube.com/watch?v=a0AyNzV3yk8,周杰倫 JAY CHOU【倒影 Reflection】Official MV,周杰倫 Jay Chou,UC8CU5nVhCQIdAGrFFp4loOQ,234,,,,9122587,Jay Chou Official MV | 周杰伦 JVR Music | 周杰伦 Official Music Video | 周杰伦 lyric video | 周杰伦 专辑 | 周杰伦 官方 MV | 周杰伦 歌曲 | 周杰伦 高音质,2026-07-31T14:06:15.904475+00:00
WVi-QvO3wr4,https://www.youtube.com/watch?v=WVi-QvO3wr4,周杰倫 JAY CHOU【倒影 Reflection】Official MV [4K],杰威爾歌詞MV頻道JVR Lyric MV,UCsMWXIFViw8KxCl1i7X8deA,234,,,,7121,周杰伦 4K MV,2026-07-31T14:06:15.904475+00:00
0btkrslAxcc,https://www.youtube.com/watch?v=0btkrslAxcc,周杰倫 JAY CHOU【倒影 Reflection】Official MV 反應 Reaction by Hanging with CJ 通過與 CJ 一起懸掛,Hanging With CJ,UC6eIk4KNTwesJ32yTFFJdag,547,,,,1138,Jay Chou Official MV,2026-07-31T14:06:15.904475+00:00
rKFtivD7Rvw,https://www.youtube.com/watch?v=rKFtivD7Rvw,周杰倫 Jay Chou【傻笑 Smile (feat. 袁詠琳 Cindy)】Official MV,周杰倫 Jay Chou,UC8CU5nVhCQIdAGrFFp4loOQ,289,,,,29140348,Jay Chou Official MV | 周杰伦 1080P MV | 周杰伦 JVR Music | 周杰伦 Official Music Video | 周杰伦 lyric video | 周杰伦 完整版 | 周杰伦 官方 MV | 周杰伦 杰威尔音乐 | 周杰伦 歌曲 | 周杰伦 现场 Live,2026-07-31T14:06:15.904475+00:00
lqVvHAFPIrw,https://www.youtube.com/watch?v=lqVvHAFPIrw,周杰倫 Jay Chou【免費教學錄影帶 Free Tutorial Video】Official MV,周杰倫 Jay Chou,UC8CU5nVhCQIdAGrFFp4loOQ,262,,,,1074807,Jay Chou Official MV | 周杰伦 JVR Music | 周杰伦 Official Music Video | 周杰伦 官方 MV | 周杰伦 歌曲,2026-07-31T14:06:15.904475+00:00
fAwwTeBoODY,https://www.youtube.com/watch?v=fAwwTeBoODY,周杰倫 Jay Chou【公主病 Princess Syndrome】- Lyric Video,杰威爾歌詞MV頻道JVR Lyric MV,UCsMWXIFViw8KxCl1i7X8deA,199,,,,10565,周杰伦 JVR Music | 周杰伦 杰威尔音乐,2026-07-31T14:06:15.904475+00:00
S-p4gXbIifo,https://www.youtube.com/watch?v=S-p4gXbIifo,周杰倫 Jay Chou【公主病 Princess Syndrome】Official MV,周杰倫 Jay Chou,UC8CU5nVhCQIdAGrFFp4loOQ,216,,,,16891941,Jay Chou Official MV | 周杰伦 4K MV | 周杰伦 Official Music Video | 周杰伦 lyric video | 周杰伦 官方 MV | 周杰伦 歌曲,2026-07-31T14:06:15.904475+00:00
u_hAlZVMoBQ,https://www.youtube.com/watch?v=u_hAlZVMoBQ,周杰倫 Jay Chou【公公偏頭痛 Eunuch with a Headache】MV Behind The Scenes,周杰倫 Jay Chou,UC8CU5nVhCQIdAGrFFp4loOQ,279,,,,748006,Jay Chou Official MV | 周杰伦 Official Music Video | 周杰伦 完整版 | 周杰伦 官方 MV | 周杰伦 歌词版,2026-07-31T14:06:15.904475+00:00
FbqBv7Tz1QY,https://www.youtube.com/watch?v=FbqBv7Tz1QY,周杰倫 Jay Chou【公公偏頭痛 Eunuch with a Headache】Official MV,周杰倫 Jay Chou,UC8CU5nVhCQIdAGrFFp4loOQ,186,,,,24976499,Jay Chou Official MV | 周杰伦 4K MV | 周杰伦 JVR Music | 周杰伦 lyric video | 周杰伦 完整版 | 周杰伦 官方 MV | 周杰伦 歌曲 | 周杰伦 歌词版 | 周杰伦 现场 Live | 周杰伦 高音质,2026-07-31T14:06:15.904475+00:00
4gDq3jFq6Jk,https://www.youtube.com/watch?v=4gDq3jFq6Jk,周杰倫 Jay Chou【公公偏頭痛 Eunuch with a Headache】Official MV Reaction Video,Angelina Eonni88,UCMDu1oXiemm1yYWob3nDSeg,247,,,,57983,Jay Chou Official MV,2026-07-31T14:06:15.904475+00:00
eM6mF4RWhe0,https://www.youtube.com/watch?v=eM6mF4RWhe0,周杰倫 Jay Chou【分裂 Split】Official MV,周杰倫 Jay Chou,UC8CU5nVhCQIdAGrFFp4loOQ,269,,,,7997395,Jay Chou Official MV | 周杰伦 JVR Music | 周杰伦 Official Music Video | 周杰伦 lyric video | 周杰伦 完整版 | 周杰伦 官方 MV | 周杰伦 杰威尔音乐 | 周杰伦 歌词版 | 周杰伦 演唱会 | 周杰伦 高音质,2026-07-31T14:06:15.904475+00:00
j9k3liT2MLo,https://www.youtube.com/watch?v=j9k3liT2MLo,周杰倫 Jay Chou【前世情人 Lover From Previous Life】Official MV,周杰倫 Jay Chou,UC8CU5nVhCQIdAGrFFp4loOQ,208,,,,10710643,Jay Chou Official MV | 周杰伦 JVR Music | 周杰伦 Official Music Video | 周杰伦 lyric video | 周杰伦 完整版 | 周杰伦 官方 MV | 周杰伦 歌词版,2026-07-31T14:06:15.904475+00:00
wSdB_0d2UvU,https://www.youtube.com/watch?v=wSdB_0d2UvU,周杰倫 Jay Chou【前世情人 Lover From Previous Life】Official MV [4K],杰威爾歌詞MV頻道JVR Lyric MV,UCsMWXIFViw8KxCl1i7X8deA,208,,,,2197,周杰伦 4K MV,2026-07-31T14:06:15.904475+00:00
grhOe7RoGXQ,https://www.youtube.com/watch?v=grhOe7RoGXQ,周杰倫 Jay Chou【前世情人 Lover From Previous Life】Official MV with English subtitles REACTION 808 HAWAII,The Mixed Plate Frequency,UCtPUZ7r0D6hJrU3FIupSJog,494,,,,2656,Jay Chou Official MV,2026-07-31T14:06:15.904475+00:00
dRRdDI9IRoc,https://www.youtube.com/watch?v=dRRdDI9IRoc,周杰倫 Jay Chou【十二新作 Opus 12】Behind The Scenes,周杰倫 Jay Chou,UC8CU5nVhCQIdAGrFFp4loOQ,185,,,,94048,Jay Chou Official MV | 周杰伦 Official Music Video | 周杰伦 完整版 | 周杰伦 官方 MV,2026-07-31T14:06:15.904475+00:00
nWY1isTjop8,https://www.youtube.com/watch?v=nWY1isTjop8,周杰倫 Jay Chou【十二新作 Opus 12】Pre-order,周杰倫 Jay Chou,UC8CU5nVhCQIdAGrFFp4loOQ,16,,,,80729,周杰伦 完整版,2026-07-31T14:06:15.904475+00:00
T6prq2roIFc,https://www.youtube.com/watch?v=T6prq2roIFc,周杰倫 Jay Chou【十二新作 Opus 12】全亞洲發片記者會 Press Conference,周杰倫 Jay Chou,UC8CU5nVhCQIdAGrFFp4loOQ,321,,,,100969,Jay Chou Official MV | 周杰伦 Official Music Video | 周杰伦 完整版 | 周杰伦 官方 MV,2026-07-31T14:06:15.904475+00:00
f8cO44RclYw,https://www.youtube.com/watch?v=f8cO44RclYw,周杰倫 Jay Chou【千山萬水 Thousands of miles】 MV,ChineseMusicBackupVEVO,UCUnGiSLQO0-YRcmB5afLg0g,250,,,,188,周杰伦 Sony Music Taiwan,2026-07-31T14:06:15.904475+00:00
ocDo3ySyHSI,https://www.youtube.com/watch?v=ocDo3ySyHSI,周杰倫 Jay Chou【千里之外 Far Away (feat.費玉清 Fei Yu-ching)】-Official Music Video,周杰倫 Jay Chou,UC8CU5nVhCQIdAGrFFp4loOQ,272,,,,46914716,Jay Chou Official MV | 周杰伦 1080P MV | 周杰伦 4K MV | 周杰伦 JVR Music | 周杰伦 Official Music Video | 周杰伦 Sony Music Taiwan | 周杰伦 lyric video | 周杰伦 专辑 | 周杰伦 完整版 | 周杰伦 官方 MV | 周杰伦 杰威尔音乐 | 周杰伦 歌曲 | 周杰伦 歌词版 | 周杰伦 演唱会 | 周杰伦 高音质,2026-07-31T14:06:15.904475+00:00
duZDsG3tvoA,https://www.youtube.com/watch?v=duZDsG3tvoA,周杰倫 Jay Chou【半島鐵盒 Peninsula Ironbox】Official MV,周杰倫 Jay Chou,UC8CU5nVhCQIdAGrFFp4loOQ,320,,,,26583477,Jay Chou Official MV | 周杰伦 JVR Music | 周杰伦 Official Music Video | 周杰伦 lyric video | 周杰伦 完整版 | 周杰伦 杰威尔音乐 | 周杰伦 歌曲 | 周杰伦 歌词版 | 周杰伦 演唱会 | 周杰伦 高音质,2026-07-31T14:06:15.904475+00:00
ix2xFGJBz2c,https://www.youtube.com/watch?v=ix2xFGJBz2c,周杰倫 Jay Chou【半獸人 Half beast Human】Official MV [4K],杰威爾歌詞MV頻道JVR Lyric MV,UCsMWXIFViw8KxCl1i7X8deA,248,,,,833,周杰伦 杰威尔音乐,2026-07-31T14:06:15.904475+00:00
3I27c6t-0No,https://www.youtube.com/watch?v=3I27c6t-0No,周杰倫 Jay Chou【半獸人 Half-beast Human】Official MV,周杰倫 Jay Chou,UC8CU5nVhCQIdAGrFFp4loOQ,248,,,,5366833,Jay Chou Official MV | 周杰伦 JVR Music | 周杰伦 Official Music Video | 周杰伦 lyric video | 周杰伦 完整版 | 周杰伦 官方 MV | 周杰伦 歌曲 | 周杰伦 歌词版 | 周杰伦 演唱会,2026-07-31T14:06:15.904475+00:00
hnmWCmR6o7A,https://www.youtube.com/watch?v=hnmWCmR6o7A,周杰倫 Jay Chou【印地安老斑鳩 Ancient Indian Turtledove】-Official Music Video,周杰倫 Jay Chou,UC8CU5nVhCQIdAGrFFp4loOQ,306,,,,2737085,Jay Chou Official MV | 周杰伦 Official Music Video | 周杰伦 lyric video | 周杰伦 完整版 | 周杰伦 官方 MV | 周杰伦 歌词版,2026-07-31T14:06:15.904475+00:00
yjYkxdXd7EA,https://www.youtube.com/watch?v=yjYkxdXd7EA,周杰倫 JAY CHOU【即興曲 Improvisation】Official MV,周杰倫 Jay Chou,UC8CU5nVhCQIdAGrFFp4loOQ,100,,,,605697,Jay Chou Official MV | 周杰伦 JVR Music | 周杰伦 Official Music Video | 周杰伦 杰威尔音乐 | 周杰伦 歌曲 | 周杰伦 现场 Live | 周杰伦 高音质,2026-07-31T14:06:15.904475+00:00
87VUC4J_0Ps,https://www.youtube.com/watch?v=87VUC4J_0Ps,周杰倫 Jay Chou【可愛女人 Cute Girl (feat.徐若瑄Vivian)】 -Official Music Video,周杰倫 Jay Chou,UC8CU5nVhCQIdAGrFFp4loOQ,239,,,,19895091,Jay Chou Official MV | 周杰伦 JVR Music | 周杰伦 Official Music Video | 周杰伦 专辑 | 周杰伦 完整版 | 周杰伦 官方 MV | 周杰伦 杰威尔音乐 | 周杰伦 歌曲 | 周杰伦 歌词版 | 周杰伦 现场 Live,2026-07-31T14:06:15.904475+00:00
D0x09XJgyO4,https://www.youtube.com/watch?v=D0x09XJgyO4,周杰倫 Jay Chou【同一種調調 Same Tone】 -Official Music Video,周杰倫 Jay Chou,UC8CU5nVhCQIdAGrFFp4loOQ,234,,,,1604467,周杰伦 JVR Music | 周杰伦 Official Music Video | 周杰伦 现场 Live,2026-07-31T14:06:15.904475+00:00
jJ0T9r0J35g,https://www.youtube.com/watch?v=jJ0T9r0J35g,周杰倫 Jay Chou【告白氣球】MV KTV 歌詞 高音質,Party Music Channel - Let's Party All Night!!,UCeI0J1n3SNBxJ_vC3fTHQbA,213,,,,1905,周杰伦 高音质,2026-07-31T14:06:15.904475+00:00
P4LFa_SswK4,https://www.youtube.com/watch?v=P4LFa_SswK4,"周杰倫 Jay Chou【哎呦, 不錯哦 Aiyo, Not Bad】台北簽唱會 Taipei Autograph Session",周杰倫 Jay Chou,UC8CU5nVhCQIdAGrFFp4loOQ,475,,,,134978,Jay Chou Official MV | 周杰伦 Official Music Video | 周杰伦 lyric video | 周杰伦 完整版 | 周杰伦 官方 MV | 周杰伦 现场 Live,2026-07-31T14:06:15.904475+00:00
lxBFLiHza4Y,https://www.youtube.com/watch?v=lxBFLiHza4Y,"周杰倫 Jay Chou【哎呦, 不錯哦 Aiyo, Not Bad】封面拍攝 Album Cover Shoot",周杰倫 Jay Chou,UC8CU5nVhCQIdAGrFFp4loOQ,128,,,,126479,Jay Chou Official MV | 周杰伦 Official Music Video | 周杰伦 lyric video | 周杰伦 完整版 | 周杰伦 官方 MV,2026-07-31T14:06:15.904475+00:00
i4B0wnB0XD4,https://www.youtube.com/watch?v=i4B0wnB0XD4,"周杰倫 Jay Chou【哎呦, 不錯哦 Aiyo, Not Bad】專輯拍攝 Album Cover Behind The Scenes",周杰倫 Jay Chou,UC8CU5nVhCQIdAGrFFp4loOQ,102,,,,225510,Jay Chou Official MV | 周杰伦 Official Music Video | 周杰伦 lyric video | 周杰伦 完整版 | 周杰伦 官方 MV,2026-07-31T14:06:15.904475+00:00
nQK5XDewpjU,https://www.youtube.com/watch?v=nQK5XDewpjU,"周杰倫 Jay Chou【哎呦, 不錯哦 Aiyo, Not Bad】專輯開箱文 Album Introduction",周杰倫 Jay Chou,UC8CU5nVhCQIdAGrFFp4loOQ,155,,,,140241,Jay Chou Official MV | 周杰伦 Official Music Video | 周杰伦 lyric video | 周杰伦 完整版 | 周杰伦 官方 MV | 周杰伦 歌词版,2026-07-31T14:06:15.904475+00:00
iH1uvms-c38,https://www.youtube.com/watch?v=iH1uvms-c38,"周杰倫 Jay Chou【哎呦, 不錯哦 Aiyo, Not Bad】正式發行 Album Release",周杰倫 Jay Chou,UC8CU5nVhCQIdAGrFFp4loOQ,31,,,,108046,Jay Chou Official MV | 周杰伦 Official Music Video | 周杰伦 lyric video | 周杰伦 完整版 | 周杰伦 官方 MV | 周杰伦 高音质,2026-07-31T14:06:15.904475+00:00
98Fyo_OexNM,https://www.youtube.com/watch?v=98Fyo_OexNM,"周杰倫 Jay Chou【哎呦, 不錯哦 Aiyo, Not Bad】發片記者會 Album Release PC",周杰倫 Jay Chou,UC8CU5nVhCQIdAGrFFp4loOQ,666,,,,83684,Jay Chou Official MV | 周杰伦 Official Music Video | 周杰伦 lyric video | 周杰伦 完整版 | 周杰伦 官方 MV,2026-07-31T14:06:15.904475+00:00
OoalB5gy9eE,https://www.youtube.com/watch?v=OoalB5gy9eE,"周杰倫 Jay Chou【哎呦, 不錯哦 Aiyo, Not Bad】簽唱會預告 Autograph Session Teaser",周杰倫 Jay Chou,UC8CU5nVhCQIdAGrFFp4loOQ,21,,,,56034,Jay Chou Official MV | 周杰伦 Official Music Video | 周杰伦 lyric video | 周杰伦 官方 MV,2026-07-31T14:06:15.904475+00:00
GYA01ywatKk,https://www.youtube.com/watch?v=GYA01ywatKk,"周杰倫 Jay Chou【哎呦, 不錯哦 Aiyo, Not Bad】預購Pre-order Full Teaser",周杰倫 Jay Chou,UC8CU5nVhCQIdAGrFFp4loOQ,30,,,,118446,周杰伦 lyric video,2026-07-31T14:06:15.904475+00:00
n1IHzukLjQM,https://www.youtube.com/watch?v=n1IHzukLjQM,"周杰倫 Jay Chou【哎呦, 不錯哦 Aiyo, Not Bad】預購Pre-order Teaser 1",周杰倫 Jay Chou,UC8CU5nVhCQIdAGrFFp4loOQ,11,,,,72913,周杰伦 专辑,2026-07-31T14:06:15.904475+00:00
62uJ1_B-uvs,https://www.youtube.com/watch?v=62uJ1_B-uvs,"周杰倫 Jay Chou【哎呦, 不錯哦 Aiyo, Not Bad】預購Pre-order Teaser 2",周杰倫 Jay Chou,UC8CU5nVhCQIdAGrFFp4loOQ,11,,,,78090,Jay Chou Official MV | 周杰伦 Official Music Video | 周杰伦 完整版 | 周杰伦 官方 MV,2026-07-31T14:06:15.904475+00:00
yfn8sE9obWU,https://www.youtube.com/watch?v=yfn8sE9obWU,周杰倫 Jay Chou【哪裡都是你 You are everywhere】Official MV,周杰倫 Jay Chou,UC8CU5nVhCQIdAGrFFp4loOQ,280,,,,18608171,Jay Chou Official MV | 周杰伦 1080P MV | 周杰伦 4K MV | 周杰伦 JVR Music | 周杰伦 lyric video | 周杰伦 专辑 | 周杰伦 完整版 | 周杰伦 官方 MV | 周杰伦 杰威尔音乐 | 周杰伦 歌曲 | 周杰伦 歌词版 | 周杰伦 现场 Live | 周杰伦 高音质,2026-07-31T14:06:15.904475+00:00
M-c5P11PBl4,https://www.youtube.com/watch?v=M-c5P11PBl4,周杰倫 Jay Chou【喬克叔叔 Uncle Joker】 Official Music Video [4K],杰威爾歌詞MV頻道JVR Lyric MV,UCsMWXIFViw8KxCl1i7X8deA,253,,,,2683,周杰伦 杰威尔音乐,2026-07-31T14:06:15.904475+00:00
GKT_1DTa2as,https://www.youtube.com/watch?v=GKT_1DTa2as,周杰倫 Jay Chou【喬克叔叔 Uncle Joker】-Official Music Video,周杰倫 Jay Chou,UC8CU5nVhCQIdAGrFFp4loOQ,253,,,,2068588,Jay Chou Official MV | 周杰伦 4K MV | 周杰伦 Official Music Video | 周杰伦 lyric video | 周杰伦 完整版 | 周杰伦 官方 MV | 周杰伦 歌曲 | 周杰伦 歌词版,2026-07-31T14:06:15.904475+00:00
gg7Dnd1fADs,https://www.youtube.com/watch?v=gg7Dnd1fADs,周杰倫 Jay Chou【嘻哈空姐 Hip hop Flight Attendant】Official MV [4K],杰威爾歌詞MV頻道JVR Lyric MV,UCsMWXIFViw8KxCl1i7X8deA,171,,,,390,周杰伦 4K MV,2026-07-31T14:06:15.904475+00:00
I1boAt2ChIs,https://www.youtube.com/watch?v=I1boAt2ChIs,周杰倫 Jay Chou【嘻哈空姐 Hip-hop Flight Attendant】Official MV,周杰倫 Jay Chou,UC8CU5nVhCQIdAGrFFp4loOQ,170,,,,1139410,Jay Chou Official MV | 周杰伦 Official Music Video | 周杰伦 完整版 | 周杰伦 官方 MV | 周杰伦 歌曲 | 周杰伦 歌词版,2026-07-31T14:06:15.904475+00:00
SnKAHq6O0Is,https://www.youtube.com/watch?v=SnKAHq6O0Is,周杰倫 Jay Chou【四季列車 Four Seasons Train】Official MV,周杰倫 Jay Chou,UC8CU5nVhCQIdAGrFFp4loOQ,158,,,,807275,Jay Chou Official MV | 周杰伦 Official Music Video | 周杰伦 lyric video | 周杰伦 完整版,2026-07-31T14:06:15.904475+00:00
ZyH3fJYV2IQ,https://www.youtube.com/watch?v=ZyH3fJYV2IQ,周杰倫 Jay Chou【四季列車 Four Seasons Train】Official MV [4K],杰威爾歌詞MV頻道JVR Lyric MV,UCsMWXIFViw8KxCl1i7X8deA,158,,,,761,周杰伦 4K MV,2026-07-31T14:06:15.904475+00:00
JljURsMOLmc,https://www.youtube.com/watch?v=JljURsMOLmc,周杰倫 Jay Chou【四面楚歌 Surrounded】-Official Music Video,周杰倫 Jay Chou,UC8CU5nVhCQIdAGrFFp4loOQ,253,,,,7365779,Jay Chou Official MV | 周杰伦 JVR Music | 周杰伦 Official Music Video | 周杰伦 lyric video | 周杰伦 官方 MV | 周杰伦 杰威尔音乐 | 周杰伦 歌曲 | 周杰伦 歌词版 | 周杰伦 演唱会 | 周杰伦 现场 Live | 周杰伦 高音质,2026-07-31T14:06:15.904475+00:00
MKNrnSsIwf8,https://www.youtube.com/watch?v=MKNrnSsIwf8,周杰倫 Jay Chou【回到過去 Back to the Past】Official MV,周杰倫 Jay Chou,UC8CU5nVhCQIdAGrFFp4loOQ,299,,,,20515524,Jay Chou Official MV | 周杰伦 4K MV | 周杰伦 JVR Music | 周杰伦 Official Music Video | 周杰伦 lyric video | 周杰伦 专辑 | 周杰伦 完整版 | 周杰伦 官方 MV | 周杰伦 杰威尔音乐 | 周杰伦 歌曲 | 周杰伦 歌词版 | 周杰伦 演唱会 | 周杰伦 高音质,2026-07-31T14:06:15.904475+00:00
pm91leB_P8c,https://www.youtube.com/watch?v=pm91leB_P8c,周杰倫 Jay Chou【困獸之鬥 Struggle】-Official Music Video,周杰倫 Jay Chou,UC8CU5nVhCQIdAGrFFp4loOQ,271,,,,2115676,Jay Chou Official MV | 周杰伦 Official Music Video | 周杰伦 lyric video | 周杰伦 官方 MV | 周杰伦 歌曲 | 周杰伦 歌词版,2026-07-31T14:06:15.904475+00:00
IoCoIxkGkVw,https://www.youtube.com/watch?v=IoCoIxkGkVw,周杰倫 Jay Chou【園遊會 Fun Fair】-Official Music Video,周杰倫 Jay Chou,UC8CU5nVhCQIdAGrFFp4loOQ,251,,,,14832657,Jay Chou Official MV | 周杰伦 JVR Music | 周杰伦 Official Music Video | 周杰伦 lyric video | 周杰伦 专辑 | 周杰伦 完整版 | 周杰伦 官方 MV | 周杰伦 杰威尔音乐 | 周杰伦 歌词版 | 周杰伦 现场 Live,2026-07-31T14:06:15.904475+00:00
SFEOHcDQQFQ,https://www.youtube.com/watch?v=SFEOHcDQQFQ,周杰倫 Jay Chou【地表最強世界巡回演唱會 The Invincible Concert】Full Version 完整版,Music CHANEL,UCxxewzjIZj_5w7UKS3hzqgQ,5403,,,,20748,周杰伦 完整版,2026-07-31T14:06:15.904475+00:00
Ur-x4pZT1Rk,https://www.youtube.com/watch?v=Ur-x4pZT1Rk,周杰倫 Jay Chou【外婆 Grandma】-Official Music Video,周杰倫 Jay Chou,UC8CU5nVhCQIdAGrFFp4loOQ,250,,,,8826925,Jay Chou Official MV | 周杰伦 JVR Music | 周杰伦 Official Music Video | 周杰伦 lyric video | 周杰伦 官方 MV | 周杰伦 杰威尔音乐 | 周杰伦 歌曲 | 周杰伦 歌词版 | 周杰伦 演唱会 | 周杰伦 现场 Live | 周杰伦 高音质,2026-07-31T14:06:15.904475+00:00
6Q0Pd53mojY,https://www.youtube.com/watch?v=6Q0Pd53mojY,周杰倫 Jay Chou【夜曲 Nocturne】-Official Music Video,周杰倫 Jay Chou,UC8CU5nVhCQIdAGrFFp4loOQ,234,,,,103889434,Jay Chou Official MV | 周杰伦 4K MV | 周杰伦 JVR Music | 周杰伦 Official Music Video | 周杰伦 lyric video | 周杰伦 完整版 | 周杰伦 官方 MV | 周杰伦 杰威尔音乐 | 周杰伦 歌曲 | 周杰伦 歌词版 | 周杰伦 现场 Live | 周杰伦 高音质,2026-07-31T14:06:15.904475+00:00
AdkkF6MT0R0,https://www.youtube.com/watch?v=AdkkF6MT0R0,周杰倫 Jay Chou【夜的第七章 Chapter Seven】-Official Music Video,周杰倫 Jay Chou,UC8CU5nVhCQIdAGrFFp4loOQ,229,,,,16556268,Jay Chou Official MV | 周杰伦 JVR Music | 周杰伦 Official Music Video | 周杰伦 lyric video | 周杰伦 专辑 | 周杰伦 官方 MV | 周杰伦 演唱会 | 周杰伦 现场 Live | 周杰伦 高音质,2026-07-31T14:06:15.904475+00:00
wTZrLNQ8WF8,https://www.youtube.com/watch?v=wTZrLNQ8WF8,周杰倫 Jay Chou【夜的第七章電影版 Chapter Seven】-Official Movie Version,周杰倫 Jay Chou,UC8CU5nVhCQIdAGrFFp4loOQ,567,,,,1138451,Jay Chou Official MV | 周杰伦 4K MV | 周杰伦 Official Music Video | 周杰伦 lyric video | 周杰伦 完整版 | 周杰伦 官方 MV | 周杰伦 歌曲 | 周杰伦 歌词版 | 周杰伦 现场 Live | 周杰伦 高音质,2026-07-31T14:06:15.904475+00:00
E3dNdWdmAsY,https://www.youtube.com/watch?v=E3dNdWdmAsY,周杰倫 Jay Chou【夢想啟動 Dream】MV Behind The Scenes,周杰倫 Jay Chou,UC8CU5nVhCQIdAGrFFp4loOQ,193,,,,135193,Jay Chou Official MV | 周杰伦 官方 MV | 周杰伦 杰威尔音乐,2026-07-31T14:06:15.904475+00:00
b42KZYgxXZ0,https://www.youtube.com/watch?v=b42KZYgxXZ0,周杰倫 Jay Chou【夢想啟動 Dream】Official MV,周杰倫 Jay Chou,UC8CU5nVhCQIdAGrFFp4loOQ,202,,,,4210475,Jay Chou Official MV | 周杰伦 JVR Music | 周杰伦 Official Music Video,2026-07-31T14:06:15.904475+00:00
5__rQ9efFQA,https://www.youtube.com/watch?v=5__rQ9efFQA,周杰倫 Jay Chou【夢想啟動 Dream】Official MV [4K],杰威爾歌詞MV頻道JVR Lyric MV,UCsMWXIFViw8KxCl1i7X8deA,203,,,,990,周杰伦 4K MV,2026-07-31T14:06:15.904475+00:00
-u4sPnpaFEA,https://www.youtube.com/watch?v=-u4sPnpaFEA,周杰倫 Jay Chou【大笨鐘 Big Ben】Official MV,周杰倫 Jay Chou,UC8CU5nVhCQIdAGrFFp4loOQ,247,,,,34404814,Jay Chou Official MV | 周杰伦 4K MV | 周杰伦 JVR Music | 周杰伦 Official Music Video | 周杰伦 lyric video | 周杰伦 完整版 | 周杰伦 官方 MV | 周杰伦 杰威尔音乐 | 周杰伦 歌曲 | 周杰伦 歌词版 | 周杰伦 演唱会 | 周杰伦 现场 Live | 周杰伦 高音质,2026-07-31T14:06:15.904475+00:00
GDBD6h8BWIc,https://www.youtube.com/watch?v=GDBD6h8BWIc,周杰倫 Jay Chou【天台的月光 Moonlight on the Rooftop】Official Music Video,周杰倫 Jay Chou,UC8CU5nVhCQIdAGrFFp4loOQ,160,,,,976430,周杰伦 1080P MV | 周杰伦 Official Music Video,2026-07-31T14:06:15.904475+00:00
r2fyBxrO9TQ,https://www.youtube.com/watch?v=r2fyBxrO9TQ,周杰倫 Jay Chou【天涯過客 Passer-by】MV Behind The Scenes,周杰倫 Jay Chou,UC8CU5nVhCQIdAGrFFp4loOQ,266,,,,191671,周杰伦 lyric video | 周杰伦 完整版,2026-07-31T14:06:15.904475+00:00
8ahDPWGiMNE,https://www.youtube.com/watch?v=8ahDPWGiMNE,周杰倫 Jay Chou【天涯過客 Passer-by】MV Lyrics Ver.,周杰倫 Jay Chou,UC8CU5nVhCQIdAGrFFp4loOQ,252,,,,1239613,周杰伦 lyric video,2026-07-31T14:06:15.904475+00:00
-gJzlOJ0Zoo,https://www.youtube.com/watch?v=-gJzlOJ0Zoo,周杰倫 Jay Chou【天涯過客 Passer-by】Official MV,周杰倫 Jay Chou,UC8CU5nVhCQIdAGrFFp4loOQ,253,,,,15365423,Jay Chou Official MV | 周杰伦 JVR Music | 周杰伦 Official Music Video | 周杰伦 lyric video | 周杰伦 官方 MV | 周杰伦 杰威尔音乐 | 周杰伦 歌曲 | 周杰伦 高音质,2026-07-31T14:06:15.904475+00:00
Emt2HzdpyVc,https://www.youtube.com/watch?v=Emt2HzdpyVc,周杰倫 Jay Chou【太陽之子 Children Of The Sun】專輯開箱!!!!!!!!!‪ @jaychou,廖奕暘Eric Liaw,UClmCRViKZO8GTNTQLfO0QPw,457,,,,932,周杰伦 专辑,2026-07-31T14:06:15.904475+00:00
gqzlB7Gla2E,https://www.youtube.com/watch?v=gqzlB7Gla2E,周杰倫 Jay Chou【她的睫毛 Her Eyelashes】-Official Music Video,周杰倫 Jay Chou,UC8CU5nVhCQIdAGrFFp4loOQ,232,,,,6043115,Jay Chou Official MV | 周杰伦 JVR Music | 周杰伦 Official Music Video | 周杰伦 lyric video | 周杰伦 官方 MV | 周杰伦 杰威尔音乐 | 周杰伦 歌曲 | 周杰伦 歌词版 | 周杰伦 演唱会 | 周杰伦 现场 Live | 周杰伦 高音质,2026-07-31T14:06:15.904475+00:00
uAUBexRRFr0,https://www.youtube.com/watch?v=uAUBexRRFr0,周杰倫 Jay Chou【好久不見 Long Time No See】Official MV,周杰倫 Jay Chou,UC8CU5nVhCQIdAGrFFp4loOQ,258,,,,6417386,Jay Chou Official MV | 周杰伦 JVR Music | 周杰伦 Official Music Video | 周杰伦 lyric video | 周杰伦 完整版 | 周杰伦 官方 MV | 周杰伦 杰威尔音乐 | 周杰伦 歌曲 | 周杰伦 歌词版 | 周杰伦 演唱会 | 周杰伦 高音质,2026-07-31T14:06:15.904475+00:00
9RQPJqy1ze4,https://www.youtube.com/watch?v=9RQPJqy1ze4,周杰倫 Jay Chou【好久不見 Long Time No See】Official MV [4K],杰威爾歌詞MV頻道JVR Lyric MV,UCsMWXIFViw8KxCl1i7X8deA,259,,,,1047,周杰伦 4K MV,2026-07-31T14:06:15.904475+00:00
kLY11fv7fUk,https://www.youtube.com/watch?v=kLY11fv7fUk,周杰倫 Jay Chou【妳聽得到 You Hear Me】-Official Music Video,周杰倫 Jay Chou,UC8CU5nVhCQIdAGrFFp4loOQ,278,,,,6477576,Jay Chou Official MV | 周杰伦 4K MV | 周杰伦 JVR Music | 周杰伦 Official Music Video | 周杰伦 官方 MV | 周杰伦 杰威尔音乐 | 周杰伦 歌曲 | 周杰伦 演唱会,2026-07-31T14:06:15.904475+00:00
lCzWCxVAkfc,https://www.youtube.com/watch?v=lCzWCxVAkfc,周杰倫 Jay Chou【威廉古堡 William Castle】Official MV,周杰倫 Jay Chou,UC8CU5nVhCQIdAGrFFp4loOQ,235,,,,4304837,Jay Chou Official MV | 周杰伦 JVR Music | 周杰伦 Official Music Video | 周杰伦 lyric video | 周杰伦 专辑 | 周杰伦 完整版 | 周杰伦 官方 MV | 周杰伦 杰威尔音乐 | 周杰伦 歌曲 | 周杰伦 歌词版,2026-07-31T14:06:15.904475+00:00
MpP9dw_j2PI,https://www.youtube.com/watch?v=MpP9dw_j2PI,周杰倫 Jay Chou【娘子 Wife】-Official Music Video,周杰倫 Jay Chou,UC8CU5nVhCQIdAGrFFp4loOQ,272,,,,3331650,Jay Chou Official MV | 周杰伦 JVR Music | 周杰伦 Official Music Video | 周杰伦 lyric video | 周杰伦 完整版 | 周杰伦 官方 MV | 周杰伦 歌曲 | 周杰伦 歌词版 | 周杰伦 现场 Live,2026-07-31T14:06:15.904475+00:00
1hI-7vj2FhE,https://www.youtube.com/watch?v=1hI-7vj2FhE,周杰倫 Jay Chou【安靜 Silence】Official MV,周杰倫 Jay Chou,UC8CU5nVhCQIdAGrFFp4loOQ,332,,,,63627745,Jay Chou Official MV | 周杰伦 4K MV | 周杰伦 JVR Music | 周杰伦 Official Music Video | 周杰伦 lyric video | 周杰伦 专辑 | 周杰伦 完整版 | 周杰伦 官方 MV | 周杰伦 杰威尔音乐 | 周杰伦 歌曲 | 周杰伦 歌词版 | 周杰伦 演唱会,2026-07-31T14:06:15.904475+00:00
gxZHH8x2zPg,https://www.youtube.com/watch?v=gxZHH8x2zPg,周杰倫 Jay Chou【完美主義 Perfectionism】-Official Music Video,周杰倫 Jay Chou,UC8CU5nVhCQIdAGrFFp4loOQ,245,,,,3082640,Jay Chou Official MV | 周杰伦 Official Music Video | 周杰伦 lyric video | 周杰伦 完整版 | 周杰伦 官方 MV | 周杰伦 歌曲 | 周杰伦 歌词版 | 周杰伦 现场 Live,2026-07-31T14:06:15.904475+00:00
PaJdceSx4JA,https://www.youtube.com/watch?v=PaJdceSx4JA,周杰倫 Jay Chou【將軍 General】-Official Music Video,周杰倫 Jay Chou,UC8CU5nVhCQIdAGrFFp4loOQ,212,,,,3484158,Jay Chou Official MV | 周杰伦 4K MV | 周杰伦 完整版 | 周杰伦 官方 MV | 周杰伦 歌曲 | 周杰伦 歌词版 | 周杰伦 现场 Live,2026-07-31T14:06:15.904475+00:00
n13XsI73yzs,https://www.youtube.com/watch?v=n13XsI73yzs,周杰倫 Jay Chou【將軍 General】Official Music Video [4K],杰威爾歌詞MV頻道JVR Lyric MV,UCsMWXIFViw8KxCl1i7X8deA,212,,,,1117,周杰伦 JVR Music,2026-07-31T14:06:15.904475+00:00
N2DkKFxijv0,https://www.youtube.com/watch?v=N2DkKFxijv0,周杰倫 Jay Chou【對不起 Sorry】Official MV,周杰倫 Jay Chou,UC8CU5nVhCQIdAGrFFp4loOQ,226,,,,3660599,Jay Chou Official MV | 周杰伦 Official Music Video | 周杰伦 lyric video | 周杰伦 完整版 | 周杰伦 官方 MV | 周杰伦 歌曲 | 周杰伦 歌词版 | 周杰伦 现场 Live,2026-07-31T14:06:15.904475+00:00
Kzn8p3sAUEU,https://www.youtube.com/watch?v=Kzn8p3sAUEU,周杰倫 Jay Chou【對不起 Sorry】Official MV [4K],杰威爾歌詞MV頻道JVR Lyric MV,UCsMWXIFViw8KxCl1i7X8deA,226,,,,654,周杰伦 4K MV,2026-07-31T14:06:15.904475+00:00
-7r6VqSllNg,https://www.youtube.com/watch?v=-7r6VqSllNg,周杰倫 Jay Chou【床邊故事 Bedtime Stories】Official MV,周杰倫 Jay Chou,UC8CU5nVhCQIdAGrFFp4loOQ,229,,,,13701658,Jay Chou Official MV | 周杰伦 JVR Music | 周杰伦 Official Music Video | 周杰伦 lyric video | 周杰伦 专辑 | 周杰伦 完整版 | 周杰伦 官方 MV | 周杰伦 杰威尔音乐 | 周杰伦 歌词版,2026-07-31T14:06:15.904475+00:00
WxZvXPTBC0A,https://www.youtube.com/watch?v=WxZvXPTBC0A,周杰倫 Jay Chou【彩虹 Rainbow】-Official Music Video,周杰倫 Jay Chou,UC8CU5nVhCQIdAGrFFp4loOQ,273,,,,33401989,Jay Chou Official MV | 周杰伦 JVR Music | 周杰伦 Official Music Video | 周杰伦 lyric video | 周杰伦 专辑 | 周杰伦 完整版 | 周杰伦 杰威尔音乐 | 周杰伦 歌曲 | 周杰伦 歌词版 | 周杰伦 演唱会,2026-07-31T14:06:15.904475+00:00
xVTI5eSzwzQ,https://www.youtube.com/watch?v=xVTI5eSzwzQ,周杰倫 Jay Chou【心雨 Rainy Mood】-Official Music Video,周杰倫 Jay Chou,UC8CU5nVhCQIdAGrFFp4loOQ,268,,,,11056351,Jay Chou Official MV | 周杰伦 JVR Music | 周杰伦 Official Music Video | 周杰伦 lyric video | 周杰伦 完整版 | 周杰伦 官方 MV | 周杰伦 杰威尔音乐 | 周杰伦 歌曲 | 周杰伦 歌词版 | 周杰伦 现场 Live,2026-07-31T14:06:15.904475+00:00
55yJh4SHUBY,https://www.youtube.com/watch?v=55yJh4SHUBY,周杰倫 Jay Chou【忍者 Ninja】Official MV,周杰倫 Jay Chou,UC8CU5nVhCQIdAGrFFp4loOQ,160,,,,4592295,周杰伦 JVR Music | 周杰伦 lyric video | 周杰伦 专辑 | 周杰伦 完整版 | 周杰伦 官方 MV | 周杰伦 杰威尔音乐 | 周杰伦 歌曲 | 周杰伦 歌词版 | 周杰伦 演唱会,2026-07-31T14:06:15.904475+00:00
RcdscWaat_w,https://www.youtube.com/watch?v=RcdscWaat_w,周杰倫 Jay Chou【怎麼了 What's Wrong (feat. 袁詠琳 Cindy)】Official MV,周杰倫 Jay Chou,UC8CU5nVhCQIdAGrFFp4loOQ,233,,,,16357006,Jay Chou Official MV | 周杰伦 JVR Music | 周杰伦 Official Music Video | 周杰伦 lyric video | 周杰伦 官方 MV | 周杰伦 杰威尔音乐 | 周杰伦 歌曲,2026-07-31T14:06:15.904475+00:00
9_K_YLOFvZo,https://www.youtube.com/watch?v=9_K_YLOFvZo,"周杰倫 Jay Chou【愛你沒差 Love you, no matter what】MV Behind The Scenes",周杰倫 Jay Chou,UC8CU5nVhCQIdAGrFFp4loOQ,310,,,,223592,Jay Chou Official MV | 周杰伦 完整版 | 周杰伦 官方 MV | 周杰伦 现场 Live,2026-07-31T14:06:15.904475+00:00
miBGaUagOz8,https://www.youtube.com/watch?v=miBGaUagOz8,"周杰倫 Jay Chou【愛你沒差 Love you, no matter what】Official MV",周杰倫 Jay Chou,UC8CU5nVhCQIdAGrFFp4loOQ,286,,,,40061776,Jay Chou Official MV | 周杰伦 JVR Music | 周杰伦 Official Music Video | 周杰伦 lyric video | 周杰伦 官方 MV | 周杰伦 杰威尔音乐 | 周杰伦 歌曲 | 周杰伦 现场 Live,2026-07-31T14:06:15.904475+00:00
5XK2C9w6oVk,https://www.youtube.com/watch?v=5XK2C9w6oVk,周杰倫 Jay Chou【愛在西元前 Love before AD】Official MV,周杰倫 Jay Chou,UC8CU5nVhCQIdAGrFFp4loOQ,239,,,,25615586,Jay Chou Official MV | 周杰伦 JVR Music | 周杰伦 Official Music Video | 周杰伦 lyric video | 周杰伦 专辑 | 周杰伦 完整版 | 周杰伦 官方 MV | 周杰伦 杰威尔音乐 | 周杰伦 歌曲 | 周杰伦 歌词版 | 周杰伦 演唱会 | 周杰伦 现场 Live,2026-07-31T14:06:15.904475+00:00
2kdYSeoHChg,https://www.youtube.com/watch?v=2kdYSeoHChg,周杰倫 Jay Chou【愛情廢柴 Failure at love】Official MV,周杰倫 Jay Chou,UC8CU5nVhCQIdAGrFFp4loOQ,280,,,,60950325,Jay Chou Official MV | 周杰伦 JVR Music | 周杰伦 Official Music Video | 周杰伦 lyric video | 周杰伦 完整版 | 周杰伦 官方 MV | 周杰伦 杰威尔音乐 | 周杰伦 歌曲 | 周杰伦 歌词版,2026-07-31T14:06:15.904475+00:00
MVqvCTrAwdY,https://www.youtube.com/watch?v=MVqvCTrAwdY,周杰倫 Jay Chou【愛情廢柴 Failure at love】Official MV [4K],杰威爾歌詞MV頻道JVR Lyric MV,UCsMWXIFViw8KxCl1i7X8deA,280,,,,4822,周杰伦 4K MV,2026-07-31T14:06:15.904475+00:00
H5VQdhYh9rc,https://www.youtube.com/watch?v=H5VQdhYh9rc,周杰倫 Jay Chou【愛情懸崖 Cliff】-Official Music Video,周杰倫 Jay Chou,UC8CU5nVhCQIdAGrFFp4loOQ,270,,,,3835041,Jay Chou Official MV | 周杰伦 Official Music Video | 周杰伦 演唱会,2026-07-31T14:06:15.904475+00:00
odNYK272RtQ,https://www.youtube.com/watch?v=odNYK272RtQ,周杰倫 Jay Chou【愛的飛行日記 Diary of Love (feat. 楊瑞代 Gary)】Official MV,周杰倫 Jay Chou,UC8CU5nVhCQIdAGrFFp4loOQ,256,,,,5279468,Jay Chou Official MV | 周杰伦 JVR Music | 周杰伦 Official Music Video | 周杰伦 lyric video | 周杰伦 完整版 | 周杰伦 官方 MV | 周杰伦 杰威尔音乐 | 周杰伦 歌曲 | 周杰伦 歌词版 | 周杰伦 演唱会,2026-07-31T14:06:15.904475+00:00
4TqRlU9lEHw,https://www.youtube.com/watch?v=4TqRlU9lEHw,周杰倫 Jay Chou【愛的飛行日記 Diary of Love】Official MV 4K,杰威爾歌詞MV頻道JVR Lyric MV,UCsMWXIFViw8KxCl1i7X8deA,257,,,,437,周杰伦 4K MV,2026-07-31T14:06:15.904475+00:00
Xi_RBDWZaT0,https://www.youtube.com/watch?v=Xi_RBDWZaT0,周杰倫 Jay Chou【懦夫 Coward】-Official Music Video,周杰倫 Jay Chou,UC8CU5nVhCQIdAGrFFp4loOQ,218,,,,1612095,Jay Chou Official MV | 周杰伦 1080P MV | 周杰伦 Official Music Video | 周杰伦 lyric video | 周杰伦 完整版 | 周杰伦 官方 MV | 周杰伦 歌曲 | 周杰伦 歌词版 | 周杰伦 现场 Live | 周杰伦 高音质,2026-07-31T14:06:15.904475+00:00
s-VFpsrbWLk,https://www.youtube.com/watch?v=s-VFpsrbWLk,周杰倫 Jay Chou【我不配 Not Good Enough For You】-Official Music Video,周杰倫 Jay Chou,UC8CU5nVhCQIdAGrFFp4loOQ,318,,,,38244714,Jay Chou Official MV | 周杰伦 JVR Music | 周杰伦 Official Music Video | 周杰伦 lyric video | 周杰伦 专辑 | 周杰伦 完整版 | 周杰伦 官方 MV | 周杰伦 杰威尔音乐 | 周杰伦 歌曲 | 周杰伦 歌词版 | 周杰伦 演唱会 | 周杰伦 现场 Live,2026-07-31T14:06:15.904475+00:00
TbFWYT9VGRk,https://www.youtube.com/watch?v=TbFWYT9VGRk,周杰倫 Jay Chou【我是如此相信 I Truly Believe】(電影天火主題曲) Official MV,周杰倫 Jay Chou,UC8CU5nVhCQIdAGrFFp4loOQ,266,,,,25054018,Jay Chou Official MV | 周杰伦 4K MV | 周杰伦 JVR Music | 周杰伦 Official Music Video | 周杰伦 lyric video | 周杰伦 专辑 | 周杰伦 完整版 | 周杰伦 官方 MV | 周杰伦 杰威尔音乐 | 周杰伦 歌曲 | 周杰伦 歌词版 | 周杰伦 演唱会 | 周杰伦 现场 Live | 周杰伦 高音质,2026-07-31T14:06:15.904475+00:00
RJerfq6MqY0,https://www.youtube.com/watch?v=RJerfq6MqY0,周杰倫 Jay Chou【我的地盤 My Territory】-Official Music Video,周杰倫 Jay Chou,UC8CU5nVhCQIdAGrFFp4loOQ,251,,,,2616843,周杰伦 JVR Music | 周杰伦 Official Music Video | 周杰伦 lyric video | 周杰伦 完整版 | 周杰伦 现场 Live,2026-07-31T14:06:15.904475+00:00
6d0v2InyN_w,https://www.youtube.com/watch?v=6d0v2InyN_w,周杰倫 Jay Chou【我落淚 情緒零碎 Tears of Scattered Emotion】Official MV,周杰倫 Jay Chou,UC8CU5nVhCQIdAGrFFp4loOQ,257,,,,14655909,Jay Chou Official MV | 周杰伦 JVR Music | 周杰伦 Official Music Video | 周杰伦 完整版 | 周杰伦 官方 MV | 周杰伦 杰威尔音乐 | 周杰伦 歌曲 | 周杰伦 歌词版 | 周杰伦 演唱会 | 周杰伦 现场 Live,2026-07-31T14:06:15.904475+00:00
3LFDEeLm0ss,https://www.youtube.com/watch?v=3LFDEeLm0ss,周杰倫 Jay Chou【我要夏天 I Want Summer (feat. 楊瑞代 Gary)】Official MV,周杰倫 Jay Chou,UC8CU5nVhCQIdAGrFFp4loOQ,230,,,,7112214,Jay Chou Official MV | 周杰伦 1080P MV | 周杰伦 lyric video,2026-07-31T14:06:15.904475+00:00
YfmgOXR1_d8,https://www.youtube.com/watch?v=YfmgOXR1_d8,周杰倫 Jay Chou【我要夏天 I Want Summer (feat. 楊瑞代 Gary)】Official MV [4K],杰威爾歌詞MV頻道JVR Lyric MV,UCsMWXIFViw8KxCl1i7X8deA,230,,,,66710,周杰伦 4K MV,2026-07-31T14:06:15.904475+00:00
xOYt__f6rME,https://www.youtube.com/watch?v=xOYt__f6rME,周杰倫 Jay Chou【我要夏天 I Want Summer】MV Behind The Scenes,周杰倫 Jay Chou,UC8CU5nVhCQIdAGrFFp4loOQ,259,,,,323485,Jay Chou Official MV | 周杰伦 Official Music Video | 周杰伦 lyric video | 周杰伦 完整版 | 周杰伦 官方 MV,2026-07-31T14:06:15.904475+00:00
UrMxv_1yCh8,https://www.youtube.com/watch?v=UrMxv_1yCh8,周杰倫 Jay Chou【手寫的從前 Handwritten Past】MV Behind The Scenes,周杰倫 Jay Chou,UC8CU5nVhCQIdAGrFFp4loOQ,277,,,,257047,周杰伦 官方 MV,2026-07-31T14:06:15.904475+00:00
50Cg23GOMCQ,https://www.youtube.com/watch?v=50Cg23GOMCQ,周杰倫 Jay Chou【手寫的從前 Handwritten Past】Official MV,Johnson Chin,UCIh9sFxxLw0CTIlfbBCx08w,295,,,,199,周杰伦 1080P MV,2026-07-31T14:06:15.904475+00:00
TMB6-YflpA4,https://www.youtube.com/watch?v=TMB6-YflpA4,周杰倫 Jay Chou【手寫的從前 Handwritten Past】Official MV,周杰倫 Jay Chou,UC8CU5nVhCQIdAGrFFp4loOQ,295,,,,68470855,Jay Chou Official MV | 周杰伦 lyric video | 周杰伦 专辑 | 周杰伦 完整版 | 周杰伦 官方 MV | 周杰伦 歌曲 | 周杰伦 歌词版 | 周杰伦 演唱会 | 周杰伦 现场 Live,2026-07-31T14:06:15.904475+00:00
f5hakuX3lCA,https://www.youtube.com/watch?v=f5hakuX3lCA,周杰倫 Jay Chou【扯 Pull Apart】-Official Music Video,周杰倫 Jay Chou,UC8CU5nVhCQIdAGrFFp4loOQ,198,,,,1577072,Jay Chou Official MV | 周杰伦 4K MV | 周杰伦 JVR Music | 周杰伦 Official Music Video | 周杰伦 lyric video | 周杰伦 完整版 | 周杰伦 官方 MV | 周杰伦 歌曲 | 周杰伦 歌词版,2026-07-31T14:06:15.904475+00:00
YJfHuATJYsQ,https://www.youtube.com/watch?v=YJfHuATJYsQ,周杰倫 Jay Chou【擱淺 Step Aside】-Official Music Video,周杰倫 Jay Chou,UC8CU5nVhCQIdAGrFFp4loOQ,269,,,,81887108,Jay Chou Official MV | 周杰伦 4K MV | 周杰伦 JVR Music | 周杰伦 Official Music Video | 周杰伦 lyric video | 周杰伦 专辑 | 周杰伦 完整版 | 周杰伦 杰威尔音乐 | 周杰伦 歌曲 | 周杰伦 歌词版 | 周杰伦 演唱会 | 周杰伦 现场 Live | 周杰伦 高音质,2026-07-31T14:06:15.904475+00:00
n_KlMpP0vdw,https://www.youtube.com/watch?v=n_KlMpP0vdw,周杰倫 Jay Chou【斷了的弦 Broken Strings】Official MV,周杰倫 Jay Chou,UC8CU5nVhCQIdAGrFFp4loOQ,295,,,,9946295,Jay Chou Official MV | 周杰伦 JVR Music | 周杰伦 Official Music Video | 周杰伦 lyric video | 周杰伦 官方 MV | 周杰伦 杰威尔音乐 | 周杰伦 歌曲 | 周杰伦 高音质,2026-07-31T14:06:15.904475+00:00
6yjCff2oytY,https://www.youtube.com/watch?v=6yjCff2oytY,周杰倫 Jay Chou【斷了的弦 Broken Strings】Official MV (Reaction),Smitty Reacts,UCA_uGBFm63V8D-rmzmVH8AQ,515,,,,1454,Jay Chou Official MV,2026-07-31T14:06:15.904475+00:00
DOF53NfCqzo,https://www.youtube.com/watch?v=DOF53NfCqzo,周杰倫 Jay Chou【明明就 Ming Ming Jiu】MV Behind The Scenes,周杰倫 Jay Chou,UC8CU5nVhCQIdAGrFFp4loOQ,238,,,,315019,Jay Chou Official MV,2026-07-31T14:06:15.904475+00:00
2Mkbiz3Z7-s,https://www.youtube.com/watch?v=2Mkbiz3Z7-s,周杰倫 Jay Chou【明明就 Ming Ming Jiu】Official MV,快播电影Music,UCoIA1QTHYop7Y_iuQhr9byg,260,,,,10,周杰伦 1080P MV,2026-07-31T14:06:15.904475+00:00
UBySINroNkw,https://www.youtube.com/watch?v=UBySINroNkw,周杰倫 Jay Chou【明明就 Ming Ming Jiu】Official MV,周杰倫 Jay Chou,UC8CU5nVhCQIdAGrFFp4loOQ,260,,,,108540242,Jay Chou Official MV | 周杰伦 Official Music Video | 周杰伦 lyric video | 周杰伦 完整版 | 周杰伦 官方 MV | 周杰伦 歌曲 | 周杰伦 歌词版 | 周杰伦 现场 Live,2026-07-31T14:06:15.904475+00:00
sTNJsIcPSvE,https://www.youtube.com/watch?v=sTNJsIcPSvE,周杰倫 Jay Chou【星晴 Starry Mood】-Official Music Video,周杰倫 Jay Chou,UC8CU5nVhCQIdAGrFFp4loOQ,258,,,,12833154,Jay Chou Official MV | 周杰伦 4K MV | 周杰伦 JVR Music | 周杰伦 Official Music Video | 周杰伦 lyric video | 周杰伦 完整版 | 周杰伦 官方 MV | 周杰伦 杰威尔音乐 | 周杰伦 歌曲 | 周杰伦 歌词版 | 周杰伦 现场 Live | 周杰伦 高音质,2026-07-31T14:06:15.904475+00:00
nCfrfCzaB2A,https://www.youtube.com/watch?v=nCfrfCzaB2A,周杰倫 Jay Chou【時光機 Time Machine】-Official Music Video,周杰倫 Jay Chou,UC8CU5nVhCQIdAGrFFp4loOQ,311,,,,10140387,Jay Chou Official MV | 周杰伦 JVR Music | 周杰伦 Official Music Video | 周杰伦 lyric video | 周杰伦 完整版 | 周杰伦 杰威尔音乐 | 周杰伦 歌曲 | 周杰伦 演唱会,2026-07-31T14:06:15.904475+00:00
DYptgVvkVLQ,https://www.youtube.com/watch?v=DYptgVvkVLQ,周杰倫 Jay Chou【晴天 Sunny Day】-Official Music Video,周杰倫 Jay Chou,UC8CU5nVhCQIdAGrFFp4loOQ,319,,,,95174870,Jay Chou Official MV | 周杰伦 4K MV | 周杰伦 JVR Music | 周杰伦 Official Music Video | 周杰伦 lyric video | 周杰伦 完整版 | 周杰伦 官方 MV | 周杰伦 歌曲 | 周杰伦 歌词版 | 周杰伦 演唱会 | 周杰伦 高音质,2026-07-31T14:06:15.904475+00:00
CYT9DPJdtS4,https://www.youtube.com/watch?v=CYT9DPJdtS4,周杰倫 Jay Chou【暗號 Secret Code】Official MV,周杰倫 Jay Chou,UC8CU5nVhCQIdAGrFFp4loOQ,268,,,,15917488,Jay Chou Official MV | 周杰伦 4K MV | 周杰伦 JVR Music | 周杰伦 Official Music Video | 周杰伦 lyric video | 周杰伦 专辑 | 周杰伦 完整版 | 周杰伦 官方 MV | 周杰伦 杰威尔音乐 | 周杰伦 歌曲 | 周杰伦 歌词版 | 周杰伦 演唱会 | 周杰伦 现场 Live,2026-07-31T14:06:15.904475+00:00
1emA1EFsPMM,https://www.youtube.com/watch?v=1emA1EFsPMM,周杰倫 Jay Chou【最偉大的作品 Greatest Works of Art】Official MV,周杰倫 Jay Chou,UC8CU5nVhCQIdAGrFFp4loOQ,306,,,,31624469,Jay Chou Official MV | 周杰伦 4K MV | 周杰伦 JVR Music | 周杰伦 Official Music Video | 周杰伦 lyric video | 周杰伦 专辑 | 周杰伦 官方 MV | 周杰伦 现场 Live | 周杰伦 高音质,2026-07-31T14:06:15.904475+00:00
pfddasggJ94,https://www.youtube.com/watch?v=pfddasggJ94,周杰倫 Jay Chou【最偉大的作品 Greatest Works of Art】Official MV | REACTION!!!,sanaxsafa,UCqJVQ7dQQE2l0V9Brm5lbDA,356,,,,1177,Jay Chou Official MV,2026-07-31T14:06:15.904475+00:00
QXfYJxpHnsA,https://www.youtube.com/watch?v=QXfYJxpHnsA,周杰倫 Jay Chou【最偉大的作品】Official MV REACTION 我的青春回來了!!!,廖奕暘Eric Liaw,UClmCRViKZO8GTNTQLfO0QPw,565,,,,5023,Jay Chou Official MV,2026-07-31T14:06:15.904475+00:00
ZcShYmOhHM0,https://www.youtube.com/watch?v=ZcShYmOhHM0,周杰倫 Jay Chou【最後的戰役 The Final Battle】Official MV,周杰倫 Jay Chou,UC8CU5nVhCQIdAGrFFp4loOQ,344,,,,5413878,Jay Chou Official MV | 周杰伦 JVR Music | 周杰伦 Official Music Video | 周杰伦 lyric video | 周杰伦 专辑 | 周杰伦 完整版 | 周杰伦 官方 MV | 周杰伦 歌曲 | 周杰伦 歌词版 | 周杰伦 演唱会 | 周杰伦 现场 Live | 周杰伦 高音质,2026-07-31T14:06:15.904475+00:00
DpRje0eC7RE,https://www.youtube.com/watch?v=DpRje0eC7RE,周杰倫 Jay Chou【最後的戰役(電影版) The Last Battle (Movie Version)】Official MV,周杰倫 Jay Chou,UC8CU5nVhCQIdAGrFFp4loOQ,842,,,,395213,Jay Chou Official MV | 周杰伦 Official Music Video | 周杰伦 lyric video | 周杰伦 完整版 | 周杰伦 歌曲 | 周杰伦 现场 Live,2026-07-31T14:06:15.904475+00:00
2zxc27bvrO8,https://www.youtube.com/watch?v=2zxc27bvrO8,周杰倫 Jay Chou【最長的電影 The Longest Movie】-Official Music Video,周杰倫 Jay Chou,UC8CU5nVhCQIdAGrFFp4loOQ,238,,,,42310135,Jay Chou Official MV | 周杰伦 JVR Music | 周杰伦 Official Music Video | 周杰伦 lyric video | 周杰伦 官方 MV | 周杰伦 杰威尔音乐 | 周杰伦 歌曲 | 周杰伦 歌词版 | 周杰伦 演唱会,2026-07-31T14:06:15.904475+00:00
8CD06hC1KGU,https://www.youtube.com/watch?v=8CD06hC1KGU,周杰倫 Jay Chou【本草綱目Chinese Herbal Manual】-Official Music Video,周杰倫 Jay Chou,UC8CU5nVhCQIdAGrFFp4loOQ,228,,,,14240318,周杰伦 1080P MV | 周杰伦 JVR Music | 周杰伦 Official Music Video | 周杰伦 lyric video | 周杰伦 官方 MV | 周杰伦 歌曲 | 周杰伦 歌词版,2026-07-31T14:06:15.904475+00:00
JoArraXD6Yw,https://www.youtube.com/watch?v=JoArraXD6Yw,周杰倫 Jay Chou【本草綱目Chinese Herbal Manual】－中文／eng lyrics,Yura's music lyrics channel,UC5UXlU86d7jTTVllq7pZMWg,227,,,,1723,周杰伦 JVR Music,2026-07-31T14:06:15.904475+00:00
qct0JLjaHDc,https://www.youtube.com/watch?v=qct0JLjaHDc,周杰倫 Jay Chou【東風破 Dong-Feng-Po】-Official Music Video,周杰倫 Jay Chou,UC8CU5nVhCQIdAGrFFp4loOQ,314,,,,19546493,Jay Chou Official MV | 周杰伦 JVR Music | 周杰伦 Official Music Video | 周杰伦 lyric video | 周杰伦 专辑 | 周杰伦 官方 MV | 周杰伦 杰威尔音乐 | 周杰伦 歌曲 | 周杰伦 歌词版,2026-07-31T14:06:15.904475+00:00
u9J99gB5psc,https://www.youtube.com/watch?v=u9J99gB5psc,周杰倫 Jay Chou【梯田 Terrace Field】-Official Music Video,周杰倫 Jay Chou,UC8CU5nVhCQIdAGrFFp4loOQ,209,,,,2010550,Jay Chou Official MV | 周杰伦 Official Music Video | 周杰伦 lyric video | 周杰伦 完整版 | 周杰伦 官方 MV | 周杰伦 歌曲 | 周杰伦 歌词版 | 周杰伦 现场 Live,2026-07-31T14:06:15.904475+00:00
qzwsQTY-99o,https://www.youtube.com/watch?v=qzwsQTY-99o,周杰倫 Jay Chou【楓Maple Leaf 】-Official Music Video,周杰倫 Jay Chou,UC8CU5nVhCQIdAGrFFp4loOQ,286,,,,83035637,Jay Chou Official MV | 周杰伦 1080P MV | 周杰伦 JVR Music | 周杰伦 Official Music Video | 周杰伦 lyric video | 周杰伦 专辑 | 周杰伦 完整版 | 周杰伦 官方 MV | 周杰伦 杰威尔音乐 | 周杰伦 歌曲 | 周杰伦 歌词版 | 周杰伦 现场 Live,2026-07-31T14:06:15.904475+00:00
ad-9MCmzKpU,https://www.youtube.com/watch?v=ad-9MCmzKpU,周杰倫 Jay Chou【止戰之殤 Wounds of War】 - Lyric Video,杰威爾歌詞MV頻道JVR Lyric MV,UCsMWXIFViw8KxCl1i7X8deA,251,,,,4806,周杰伦 JVR Music | 周杰伦 杰威尔音乐,2026-07-31T14:06:15.904475+00:00
qIZ5MAwbeCg,https://www.youtube.com/watch?v=qIZ5MAwbeCg,周杰倫 Jay Chou【止戰之殤 Wounds of War】-Official Music Video,周杰倫 Jay Chou,UC8CU5nVhCQIdAGrFFp4loOQ,278,,,,18962133,Jay Chou Official MV | 周杰伦 4K MV | 周杰伦 JVR Music | 周杰伦 Official Music Video | 周杰伦 lyric video | 周杰伦 专辑 | 周杰伦 官方 MV | 周杰伦 杰威尔音乐 | 周杰伦 歌曲 | 周杰伦 歌词版 | 周杰伦 演唱会 | 周杰伦 现场 Live | 周杰伦 高音质,2026-07-31T14:06:15.904475+00:00
eH11QnSX2-M,https://www.youtube.com/watch?v=eH11QnSX2-M,周杰倫 Jay Chou【止戰之殤 Wounds of War】-Official Music Video REACTION,Cashvstheworld,UCm2bHss1tM_WbJWnv_dR9Rg,364,,,,15363,Jay Chou Official MV | 周杰伦 Official Music Video,2026-07-31T14:06:15.904475+00:00
P_XikgjUOS0,https://www.youtube.com/watch?v=P_XikgjUOS0,周杰倫 Jay Chou【比較大的大提琴 A Larger Cello】Official MV,周杰倫 Jay Chou,UC8CU5nVhCQIdAGrFFp4loOQ,273,,,,4429501,Jay Chou Official MV,2026-07-31T14:06:15.904475+00:00
wUJ37I6au2w,https://www.youtube.com/watch?v=wUJ37I6au2w,周杰倫 Jay Chou【水手怕水 Sailor Afraid of Water】Official MV,周杰倫 Jay Chou,UC8CU5nVhCQIdAGrFFp4loOQ,173,,,,6082749,周杰伦 4K MV | 周杰伦 官方 MV,2026-07-31T14:06:15.904475+00:00
-ytYpXm3cv0,https://www.youtube.com/watch?v=-ytYpXm3cv0,周杰倫 Jay Chou【流浪詩人 Drifting Poet】-Official Music Video,周杰倫 Jay Chou,UC8CU5nVhCQIdAGrFFp4loOQ,172,,,,1312108,Jay Chou Official MV | 周杰伦 JVR Music | 周杰伦 Official Music Video | 周杰伦 lyric video | 周杰伦 完整版 | 周杰伦 官方 MV | 周杰伦 杰威尔音乐 | 周杰伦 歌曲 | 周杰伦 歌词版 | 周杰伦 现场 Live,2026-07-31T14:06:15.904475+00:00
Kbvu9Vt5_eE,https://www.youtube.com/watch?v=Kbvu9Vt5_eE,周杰倫 Jay Chou【浪漫手機 Romantic Cellphone】-Official Music Video,周杰倫 Jay Chou,UC8CU5nVhCQIdAGrFFp4loOQ,280,,,,8155083,Jay Chou Official MV | 周杰伦 JVR Music | 周杰伦 Official Music Video | 周杰伦 lyric video | 周杰伦 官方 MV | 周杰伦 杰威尔音乐 | 周杰伦 歌词版 | 周杰伦 演唱会,2026-07-31T14:06:15.904475+00:00
K5qKpFLWaoA,https://www.youtube.com/watch?v=K5qKpFLWaoA,周杰倫 Jay Chou【火車叨位去 The Train's Destination】Official MV,周杰倫 Jay Chou,UC8CU5nVhCQIdAGrFFp4loOQ,278,,,,2380213,Jay Chou Official MV | 周杰伦 JVR Music | 周杰伦 Official Music Video | 周杰伦 lyric video | 周杰伦 完整版 | 周杰伦 官方 MV | 周杰伦 歌曲 | 周杰伦 歌词版 | 周杰伦 演唱会 | 周杰伦 现场 Live,2026-07-31T14:06:15.904475+00:00
NFXpD4Bq3k8,https://www.youtube.com/watch?v=NFXpD4Bq3k8,周杰倫 Jay Chou【烏克麗麗 Ukulele】MV Behind The Scenes,周杰倫 Jay Chou,UC8CU5nVhCQIdAGrFFp4loOQ,256,,,,235469,Jay Chou Official MV | 周杰伦 Official Music Video | 周杰伦 完整版 | 周杰伦 官方 MV,2026-07-31T14:06:15.904475+00:00
-QqpEvN2Xd8,https://www.youtube.com/watch?v=-QqpEvN2Xd8,周杰倫 Jay Chou【烏克麗麗 Ukulele】Official MV,周杰倫 Jay Chou,UC8CU5nVhCQIdAGrFFp4loOQ,179,,,,10707036,周杰伦 Official Music Video | 周杰伦 lyric video | 周杰伦 完整版 | 周杰伦 官方 MV | 周杰伦 歌曲 | 周杰伦 歌词版,2026-07-31T14:06:15.904475+00:00
6kUZOnqPrtk,https://www.youtube.com/watch?v=6kUZOnqPrtk,周杰倫 Jay Chou【烏克麗麗 Ukulele】Official MV [4K],杰威爾歌詞MV頻道JVR Lyric MV,UCsMWXIFViw8KxCl1i7X8deA,179,,,,3008,周杰伦 4K MV | 周杰伦 JVR Music,2026-07-31T14:06:15.904475+00:00
IYiIL2ZgOK4,https://www.youtube.com/watch?v=IYiIL2ZgOK4,周杰倫 Jay Chou【無雙 Incomparable】-Official Music Video,周杰倫 Jay Chou,UC8CU5nVhCQIdAGrFFp4loOQ,234,,,,2123615,Jay Chou Official MV | 周杰伦 Official Music Video | 周杰伦 完整版 | 周杰伦 歌词版,2026-07-31T14:06:15.904475+00:00
COMHDRqAvYE,https://www.youtube.com/watch?v=COMHDRqAvYE,周杰倫 Jay Chou【煙花易冷 Fade Away】Official MV,周杰倫 Jay Chou,UC8CU5nVhCQIdAGrFFp4loOQ,267,,,,24653114,Jay Chou Official MV | 周杰伦 JVR Music | 周杰伦 Official Music Video | 周杰伦 完整版 | 周杰伦 官方 MV | 周杰伦 杰威尔音乐 | 周杰伦 歌曲 | 周杰伦 演唱会 | 周杰伦 现场 Live,2026-07-31T14:06:15.904475+00:00
yqtOCBK7cnI,https://www.youtube.com/watch?v=yqtOCBK7cnI,周杰倫 Jay Chou【煙花易冷 Fade Away】Official MV,JxWong Video World,UCUiWe5m0k0RbvLyvfciRUuA,504,,,,509,Jay Chou Official MV,2026-07-31T14:06:15.904475+00:00
P0l3I0d59mU,https://www.youtube.com/watch?v=P0l3I0d59mU,周杰倫 Jay Chou【煙花易冷 Fade Away】Official MV  [ 4K ],杰威爾歌詞MV頻道JVR Lyric MV,UCsMWXIFViw8KxCl1i7X8deA,267,,,,4273,周杰伦 4K MV,2026-07-31T14:06:15.904475+00:00
nhyT8HDT4lg,https://www.youtube.com/watch?v=nhyT8HDT4lg,"周杰倫 Jay Chou【爸 我回來了 Dad, I'm home】Official MV",周杰倫 Jay Chou,UC8CU5nVhCQIdAGrFFp4loOQ,230,,,,3736062,Jay Chou Official MV | 周杰伦 JVR Music | 周杰伦 Official Music Video | 周杰伦 lyric video | 周杰伦 完整版 | 周杰伦 官方 MV | 周杰伦 杰威尔音乐 | 周杰伦 歌曲 | 周杰伦 歌词版,2026-07-31T14:06:15.904475+00:00
LdPjnubLRN0,https://www.youtube.com/watch?v=LdPjnubLRN0,周杰倫 Jay Chou【爺爺泡的茶 Grandpa's Tea】Official MV,周杰倫 Jay Chou,UC8CU5nVhCQIdAGrFFp4loOQ,243,,,,9229990,Jay Chou Official MV | 周杰伦 JVR Music | 周杰伦 lyric video | 周杰伦 专辑 | 周杰伦 完整版 | 周杰伦 官方 MV | 周杰伦 杰威尔音乐 | 周杰伦 歌曲 | 周杰伦 歌词版 | 周杰伦 演唱会,2026-07-31T14:06:15.904475+00:00
9o20U91aJdg,https://www.youtube.com/watch?v=9o20U91aJdg,周杰倫 Jay Chou【牛仔很忙 Cowboy on the Run】-Official Music Video,周杰倫 Jay Chou,UC8CU5nVhCQIdAGrFFp4loOQ,169,,,,5817960,Jay Chou Official MV | 周杰伦 1080P MV | 周杰伦 JVR Music | 周杰伦 Official Music Video | 周杰伦 lyric video | 周杰伦 完整版 | 周杰伦 官方 MV | 周杰伦 杰威尔音乐 | 周杰伦 歌曲 | 周杰伦 歌词版 | 周杰伦 演唱会 | 周杰伦 现场 Live | 周杰伦 高音质,2026-07-31T14:06:15.904475+00:00
bW-6EF6Ayoo,https://www.youtube.com/watch?v=bW-6EF6Ayoo,周杰倫 Jay Chou【獻世 官方完整MV】concert in Hong Kong,周杰倫 Jay Chou,UC8CU5nVhCQIdAGrFFp4loOQ,261,,,,347897,Jay Chou Official MV | 周杰伦 1080P MV | 周杰伦 Official Music Video | 周杰伦 lyric video | 周杰伦 完整版 | 周杰伦 官方 MV,2026-07-31T14:06:15.904475+00:00
kYhh1PpsOg4,https://www.youtube.com/watch?v=kYhh1PpsOg4,周杰倫 Jay Chou【珊瑚海 Coral Sea (feat. 梁心頤 Lara)】-Official Music Video,周杰倫 Jay Chou,UC8CU5nVhCQIdAGrFFp4loOQ,264,,,,50748120,Jay Chou Official MV | 周杰伦 JVR Music | 周杰伦 Official Music Video | 周杰伦 lyric video | 周杰伦 专辑 | 周杰伦 官方 MV | 周杰伦 杰威尔音乐 | 周杰伦 歌词版 | 周杰伦 演唱会 | 周杰伦 现场 Live,2026-07-31T14:06:15.904475+00:00
yHoadRoVF-U,https://www.youtube.com/watch?v=yHoadRoVF-U,周杰倫 Jay Chou【琴傷 Piano of Sorrow】Official MV,周杰倫 Jay Chou,UC8CU5nVhCQIdAGrFFp4loOQ,200,,,,3472603,Jay Chou Official MV | 周杰伦 Official Music Video | 周杰伦 lyric video | 周杰伦 完整版 | 周杰伦 官方 MV | 周杰伦 歌曲 | 周杰伦 现场 Live,2026-07-31T14:06:15.904475+00:00
mm8T-lBXQXA,https://www.youtube.com/watch?v=mm8T-lBXQXA,周杰倫 Jay Chou【甜甜的 Sweet】-Official Music Video,周杰倫 Jay Chou,UC8CU5nVhCQIdAGrFFp4loOQ,242,,,,6542762,Jay Chou Official MV | 周杰伦 JVR Music | 周杰伦 Official Music Video | 周杰伦 lyric video | 周杰伦 完整版 | 周杰伦 官方 MV | 周杰伦 杰威尔音乐 | 周杰伦 演唱会,2026-07-31T14:06:15.904475+00:00
HSbkZRnjRBo,https://www.youtube.com/watch?v=HSbkZRnjRBo,周杰倫 Jay Chou【甜甜的 Sweet】Lyric Video,杰威爾歌詞MV頻道JVR Lyric MV,UCsMWXIFViw8KxCl1i7X8deA,240,,,,20537,周杰伦 杰威尔音乐,2026-07-31T14:06:15.904475+00:00
Aa5j0_61Xfo,https://www.youtube.com/watch?v=Aa5j0_61Xfo,周杰倫 Jay Chou【療傷燒肉粽 Healing Rice Dumpling】Official MV,周杰倫 Jay Chou,UC8CU5nVhCQIdAGrFFp4loOQ,192,,,,6157340,Jay Chou Official MV | 周杰伦 lyric video,2026-07-31T14:06:15.904475+00:00
K9CbHZLXPIA,https://www.youtube.com/watch?v=K9CbHZLXPIA,周杰倫 Jay Chou【白色風車 White Windmill】-Official Music Video,周杰倫 Jay Chou,UC8CU5nVhCQIdAGrFFp4loOQ,292,,,,20544349,Jay Chou Official MV | 周杰伦 JVR Music | 周杰伦 Official Music Video | 周杰伦 lyric video | 周杰伦 专辑 | 周杰伦 官方 MV | 周杰伦 杰威尔音乐 | 周杰伦 歌曲 | 周杰伦 歌词版 | 周杰伦 现场 Live | 周杰伦 高音质,2026-07-31T14:06:15.904475+00:00
qeW7xypeu6o,https://www.youtube.com/watch?v=qeW7xypeu6o,周杰倫 Jay Chou【皮影戲 Shadow Play】Official MV,周杰倫 Jay Chou,UC8CU5nVhCQIdAGrFFp4loOQ,214,,,,2597130,Jay Chou Official MV | 周杰伦 Official Music Video | 周杰伦 lyric video | 周杰伦 完整版 | 周杰伦 官方 MV | 周杰伦 歌曲 | 周杰伦 歌词版,2026-07-31T14:06:15.904475+00:00
knNnpv3KCn8,https://www.youtube.com/watch?v=knNnpv3KCn8,周杰倫 Jay Chou【皮影戲 Shadow Play】Official MV [4K],杰威爾歌詞MV頻道JVR Lyric MV,UCsMWXIFViw8KxCl1i7X8deA,214,,,,1511,周杰伦 4K MV,2026-07-31T14:06:15.904475+00:00
1CehOPhYnJE,https://www.youtube.com/watch?v=1CehOPhYnJE,周杰倫 Jay Chou【稻香 Rice Field】-Official Music Video,Ngọc Luân,UCAM1OrCkc4IIuCiGiybwFrQ,226,,,,4666,周杰伦 Official Music Video,2026-07-31T14:06:15.904475+00:00
sHD_z90ZKV0,https://www.youtube.com/watch?v=sHD_z90ZKV0,周杰倫 Jay Chou【稻香 Rice Field】-Official Music Video,周杰倫 Jay Chou,UC8CU5nVhCQIdAGrFFp4loOQ,224,,,,71103319,Jay Chou Official MV | 周杰伦 JVR Music | 周杰伦 Official Music Video | 周杰伦 lyric video | 周杰伦 完整版 | 周杰伦 官方 MV | 周杰伦 杰威尔音乐 | 周杰伦 歌曲 | 周杰伦 演唱会 | 周杰伦 现场 Live | 周杰伦 高音质,2026-07-31T14:06:15.904475+00:00
_8OdiGdWJec,https://www.youtube.com/watch?v=_8OdiGdWJec,周杰倫 JAY CHOU【稻香Remix搖滾版 Rice Field Rock Remix】Official MV,周杰倫 Jay Chou,UC8CU5nVhCQIdAGrFFp4loOQ,145,,,,659559,Jay Chou Official MV | 周杰伦 JVR Music | 周杰伦 Official Music Video | 周杰伦 lyric video | 周杰伦 杰威尔音乐 | 周杰伦 歌曲 | 周杰伦 歌词版,2026-07-31T14:06:15.904475+00:00
6ZeE3vgwQSI,https://www.youtube.com/watch?v=6ZeE3vgwQSI,周杰倫 Jay Chou【竊愛 Stolen Love】Official MV,周杰倫 Jay Chou,UC8CU5nVhCQIdAGrFFp4loOQ,205,,,,6595656,Jay Chou Official MV | 周杰伦 JVR Music | 周杰伦 Official Music Video | 周杰伦 lyric video | 周杰伦 杰威尔音乐,2026-07-31T14:06:15.904475+00:00
kfXdP7nZIiE,https://www.youtube.com/watch?v=kfXdP7nZIiE,周杰倫 Jay Chou【等你下課 Waiting For You  (with 楊瑞代 Gary)】歌詞版Lyrics MV,周杰倫 Jay Chou,UC8CU5nVhCQIdAGrFFp4loOQ,275,,,,153249225,Jay Chou Official MV | 周杰伦 JVR Music | 周杰伦 Official Music Video | 周杰伦 lyric video | 周杰伦 专辑 | 周杰伦 完整版 | 周杰伦 官方 MV | 周杰伦 歌曲 | 周杰伦 歌词版 | 周杰伦 现场 Live | 周杰伦 高音质,2026-07-31T14:06:15.904475+00:00
v489sYYjtHI,https://www.youtube.com/watch?v=v489sYYjtHI,周杰倫 Jay Chou【算什麼男人 What Kind of Man】Official MV (ft. 林依晨),周杰倫 Jay Chou,UC8CU5nVhCQIdAGrFFp4loOQ,288,,,,118591317,Jay Chou Official MV | 周杰伦 4K MV | 周杰伦 JVR Music | 周杰伦 Official Music Video | 周杰伦 lyric video | 周杰伦 专辑 | 周杰伦 完整版 | 周杰伦 官方 MV | 周杰伦 歌曲 | 周杰伦 歌词版 | 周杰伦 现场 Live,2026-07-31T14:06:15.904475+00:00
Y4xCVlyCvX4,https://www.youtube.com/watch?v=Y4xCVlyCvX4,周杰倫 Jay Chou【簡單愛 Simple Love】Official MV,周杰倫 Jay Chou,UC8CU5nVhCQIdAGrFFp4loOQ,270,,,,15952886,Jay Chou Official MV | 周杰伦 JVR Music | 周杰伦 Official Music Video | 周杰伦 lyric video | 周杰伦 专辑 | 周杰伦 完整版 | 周杰伦 官方 MV | 周杰伦 杰威尔音乐 | 周杰伦 歌词版 | 周杰伦 演唱会,2026-07-31T14:06:15.904475+00:00
rqE6KLnNFow,https://www.youtube.com/watch?v=rqE6KLnNFow,周杰倫 Jay Chou【簡單愛 Simple Love】Official MV  [4K],杰威爾歌詞MV頻道JVR Lyric MV,UCsMWXIFViw8KxCl1i7X8deA,270,,,,1908,周杰伦 4K MV,2026-07-31T14:06:15.904475+00:00
KmaqqnLGUG0,https://www.youtube.com/watch?v=KmaqqnLGUG0,周杰倫 Jay Chou【米蘭小鐵匠 Little Blacksmith in Milan】Official MV,周杰倫 Jay Chou,UC8CU5nVhCQIdAGrFFp4loOQ,241,,,,3428970,Jay Chou Official MV | 周杰伦 JVR Music | 周杰伦 Official Music Video | 周杰伦 lyric video | 周杰伦 专辑 | 周杰伦 完整版 | 周杰伦 官方 MV | 周杰伦 杰威尔音乐 | 周杰伦 歌曲 | 周杰伦 歌词版 | 周杰伦 现场 Live,2026-07-31T14:06:15.904475+00:00
F_dGEjzRG_Y,https://www.youtube.com/watch?v=F_dGEjzRG_Y,周杰倫 Jay Chou【粉色海洋 Pink Ocean】Official MV,周杰倫 Jay Chou,UC8CU5nVhCQIdAGrFFp4loOQ,182,,,,12454181,Jay Chou Official MV | 周杰伦 4K MV | 周杰伦 JVR Music | 周杰伦 Official Music Video | 周杰伦 lyric video | 周杰伦 专辑 | 周杰伦 官方 MV | 周杰伦 杰威尔音乐 | 周杰伦 歌曲 | 周杰伦 高音质,2026-07-31T14:06:15.904475+00:00
L6joGUdc6y4,https://www.youtube.com/watch?v=L6joGUdc6y4,周杰倫 Jay Chou【紅塵客棧 Hong-Chen Inn】Official MV,周杰倫 Jay Chou,UC8CU5nVhCQIdAGrFFp4loOQ,276,,,,44959961,Jay Chou Official MV | 周杰伦 JVR Music | 周杰伦 Official Music Video | 周杰伦 lyric video | 周杰伦 专辑 | 周杰伦 完整版 | 周杰伦 官方 MV | 周杰伦 杰威尔音乐 | 周杰伦 歌曲 | 周杰伦 演唱会,2026-07-31T14:06:15.904475+00:00
JrPh8wHzF8I,https://www.youtube.com/watch?v=JrPh8wHzF8I,周杰倫 Jay Chou【紅塵客棧 Hong-Chen-Ke-Zhan】Official MV,Artha Putra,UCMaZhcgTToOyL50TUUlEwyw,126,,,,351,Jay Chou Official MV,2026-07-31T14:06:15.904475+00:00
Zz1mF1AcV2g,https://www.youtube.com/watch?v=Zz1mF1AcV2g,周杰倫 Jay Chou【紅塵客棧 Hong-Chen-Ke-Zhan】Official MV [4K],杰威爾歌詞MV頻道JVR Lyric MV,UCsMWXIFViw8KxCl1i7X8deA,276,,,,6811,周杰伦 4K MV,2026-07-31T14:06:15.904475+00:00
LL50Fu4UvG0,https://www.youtube.com/watch?v=LL50Fu4UvG0,周杰倫 Jay Chou【紅模仿 Moulin Rouge】-Official Music Video,周杰倫 Jay Chou,UC8CU5nVhCQIdAGrFFp4loOQ,185,,,,6131718,Jay Chou Official MV | 周杰伦 Official Music Video | 周杰伦 官方 MV | 周杰伦 杰威尔音乐 | 周杰伦 歌曲 | 周杰伦 歌词版,2026-07-31T14:06:15.904475+00:00
VPIWFlMmEDs,https://www.youtube.com/watch?v=VPIWFlMmEDs,周杰倫 Jay Chou【紐約地鐵 New York subway】Non-Official MV 重新混音版,Choi Po Music,UCEq84vkc7_uFsuG3u80vhNQ,188,,,,180289,Jay Chou Official MV,2026-07-31T14:06:15.904475+00:00
h05iUwb0mKc,https://www.youtube.com/watch?v=h05iUwb0mKc,周杰倫 Jay Chou【給我一首歌的時間 Give me the time of a song】純音樂 Instrumental Music,Jay Chou 周杰倫 X,UCfv15xP-QxLqNKOccEQ3m2A,251,,,,1342,周杰伦 JVR Music,2026-07-31T14:06:15.904475+00:00
wt0RKW3aC84,https://www.youtube.com/watch?v=wt0RKW3aC84,周杰倫 Jay Chou【給我一首歌的時間 Give me the Time of One Song】-Official Music Video,周杰倫 Jay Chou,UC8CU5nVhCQIdAGrFFp4loOQ,254,,,,82393332,Jay Chou Official MV | 周杰伦 4K MV | 周杰伦 JVR Music | 周杰伦 Official Music Video | 周杰伦 lyric video | 周杰伦 专辑 | 周杰伦 完整版 | 周杰伦 官方 MV | 周杰伦 杰威尔音乐 | 周杰伦 歌曲 | 周杰伦 歌词版 | 周杰伦 现场 Live | 周杰伦 高音质,2026-07-31T14:06:15.904475+00:00
nHtW9w12uYc,https://www.youtube.com/watch?v=nHtW9w12uYc,周杰倫 Jay Chou【美人魚 Mermaid】Official MV,周杰倫 Jay Chou,UC8CU5nVhCQIdAGrFFp4loOQ,215,,,,7280874,Jay Chou Official MV | 周杰伦 JVR Music | 周杰伦 Official Music Video | 周杰伦 lyric video | 周杰伦 完整版 | 周杰伦 官方 MV | 周杰伦 杰威尔音乐 | 周杰伦 歌词版,2026-07-31T14:06:15.904475+00:00
V6MmspfPInA,https://www.youtube.com/watch?v=V6MmspfPInA,周杰倫 Jay Chou【美人魚 Mermaid】Official MV [4K],杰威爾歌詞MV頻道JVR Lyric MV,UCsMWXIFViw8KxCl1i7X8deA,215,,,,1029,周杰伦 4K MV,2026-07-31T14:06:15.904475+00:00
_B8RaLCNUZw,https://www.youtube.com/watch?v=_B8RaLCNUZw,周杰倫 Jay Chou【聽媽媽的話 Listen to Mom】-Official Music Video,周杰倫 Jay Chou,UC8CU5nVhCQIdAGrFFp4loOQ,266,,,,62054222,Jay Chou Official MV | 周杰伦 JVR Music | 周杰伦 Official Music Video | 周杰伦 lyric video | 周杰伦 专辑 | 周杰伦 完整版 | 周杰伦 官方 MV | 周杰伦 杰威尔音乐 | 周杰伦 歌曲 | 周杰伦 歌词版 | 周杰伦 演唱会 | 周杰伦 现场 Live | 周杰伦 高音质,2026-07-31T14:06:15.904475+00:00
eS2T9IiOYbc,https://www.youtube.com/watch?v=eS2T9IiOYbc,周杰倫 Jay Chou【聽爸爸的話 Listen to Dad】Official MV,周杰倫 Jay Chou,UC8CU5nVhCQIdAGrFFp4loOQ,273,,,,41274963,周杰伦 JVR Music | 周杰伦 Official Music Video | 周杰伦 lyric video | 周杰伦 杰威尔音乐 | 周杰伦 现场 Live,2026-07-31T14:06:15.904475+00:00
hZwA09tyvxY,https://www.youtube.com/watch?v=hZwA09tyvxY,周杰倫 Jay Chou【聽爸爸的話 Listen to Dad】Official MV [4K],杰威爾歌詞MV頻道JVR Lyric MV,UCsMWXIFViw8KxCl1i7X8deA,273,,,,5708,周杰伦 4K MV,2026-07-31T14:06:15.904475+00:00
Imxftp0SZtE,https://www.youtube.com/watch?v=Imxftp0SZtE,周杰倫 Jay Chou【聽見下雨的聲音 Rhythm of the Rain】MV Lyrics Ver.,周杰倫 Jay Chou,UC8CU5nVhCQIdAGrFFp4loOQ,281,,,,1153174,Jay Chou Official MV | 周杰伦 JVR Music | 周杰伦 Official Music Video | 周杰伦 lyric video | 周杰伦 完整版 | 周杰伦 官方 MV | 周杰伦 歌词版,2026-07-31T14:06:15.904475+00:00
zqKoXPHhmsM,https://www.youtube.com/watch?v=zqKoXPHhmsM,周杰倫 Jay Chou【聽見下雨的聲音 Rhythm of the Rain】Official MV,周杰倫 Jay Chou,UC8CU5nVhCQIdAGrFFp4loOQ,284,,,,105059945,Jay Chou Official MV | 周杰伦 4K MV | 周杰伦 JVR Music | 周杰伦 Official Music Video | 周杰伦 lyric video | 周杰伦 完整版 | 周杰伦 官方 MV | 周杰伦 杰威尔音乐 | 周杰伦 歌曲 | 周杰伦 现场 Live,2026-07-31T14:06:15.904475+00:00
j6Jb5WHHHn0,https://www.youtube.com/watch?v=j6Jb5WHHHn0,周杰倫 Jay Chou【自導自演 Self directed Act】Official MV [4K],杰威爾歌詞MV頻道JVR Lyric MV,UCsMWXIFViw8KxCl1i7X8deA,269,,,,507,Jay Chou Official MV | 周杰伦 4K MV,2026-07-31T14:06:15.904475+00:00
pbyWurQZ948,https://www.youtube.com/watch?v=pbyWurQZ948,周杰倫 Jay Chou【自導自演 Self-directed Act】Official MV,周杰倫 Jay Chou,UC8CU5nVhCQIdAGrFFp4loOQ,268,,,,3210241,Jay Chou Official MV | 周杰伦 完整版 | 周杰伦 官方 MV | 周杰伦 歌词版,2026-07-31T14:06:15.904475+00:00
q1ww6bDjfiI,https://www.youtube.com/watch?v=q1ww6bDjfiI,周杰倫 Jay Chou【花海 Floral Sea】-Official Music Video,周杰倫 Jay Chou,UC8CU5nVhCQIdAGrFFp4loOQ,264,,,,16960888,Jay Chou Official MV | 周杰伦 JVR Music | 周杰伦 Official Music Video | 周杰伦 lyric video | 周杰伦 专辑 | 周杰伦 完整版 | 周杰伦 官方 MV | 周杰伦 歌曲 | 周杰伦 歌词版 | 周杰伦 演唱会 | 周杰伦 现场 Live,2026-07-31T14:06:15.904475+00:00
oQqM30Oh-Pk,https://www.youtube.com/watch?v=oQqM30Oh-Pk,周杰倫 Jay Chou【英雄 Hero】Official MV,周杰倫 Jay Chou,UC8CU5nVhCQIdAGrFFp4loOQ,199,,,,438133,Jay Chou Official MV | 周杰伦 JVR Music | 周杰伦 Official Music Video | 周杰伦 lyric video | 周杰伦 官方 MV | 周杰伦 歌词版,2026-07-31T14:06:15.904475+00:00
NW5S4BlLFkc,https://www.youtube.com/watch?v=NW5S4BlLFkc,周杰倫 Jay Chou【英雄 Hero】Official MV [4K],杰威爾歌詞MV頻道JVR Lyric MV,UCsMWXIFViw8KxCl1i7X8deA,200,,,,1043,周杰伦 4K MV,2026-07-31T14:06:15.904475+00:00
PdjbRvvJAzg,https://www.youtube.com/watch?v=PdjbRvvJAzg,周杰倫 Jay Chou【菊花台 Chrysanthemum Terrace】-Official Music Video,周杰倫 Jay Chou,UC8CU5nVhCQIdAGrFFp4loOQ,296,,,,37612813,Jay Chou Official MV | 周杰伦 4K MV | 周杰伦 JVR Music | 周杰伦 Official Music Video | 周杰伦 lyric video | 周杰伦 专辑 | 周杰伦 完整版 | 周杰伦 官方 MV | 周杰伦 杰威尔音乐 | 周杰伦 歌曲 | 周杰伦 演唱会 | 周杰伦 现场 Live,2026-07-31T14:06:15.904475+00:00
AefIQlA2dRk,https://www.youtube.com/watch?v=AefIQlA2dRk,周杰倫 Jay Chou【蒲公英的約定 A Dandelion's Promise】- Lyric Video,杰威爾歌詞MV頻道JVR Lyric MV,UCsMWXIFViw8KxCl1i7X8deA,245,,,,1151187,Jay Chou Official MV | 周杰伦 JVR Music | 周杰伦 官方 MV | 周杰伦 杰威尔音乐 | 周杰伦 歌词版,2026-07-31T14:06:15.904475+00:00
VitJnr3IySc,https://www.youtube.com/watch?v=VitJnr3IySc,周杰倫 Jay Chou【蒲公英的約定 A Dandelion's Promise】-Official Music Video,周杰倫 Jay Chou,UC8CU5nVhCQIdAGrFFp4loOQ,248,,,,34343132,Jay Chou Official MV | 周杰伦 4K MV | 周杰伦 JVR Music | 周杰伦 Official Music Video | 周杰伦 lyric video | 周杰伦 专辑 | 周杰伦 完整版 | 周杰伦 官方 MV | 周杰伦 杰威尔音乐 | 周杰伦 歌词版 | 周杰伦 演唱会 | 周杰伦 现场 Live,2026-07-31T14:06:15.904475+00:00
KcK8WurGpEQ,https://www.youtube.com/watch?v=KcK8WurGpEQ,周杰倫 Jay Chou【藉口 Excuse】-Official Music Video,周杰倫 Jay Chou,UC8CU5nVhCQIdAGrFFp4loOQ,270,,,,36628887,Jay Chou Official MV | 周杰伦 4K MV | 周杰伦 JVR Music | 周杰伦 Official Music Video | 周杰伦 lyric video | 周杰伦 完整版 | 周杰伦 官方 MV | 周杰伦 杰威尔音乐 | 周杰伦 歌曲 | 周杰伦 歌词版 | 周杰伦 演唱会,2026-07-31T14:06:15.904475+00:00
P7ItYKdY0WU,https://www.youtube.com/watch?v=P7ItYKdY0WU,周杰倫 Jay Chou【藍色風暴 Blue Storm】-Official Music Video,周杰倫 Jay Chou,UC8CU5nVhCQIdAGrFFp4loOQ,289,,,,2848839,周杰伦 4K MV | 周杰伦 Official Music Video,2026-07-31T14:06:15.904475+00:00
5toc1gi6AOY,https://www.youtube.com/watch?v=5toc1gi6AOY,周杰倫 Jay Chou【藍色風暴 Blue Storm】[4K],杰威爾歌詞MV頻道JVR Lyric MV,UCsMWXIFViw8KxCl1i7X8deA,290,,,,1473,周杰伦 JVR Music | 周杰伦 杰威尔音乐,2026-07-31T14:06:15.904475+00:00
s5Xl5MXboas,https://www.youtube.com/watch?v=s5Xl5MXboas,周杰倫 Jay Chou【蘭亭序 Lan-Ting-Xu】-Official Music Video,周杰倫 Jay Chou,UC8CU5nVhCQIdAGrFFp4loOQ,266,,,,25414567,Jay Chou Official MV | 周杰伦 Official Music Video | 周杰伦 lyric video | 周杰伦 专辑 | 周杰伦 完整版 | 周杰伦 官方 MV | 周杰伦 杰威尔音乐 | 周杰伦 歌曲 | 周杰伦 歌词版 | 周杰伦 演唱会 | 周杰伦 现场 Live | 周杰伦 高音质,2026-07-31T14:06:15.904475+00:00
aO9SU-w8hnM,https://www.youtube.com/watch?v=aO9SU-w8hnM,周杰倫 Jay Chou【蛇舞 Snake Dance】-Official Music Video,周杰倫 Jay Chou,UC8CU5nVhCQIdAGrFFp4loOQ,175,,,,2563139,Jay Chou Official MV | 周杰伦 1080P MV | 周杰伦 JVR Music | 周杰伦 Official Music Video | 周杰伦 lyric video | 周杰伦 完整版 | 周杰伦 官方 MV | 周杰伦 歌曲 | 周杰伦 歌词版,2026-07-31T14:06:15.904475+00:00
H7pOrQEnc3c,https://www.youtube.com/watch?v=H7pOrQEnc3c,周杰倫 Jay Chou【蝸牛 Snail】Official MV,周杰倫 Jay Chou,UC8CU5nVhCQIdAGrFFp4loOQ,240,,,,3004208,周杰伦 1080P MV | 周杰伦 Official Music Video | 周杰伦 lyric video | 周杰伦 完整版 | 周杰伦 官方 MV | 周杰伦 歌曲 | 周杰伦 歌词版 | 周杰伦 现场 Live,2026-07-31T14:06:15.904475+00:00
KKsioz-zaZY,https://www.youtube.com/watch?v=KKsioz-zaZY,周杰倫 Jay Chou【說了再見 Say Goodbye】Official MV,周杰倫 Jay Chou,UC8CU5nVhCQIdAGrFFp4loOQ,288,,,,70419595,Jay Chou Official MV | 周杰伦 JVR Music | 周杰伦 Official Music Video | 周杰伦 lyric video | 周杰伦 专辑 | 周杰伦 完整版 | 周杰伦 官方 MV | 周杰伦 杰威尔音乐 | 周杰伦 歌曲 | 周杰伦 现场 Live | 周杰伦 高音质,2026-07-31T14:06:15.904475+00:00
HK7SPnGSxLM,https://www.youtube.com/watch?v=HK7SPnGSxLM,周杰倫 Jay Chou【說好不哭 Won't Cry】with 五月天阿信 (Mayday Ashin) Official MV,周杰倫 Jay Chou,UC8CU5nVhCQIdAGrFFp4loOQ,232,,,,90082332,Jay Chou Official MV | 周杰伦 4K MV | 周杰伦 JVR Music | 周杰伦 Official Music Video | 周杰伦 lyric video | 周杰伦 专辑 | 周杰伦 完整版 | 周杰伦 官方 MV | 周杰伦 杰威尔音乐 | 周杰伦 歌曲 | 周杰伦 歌词版 | 周杰伦 高音质,2026-07-31T14:06:15.904475+00:00
EjN29WKrXR0,https://www.youtube.com/watch?v=EjN29WKrXR0,周杰倫 Jay Chou【說好不哭 Won't Cry】with 五月天阿信-歌詞 Lyrics【4K】,Circle Lee,UCw58TiXKvqz3f9sufqhb4Bw,232,,,,176,周杰伦 4K MV,2026-07-31T14:06:15.904475+00:00
mLFhTFiX0uM,https://www.youtube.com/watch?v=mLFhTFiX0uM,周杰倫 Jay Chou【說好的幸福呢 The Promised Love】-Official Music Video,周杰倫 Jay Chou,UC8CU5nVhCQIdAGrFFp4loOQ,257,,,,78399928,Jay Chou Official MV | 周杰伦 4K MV | 周杰伦 JVR Music | 周杰伦 Official Music Video | 周杰伦 lyric video | 周杰伦 完整版 | 周杰伦 官方 MV | 周杰伦 杰威尔音乐 | 周杰伦 歌曲 | 周杰伦 歌词版 | 周杰伦 演唱会 | 周杰伦 现场 Live,2026-07-31T14:06:15.904475+00:00
4j0Fgmsxr-o,https://www.youtube.com/watch?v=4j0Fgmsxr-o,周杰倫 Jay Chou【超人不會飛 Superman Can't Fly】Official MV,周杰倫 Jay Chou,UC8CU5nVhCQIdAGrFFp4loOQ,303,,,,16625794,Jay Chou Official MV | 周杰伦 Official Music Video | 周杰伦 lyric video | 周杰伦 完整版 | 周杰伦 官方 MV | 周杰伦 歌曲 | 周杰伦 歌词版 | 周杰伦 演唱会 | 周杰伦 现场 Live | 周杰伦 高音质,2026-07-31T14:06:15.904475+00:00
CllkiAZajJI,https://www.youtube.com/watch?v=CllkiAZajJI,周杰倫 Jay Chou【超跑女神 Sports Car Model】Official MV,周杰倫 Jay Chou,UC8CU5nVhCQIdAGrFFp4loOQ,153,,,,5945165,Jay Chou Official MV | 周杰伦 Official Music Video,2026-07-31T14:06:15.904475+00:00
eDZRCfT3UJw,https://www.youtube.com/watch?v=eDZRCfT3UJw,周杰倫 Jay Chou【超跑女神 Sports Car Model】Official MV  [4K],杰威爾歌詞MV頻道JVR Lyric MV,UCsMWXIFViw8KxCl1i7X8deA,153,,,,17513,周杰伦 4K MV,2026-07-31T14:06:15.904475+00:00
-WkecBaA4z8,https://www.youtube.com/watch?v=-WkecBaA4z8,周杰倫 Jay Chou【跨時代 The Era】Official MV,周杰倫 Jay Chou,UC8CU5nVhCQIdAGrFFp4loOQ,218,,,,3192863,Jay Chou Official MV | 周杰伦 Official Music Video | 周杰伦 完整版 | 周杰伦 官方 MV | 周杰伦 歌曲 | 周杰伦 歌词版 | 周杰伦 演唱会,2026-07-31T14:06:15.904475+00:00
RipSuJOPfS8,https://www.youtube.com/watch?v=RipSuJOPfS8,周杰倫 Jay Chou【跨時代 The Era】Official MV [4K],杰威爾歌詞MV頻道JVR Lyric MV,UCsMWXIFViw8KxCl1i7X8deA,218,,,,304,周杰伦 4K MV,2026-07-31T14:06:15.904475+00:00
K0Myfz5phlY,https://www.youtube.com/watch?v=K0Myfz5phlY,周杰倫 Jay Chou【迷迭香 Rosemary】-Official Music Video,周杰倫 Jay Chou,UC8CU5nVhCQIdAGrFFp4loOQ,261,,,,6281647,Jay Chou Official MV | 周杰伦 JVR Music | 周杰伦 Official Music Video | 周杰伦 lyric video | 周杰伦 官方 MV | 周杰伦 歌曲 | 周杰伦 歌词版,2026-07-31T14:06:15.904475+00:00
rFxBQWh7ZOQ,https://www.youtube.com/watch?v=rFxBQWh7ZOQ,周杰倫 Jay Chou【迷魂曲 Enchanting Melody】Official MV,周杰倫 Jay Chou,UC8CU5nVhCQIdAGrFFp4loOQ,228,,,,2253581,Jay Chou Official MV | 周杰伦 Official Music Video | 周杰伦 lyric video | 周杰伦 完整版 | 周杰伦 官方 MV | 周杰伦 歌词版 | 周杰伦 现场 Live,2026-07-31T14:06:15.904475+00:00
lWSTokbw77Y,https://www.youtube.com/watch?v=lWSTokbw77Y,周杰倫 Jay Chou【迷魂曲 Enchanting Melody】Official MV [4K],杰威爾歌詞MV頻道JVR Lyric MV,UCsMWXIFViw8KxCl1i7X8deA,228,,,,1820,周杰伦 4K MV,2026-07-31T14:06:15.904475+00:00
9SyVWrStWWU,https://www.youtube.com/watch?v=9SyVWrStWWU,周杰倫 Jay Chou【退後 A Step Back】 - Lyric Video,杰威爾歌詞MV頻道JVR Lyric MV,UCsMWXIFViw8KxCl1i7X8deA,273,,,,63864,周杰伦 杰威尔音乐,2026-07-31T14:06:15.904475+00:00
0-4mm0e2h44,https://www.youtube.com/watch?v=0-4mm0e2h44,周杰倫 Jay Chou【退後 A Step Back】-Official Music Video,周杰倫 Jay Chou,UC8CU5nVhCQIdAGrFFp4loOQ,303,,,,28167520,Jay Chou Official MV | 周杰伦 4K MV | 周杰伦 JVR Music | 周杰伦 Official Music Video | 周杰伦 lyric video | 周杰伦 专辑 | 周杰伦 官方 MV | 周杰伦 杰威尔音乐 | 周杰伦 歌曲 | 周杰伦 歌词版 | 周杰伦 演唱会 | 周杰伦 高音质,2026-07-31T14:06:15.904475+00:00
jUdf_yx8amE,https://www.youtube.com/watch?v=jUdf_yx8amE,周杰倫 Jay Chou【逆鱗 Against】 Official Music Video  [4K],杰威爾歌詞MV頻道JVR Lyric MV,UCsMWXIFViw8KxCl1i7X8deA,252,,,,700,周杰伦 4K MV,2026-07-31T14:06:15.904475+00:00
jD0c4QY7L8s,https://www.youtube.com/watch?v=jD0c4QY7L8s,周杰倫 Jay Chou【逆鱗 Against】-Official Music Video,周杰倫 Jay Chou,UC8CU5nVhCQIdAGrFFp4loOQ,252,,,,2487643,Jay Chou Official MV | 周杰伦 Official Music Video | 周杰伦 lyric video | 周杰伦 歌曲 | 周杰伦 歌词版,2026-07-31T14:06:15.904475+00:00
9Owc7ECR86g,https://www.youtube.com/watch?v=9Owc7ECR86g,周杰倫 Jay Chou【還在流浪 Still Wandering】Official MV,EHP music world,UCLq62KjE-3tT-yBeeLCEdww,107,,,,513,Jay Chou Official MV,2026-07-31T14:06:15.904475+00:00
BSlMAJ7SkMA,https://www.youtube.com/watch?v=BSlMAJ7SkMA,周杰倫 Jay Chou【還在流浪 Still Wandering】Official MV,周杰倫 Jay Chou,UC8CU5nVhCQIdAGrFFp4loOQ,265,,,,23249984,Jay Chou Official MV | 周杰伦 JVR Music | 周杰伦 Official Music Video | 周杰伦 lyric video | 周杰伦 专辑 | 周杰伦 官方 MV | 周杰伦 歌词版 | 周杰伦 现场 Live | 周杰伦 高音质,2026-07-31T14:06:15.904475+00:00
aC-mq3MtK3I,https://www.youtube.com/watch?v=aC-mq3MtK3I,周杰倫 Jay Chou【還在流浪 Still Wandering】Official MV [4K],杰威爾歌詞MV頻道JVR Lyric MV,UCsMWXIFViw8KxCl1i7X8deA,265,,,,13495,周杰伦 杰威尔音乐,2026-07-31T14:06:15.904475+00:00
mpmf8i-Kh9I,https://www.youtube.com/watch?v=mpmf8i-Kh9I,周杰倫 Jay Chou【還在流浪 Still Wandering】Official MV REACTION,Prince BL World,UCN7yTItgiKccd8XvThbd6FA,665,,,,495,Jay Chou Official MV,2026-07-31T14:06:15.904475+00:00
9tN1xixvYOc,https://www.youtube.com/watch?v=9tN1xixvYOc,周杰倫 Jay Chou【錯過的煙火 You Are The Firework I Missed】Official MV,周杰倫 Jay Chou,UC8CU5nVhCQIdAGrFFp4loOQ,255,,,,13656113,Jay Chou Official MV | 周杰伦 4K MV | 周杰伦 JVR Music | 周杰伦 Official Music Video | 周杰伦 lyric video | 周杰伦 专辑 | 周杰伦 官方 MV | 周杰伦 杰威尔音乐 | 周杰伦 歌曲 | 周杰伦 演唱会 | 周杰伦 现场 Live | 周杰伦 高音质,2026-07-31T14:06:15.904475+00:00
a2WKta7Va7A,https://www.youtube.com/watch?v=a2WKta7Va7A,周杰倫 Jay Chou【錯過的煙火 You Are The Firework I Missed】Official MV | REACTION!!!,sanaxsafa,UCqJVQ7dQQE2l0V9Brm5lbDA,264,,,,924,Jay Chou Official MV,2026-07-31T14:06:15.904475+00:00
H7hpK6cm-6k,https://www.youtube.com/watch?v=H7hpK6cm-6k,周杰倫 Jay Chou【開不了口 I Find It Hard To Say】Official MV,周杰倫 Jay Chou,UC8CU5nVhCQIdAGrFFp4loOQ,293,,,,37287541,周杰伦 4K MV | 周杰伦 JVR Music | 周杰伦 Official Music Video | 周杰伦 lyric video | 周杰伦 专辑 | 周杰伦 完整版 | 周杰伦 杰威尔音乐 | 周杰伦 歌曲 | 周杰伦 歌词版 | 周杰伦 高音质,2026-07-31T14:06:15.904475+00:00
qQ7g1tfEGFc,https://www.youtube.com/watch?v=qQ7g1tfEGFc,周杰倫 Jay Chou【陽光宅男 Sunshine Nerd】-Official Music Video,周杰倫 Jay Chou,UC8CU5nVhCQIdAGrFFp4loOQ,222,,,,17570641,Jay Chou Official MV | 周杰伦 JVR Music | 周杰伦 Official Music Video | 周杰伦 lyric video | 周杰伦 专辑 | 周杰伦 完整版 | 周杰伦 官方 MV | 周杰伦 杰威尔音乐 | 周杰伦 歌曲 | 周杰伦 歌词版 | 周杰伦 演唱会 | 周杰伦 高音质,2026-07-31T14:06:15.904475+00:00
S4yJPGrbZv8,https://www.youtube.com/watch?v=S4yJPGrbZv8,周杰倫 Jay Chou【陽明山 Yang-Ming Mountain 】MV Behind The Scene,周杰倫 Jay Chou,UC8CU5nVhCQIdAGrFFp4loOQ,301,,,,163121,Jay Chou Official MV | 周杰伦 4K MV | 周杰伦 Official Music Video | 周杰伦 lyric video | 周杰伦 完整版 | 周杰伦 官方 MV,2026-07-31T14:06:15.904475+00:00
p_zGjuNS-Fc,https://www.youtube.com/watch?v=p_zGjuNS-Fc,周杰倫 Jay Chou【陽明山 Yang-Ming Mountain】- Lyric Video,杰威爾歌詞MV頻道JVR Lyric MV,UCsMWXIFViw8KxCl1i7X8deA,154,,,,17962,周杰伦 杰威尔音乐,2026-07-31T14:06:15.904475+00:00
BZlFlBnwfOQ,https://www.youtube.com/watch?v=BZlFlBnwfOQ,周杰倫 Jay Chou【陽明山 Yang-Ming Mountain】Official MV (ft. Henry Link),周杰倫 Jay Chou,UC8CU5nVhCQIdAGrFFp4loOQ,155,,,,6073272,Jay Chou Official MV | 周杰伦 Official Music Video | 周杰伦 lyric video | 周杰伦 完整版 | 周杰伦 官方 MV | 周杰伦 歌曲 | 周杰伦 歌词版,2026-07-31T14:06:15.904475+00:00
WM7K9mnLWzw,https://www.youtube.com/watch?v=WM7K9mnLWzw,周杰倫 Jay Chou【雙刀電影版 Double Blade】-Official Movie Version,周杰倫 Jay Chou,UC8CU5nVhCQIdAGrFFp4loOQ,838,,,,258879,Jay Chou Official MV | 周杰伦 Official Music Video | 周杰伦 lyric video | 周杰伦 完整版,2026-07-31T14:06:15.904475+00:00
OR-0wptI_u0,https://www.youtube.com/watch?v=OR-0wptI_u0,周杰倫 Jay Chou【雙截棍 Nunchucks】Official MV,周杰倫 Jay Chou,UC8CU5nVhCQIdAGrFFp4loOQ,205,,,,8400346,Jay Chou Official MV | 周杰伦 4K MV | 周杰伦 JVR Music | 周杰伦 Official Music Video | 周杰伦 lyric video | 周杰伦 完整版 | 周杰伦 官方 MV | 周杰伦 歌曲 | 周杰伦 歌词版 | 周杰伦 演唱会 | 周杰伦 现场 Live,2026-07-31T14:06:15.904475+00:00
jOxzAsnx9-0,https://www.youtube.com/watch?v=jOxzAsnx9-0,周杰倫 Jay Chou【雨下一整晚 Rain All Night】Official MV,周杰倫 Jay Chou,UC8CU5nVhCQIdAGrFFp4loOQ,268,,,,6458994,Jay Chou Official MV | 周杰伦 4K MV | 周杰伦 JVR Music | 周杰伦 Official Music Video | 周杰伦 lyric video | 周杰伦 完整版 | 周杰伦 官方 MV | 周杰伦 杰威尔音乐 | 周杰伦 歌曲 | 周杰伦 歌词版,2026-07-31T14:06:15.904475+00:00
wr-6wwt8RXk,https://www.youtube.com/watch?v=wr-6wwt8RXk,周杰倫 Jay Chou【霍元甲 Fearless】-Official Music Video,周杰倫 Jay Chou,UC8CU5nVhCQIdAGrFFp4loOQ,278,,,,35084025,Jay Chou Official MV | 周杰伦 4K MV | 周杰伦 JVR Music | 周杰伦 Official Music Video | 周杰伦 Sony Music Taiwan | 周杰伦 lyric video | 周杰伦 专辑 | 周杰伦 完整版 | 周杰伦 官方 MV | 周杰伦 杰威尔音乐 | 周杰伦 歌曲 | 周杰伦 歌词版 | 周杰伦 现场 Live | 周杰伦 高音质,2026-07-31T14:06:15.904475+00:00
Z8Mqw0b9ADs,https://www.youtube.com/watch?v=Z8Mqw0b9ADs,周杰倫 Jay Chou【青花瓷 Blue and White Porcelain】-Official Music Video,周杰倫 Jay Chou,UC8CU5nVhCQIdAGrFFp4loOQ,244,,,,73782525,Jay Chou Official MV | 周杰伦 1080P MV | 周杰伦 4K MV | 周杰伦 JVR Music | 周杰伦 Official Music Video | 周杰伦 lyric video | 周杰伦 专辑 | 周杰伦 完整版 | 周杰伦 官方 MV | 周杰伦 杰威尔音乐 | 周杰伦 歌曲 | 周杰伦 歌词版 | 周杰伦 高音质,2026-07-31T14:06:15.904475+00:00
KplHis6zRrE,https://www.youtube.com/watch?v=KplHis6zRrE,周杰倫 Jay Chou【青花瓷 Blue and White Porcelain】純音樂 Instrumental Music,Jay Chou 周杰倫 X,UCfv15xP-QxLqNKOccEQ3m2A,233,,,,15829,周杰伦 JVR Music,2026-07-31T14:06:15.904475+00:00
FJDCtP2vFWQ,https://www.youtube.com/watch?v=FJDCtP2vFWQ,周杰倫 Jay Chou【鞋子特大號 Extra Large Shoes】MV Behind The Scenes Part 1,周杰倫 Jay Chou,UC8CU5nVhCQIdAGrFFp4loOQ,195,,,,210543,Jay Chou Official MV | 周杰伦 JVR Music | 周杰伦 Official Music Video | 周杰伦 完整版 | 周杰伦 官方 MV,2026-07-31T14:06:15.904475+00:00
JePMQziNI28,https://www.youtube.com/watch?v=JePMQziNI28,周杰倫 Jay Chou【鞋子特大號 Extra Large Shoes】MV Behind The Scenes Part 2,周杰倫 Jay Chou,UC8CU5nVhCQIdAGrFFp4loOQ,210,,,,424883,Jay Chou Official MV | 周杰伦 Official Music Video | 周杰伦 lyric video | 周杰伦 完整版 | 周杰伦 官方 MV,2026-07-31T14:06:15.904475+00:00
syYc5dydzmE,https://www.youtube.com/watch?v=syYc5dydzmE,周杰倫 Jay Chou【鞋子特大號 Extra Large Shoes】Official MV,周杰倫 Jay Chou,UC8CU5nVhCQIdAGrFFp4loOQ,223,,,,12045880,Jay Chou Official MV | 周杰伦 lyric video,2026-07-31T14:06:15.904475+00:00
sJ646BoWYBc,https://www.youtube.com/watch?v=sJ646BoWYBc,周杰倫 Jay Chou【鞋子特大號 Extra Large Shoes】Official MV [4K],杰威爾歌詞MV頻道JVR Lyric MV,UCsMWXIFViw8KxCl1i7X8deA,223,,,,1993,周杰伦 4K MV,2026-07-31T14:06:15.904475+00:00
X2njc8is50o,https://www.youtube.com/watch?v=X2njc8is50o,周杰倫 Jay Chou【飄移 Drift】(頭文字Dの実写版)-Official Music Video,周杰倫 Jay Chou,UC8CU5nVhCQIdAGrFFp4loOQ,231,,,,12710697,Jay Chou Official MV | 周杰伦 4K MV | 周杰伦 JVR Music | 周杰伦 Official Music Video | 周杰伦 lyric video | 周杰伦 完整版 | 周杰伦 官方 MV | 周杰伦 歌曲 | 周杰伦 歌词版 | 周杰伦 演唱会 | 周杰伦 现场 Live,2026-07-31T14:06:15.904475+00:00
JNS-KT_iwmg,https://www.youtube.com/watch?v=JNS-KT_iwmg,周杰倫 Jay Chou【驚嘆號 Exclamation Point】Official MV,周杰倫 Jay Chou,UC8CU5nVhCQIdAGrFFp4loOQ,239,,,,4271216,Jay Chou Official MV | 周杰伦 Official Music Video | 周杰伦 官方 MV | 周杰伦 歌词版,2026-07-31T14:06:15.904475+00:00
aaM7qG2ycjk,https://www.youtube.com/watch?v=aaM7qG2ycjk,周杰倫 Jay Chou【髮如雪 Hair White as Snow】-Official Music Video,周杰倫 Jay Chou,UC8CU5nVhCQIdAGrFFp4loOQ,302,,,,63574924,Jay Chou Official MV | 周杰伦 JVR Music | 周杰伦 Official Music Video | 周杰伦 lyric video | 周杰伦 专辑 | 周杰伦 完整版 | 周杰伦 官方 MV | 周杰伦 杰威尔音乐 | 周杰伦 歌曲 | 周杰伦 歌词版 | 周杰伦 演唱会 | 周杰伦 现场 Live | 周杰伦 高音质,2026-07-31T14:06:15.904475+00:00
npiAxeLtHDM,https://www.youtube.com/watch?v=npiAxeLtHDM,周杰倫 Jay Chou【鬥牛 Basketball Match】-Official Music Video,周杰倫 Jay Chou,UC8CU5nVhCQIdAGrFFp4loOQ,290,,,,2738448,Jay Chou Official MV | 周杰伦 JVR Music | 周杰伦 Official Music Video | 周杰伦 lyric video | 周杰伦 完整版 | 周杰伦 官方 MV | 周杰伦 歌词版 | 周杰伦 现场 Live | 周杰伦 高音质,2026-07-31T14:06:15.904475+00:00
cJdDhO9rZuw,https://www.youtube.com/watch?v=cJdDhO9rZuw,周杰倫 Jay Chou【魔天倫世界巡迴演唱會 Opus Jay World Concert】幕後花絮 Behind The Scenes,周杰倫 Jay Chou,UC8CU5nVhCQIdAGrFFp4loOQ,1421,,,,166235,周杰伦 完整版,2026-07-31T14:06:15.904475+00:00
nqwvG14eUB8,https://www.youtube.com/watch?v=nqwvG14eUB8,周杰倫 Jay Chou【魔天倫世界巡迴演唱會Opus Jay World Concert 】Opening+驚嘆號+龍拳,周杰倫 Jay Chou,UC8CU5nVhCQIdAGrFFp4loOQ,572,,,,340059,Jay Chou Official MV | 周杰伦 lyric video | 周杰伦 官方 MV | 周杰伦 歌曲 | 周杰伦 演唱会 | 周杰伦 现场 Live,2026-07-31T14:06:15.904475+00:00
mL3Ecc-PNRk,https://www.youtube.com/watch?v=mL3Ecc-PNRk,周杰倫 Jay Chou【魔天倫世界巡迴演唱會Opus Jay World Concert 】明明就+Mine Mine+龍捲風,周杰倫 Jay Chou,UC8CU5nVhCQIdAGrFFp4loOQ,767,,,,4143721,Jay Chou Official MV | 周杰伦 Official Music Video | 周杰伦 lyric video | 周杰伦 完整版 | 周杰伦 官方 MV | 周杰伦 歌曲 | 周杰伦 歌词版 | 周杰伦 演唱会 | 周杰伦 现场 Live,2026-07-31T14:06:15.904475+00:00
qXd0dPn0LvE,https://www.youtube.com/watch?v=qXd0dPn0LvE,周杰倫 Jay Chou【魔天倫演唱會 Opus Concert】DVD發行廣告,周杰倫 Jay Chou,UC8CU5nVhCQIdAGrFFp4loOQ,16,,,,34181,Jay Chou Official MV | 周杰伦 Official Music Video | 周杰伦 lyric video | 周杰伦 官方 MV | 周杰伦 演唱会,2026-07-31T14:06:15.904475+00:00
UXwHuKmuhW8,https://www.youtube.com/watch?v=UXwHuKmuhW8,周杰倫 Jay Chou【魔術先生Magician】-Official Music Video,周杰倫 Jay Chou,UC8CU5nVhCQIdAGrFFp4loOQ,184,,,,2008984,Jay Chou Official MV | 周杰伦 4K MV | 周杰伦 JVR Music | 周杰伦 Official Music Video | 周杰伦 完整版 | 周杰伦 官方 MV | 周杰伦 歌曲 | 周杰伦 歌词版,2026-07-31T14:06:15.904475+00:00
Hq47d-ouX_Y,https://www.youtube.com/watch?v=Hq47d-ouX_Y,周杰倫 Jay Chou【麥芽糖 Malt Candy】-Official Music Video,周杰倫 Jay Chou,UC8CU5nVhCQIdAGrFFp4loOQ,261,,,,2671029,Jay Chou Official MV | 周杰伦 Official Music Video | 周杰伦 lyric video | 周杰伦 官方 MV | 周杰伦 歌曲 | 周杰伦 歌词版,2026-07-31T14:06:15.904475+00:00
DuErkkiCaZU,https://www.youtube.com/watch?v=DuErkkiCaZU,周杰倫 Jay Chou【黃金甲 Golden Armor】-Official Music Video,周杰倫 Jay Chou,UC8CU5nVhCQIdAGrFFp4loOQ,220,,,,4321522,Jay Chou Official MV | 周杰伦 Official Music Video | 周杰伦 lyric video | 周杰伦 专辑 | 周杰伦 完整版 | 周杰伦 官方 MV | 周杰伦 歌曲 | 周杰伦 歌词版 | 周杰伦 演唱会,2026-07-31T14:06:15.904475+00:00
wRT-5heURhY,https://www.youtube.com/watch?v=wRT-5heURhY,周杰倫 Jay Chou【黑色幽默 Dark Humor】-Official Music Video,周杰倫 Jay Chou,UC8CU5nVhCQIdAGrFFp4loOQ,285,,,,12722138,周杰伦 JVR Music | 周杰伦 Official Music Video | 周杰伦 lyric video | 周杰伦 完整版 | 周杰伦 官方 MV | 周杰伦 杰威尔音乐 | 周杰伦 歌曲 | 周杰伦 歌词版 | 周杰伦 演唱会 | 周杰伦 现场 Live,2026-07-31T14:06:15.904475+00:00
bX33UI9ZPLk,https://www.youtube.com/watch?v=bX33UI9ZPLk,周杰倫 Jay Chou【黑色毛衣 Black Sweater】-Official Music Video,周杰倫 Jay Chou,UC8CU5nVhCQIdAGrFFp4loOQ,254,,,,21940628,Jay Chou Official MV | 周杰伦 JVR Music | 周杰伦 Official Music Video | 周杰伦 lyric video | 周杰伦 完整版 | 周杰伦 杰威尔音乐 | 周杰伦 歌曲 | 周杰伦 演唱会 | 周杰伦 高音质,2026-07-31T14:06:15.904475+00:00
6VRioN8euIs,https://www.youtube.com/watch?v=6VRioN8euIs,周杰倫 Jay Chou【龍戰騎士 Dragon Rider】-Official Music Video,周杰倫 Jay Chou,UC8CU5nVhCQIdAGrFFp4loOQ,322,,,,3488217,Jay Chou Official MV | 周杰伦 Official Music Video | 周杰伦 完整版 | 周杰伦 歌曲 | 周杰伦 歌词版 | 周杰伦 演唱会 | 周杰伦 现场 Live,2026-07-31T14:06:15.904475+00:00
_byK6M95hTc,https://www.youtube.com/watch?v=_byK6M95hTc,周杰倫 Jay Chou【龍拳 Dragon Fist】Official MV,周杰倫 Jay Chou,UC8CU5nVhCQIdAGrFFp4loOQ,279,,,,3414934,Jay Chou Official MV | 周杰伦 4K MV | 周杰伦 JVR Music | 周杰伦 Official Music Video | 周杰伦 完整版 | 周杰伦 官方 MV | 周杰伦 高音质,2026-07-31T14:06:15.904475+00:00
RPWDeLqsN0g,https://www.youtube.com/watch?v=RPWDeLqsN0g,周杰倫 Jay Chou【龍捲風 Tornado】-Official Music Video,周杰倫 Jay Chou,UC8CU5nVhCQIdAGrFFp4loOQ,255,,,,25561611,Jay Chou Official MV | 周杰伦 JVR Music | 周杰伦 Official Music Video | 周杰伦 lyric video | 周杰伦 完整版 | 周杰伦 官方 MV | 周杰伦 歌曲 | 周杰伦 歌词版 | 周杰伦 演唱会 | 周杰伦 现场 Live,2026-07-31T14:06:15.904475+00:00
edmIKXy7xfU,https://www.youtube.com/watch?v=edmIKXy7xfU,周杰倫 Jay Chou發片記者會花絮,周杰倫 Jay Chou,UC8CU5nVhCQIdAGrFFp4loOQ,547,,,,76646,Jay Chou Official MV | 周杰伦 1080P MV | 周杰伦 现场 Live,2026-07-31T14:06:15.904475+00:00
HjNPuMauXaY,https://www.youtube.com/watch?v=HjNPuMauXaY,周杰倫 Jay 袁詠琳 《傻笑》 十二新作 (完整版),wwwowo88,UCY7UmX0pQQlSiDdKGkj35dw,288,,,,224398,周杰伦 完整版,2026-07-31T14:06:15.904475+00:00
6d9zQTYrdxQ,https://www.youtube.com/watch?v=6d9zQTYrdxQ,周杰倫 Jay 袁詠琳《 傻笑》 音頻/MP3/清晰試聽完整版,wwwowo88,UCY7UmX0pQQlSiDdKGkj35dw,291,,,,190098,周杰伦 完整版,2026-07-31T14:06:15.904475+00:00
aUNdG951M00,https://www.youtube.com/watch?v=aUNdG951M00,周杰倫 JayChou《11月的蕭邦 November's Chopin》第六張專輯全MV(2005) | 夜曲、藍色風暴、髮如雪、黑色毛衣、四面楚歌、楓、浪漫手機、逆鱗、麥芽糖、珊瑚海、飄移、一路向,AlexHC,UCmNjF3SCpuIxV1nihW4qNtg,3263,,,,167,周杰伦 1080P MV,2026-07-31T14:06:15.904475+00:00
pA-44RDFrHg,https://www.youtube.com/watch?v=pA-44RDFrHg,周杰倫 JayChou《Jay》首張同名專輯全MV(2000) | 可愛女人、完美主義、星晴、娘子、鬥牛、黑色幽默、伊斯坦堡、印地安老斑鳩、龍捲風、反方向的鐘,AlexHC,UCmNjF3SCpuIxV1nihW4qNtg,2643,,,,34,周杰伦 1080P MV,2026-07-31T14:06:15.904475+00:00
n64dxMdrduo,https://www.youtube.com/watch?v=n64dxMdrduo,周杰倫 JayChou《七里香 Orange Jasmine》第五張專輯全MV(2004) | 我的地盤、七里香、藉口、外婆、將軍、擱淺、亂舞春秋、困獸之鬥、園遊會、止戰之殤,AlexHC,UCmNjF3SCpuIxV1nihW4qNtg,2671,,,,29,周杰伦 1080P MV,2026-07-31T14:06:15.904475+00:00
k3aOoswa4-A,https://www.youtube.com/watch?v=k3aOoswa4-A,周杰倫 JayChou《八度空間 The Eight Dimensions》第三張專輯全MV(2002) | 半獸人、半島鐵盒、暗號、龍拳、火車叨位去、分裂、爺爺泡的茶、回到過去、米蘭小鐵匠、最後的戰,AlexHC,UCmNjF3SCpuIxV1nihW4qNtg,2819,,,,185,周杰伦 1080P MV,2026-07-31T14:06:15.904475+00:00
Vs3-xngVv_4,https://www.youtube.com/watch?v=Vs3-xngVv_4,周杰倫 JayChou《范特西 Fantasy》第二張專輯全MV(2001) | 愛在西元前、爸 我回來了、簡單愛、忍者、開不了口、上海 一九四三、對不起、威廉古堡、雙截棍、安靜、蝸牛、你比從前快,AlexHC,UCmNjF3SCpuIxV1nihW4qNtg,3149,,,,515,周杰伦 1080P MV,2026-07-31T14:06:15.904475+00:00
_b9RYMaCIf8,https://www.youtube.com/watch?v=_b9RYMaCIf8,周杰倫 Mine Mine 驚嘆號 台中  20111126 (建議1080P),allenlovemusic,UC9dZf25puHMW5dg_C6WJgCA,252,,,,2601,周杰伦 1080P MV,2026-07-31T14:06:15.904475+00:00
9lcE45riASc,https://www.youtube.com/watch?v=9lcE45riASc,周杰倫 The One演唱會《簡單愛》,嘿嘿嘿嘿嘿,UCo6OTXr5gvse3EEpTz0jshg,265,,,,36325,周杰伦 现场 Live,2026-07-31T14:06:15.904475+00:00
o4VuDuUnqfk,https://www.youtube.com/watch?v=o4VuDuUnqfk,周杰倫 TiinLab用聲音感知世界_反骨篇,周杰倫 Jay Chou,UC8CU5nVhCQIdAGrFFp4loOQ,141,,,,55207,Jay Chou Official MV | 周杰伦 Official Music Video | 周杰伦 完整版 | 周杰伦 官方 MV | 周杰伦 杰威尔音乐 | 周杰伦 高音质,2026-07-31T14:06:15.904475+00:00
58B4LLy7A_E,https://www.youtube.com/watch?v=58B4LLy7A_E,周杰倫 《 世界末日 》【 動態歌詞 高音質 】,唱吧 SingBar,UCPh1NTMWwLPkIxtvEO3gQTw,265,,,,1443,周杰伦 高音质,2026-07-31T14:06:15.904475+00:00
JlsUtcshpLM,https://www.youtube.com/watch?v=JlsUtcshpLM,周杰倫 《 夢想啟動》音頻/MP3/ 試聽完整版,wwwowo88,UCY7UmX0pQQlSiDdKGkj35dw,206,,,,48870,周杰伦 完整版,2026-07-31T14:06:15.904475+00:00
-zcIN-vbX_M,https://www.youtube.com/watch?v=-zcIN-vbX_M,周杰倫 《青花瓷》1小時循環版「高音質 + 手機省電版 」♪Music Party♪,Music Party,UCAARBPdIfnMxM1d9Nj7p5Lw,3890,,,,235844,周杰伦 高音质,2026-07-31T14:06:15.904475+00:00
Z5vmIYhWPJo,https://www.youtube.com/watch?v=Z5vmIYhWPJo,周杰倫 七月的極光 伴奏 (Instrumental) Aurora in July Jay Chou,DeepRecon,UCbZxG43fzttAynIEuK0pQZQ,194,,,,558,周杰伦 JVR Music,2026-07-31T14:06:15.904475+00:00
qRPzQcYrPm4,https://www.youtube.com/watch?v=qRPzQcYrPm4,周杰倫 七里香 升key版 （2004勁歌金曲）,Ha Ha,UCOYAkjHRyT9uXiVsU1zSoQg,141,,,,154036,周杰伦 现场 Live,2026-07-31T14:06:15.904475+00:00
wk_XtOG8wcI,https://www.youtube.com/watch?v=wk_XtOG8wcI,周杰倫 七里香 歌詞,陳歆,UC8reu8bU-j1QgFws7KwnXQg,296,,,,4586820,周杰伦 Official Music Video | 周杰伦 官方 MV | 周杰伦 歌曲 | 周杰伦 歌词版,2026-07-31T14:06:15.904475+00:00
6lZLArh60YU,https://www.youtube.com/watch?v=6lZLArh60YU,周杰倫 不能不聽的15首經典 ※不聽後悔~~ | 歌词精選,杰威爾歌詞MV頻道JVR Lyric MV,UCsMWXIFViw8KxCl1i7X8deA,3936,,,,6138370,周杰伦 杰威尔音乐,2026-07-31T14:06:15.904475+00:00
duScl5B2YDM,https://www.youtube.com/watch?v=duScl5B2YDM,周杰倫 不能說的秘密 主題曲 MV,Keiko,UCTPxG95P8MwWQaSPq85GaEg,287,,,,1353168,周杰伦 歌曲,2026-07-31T14:06:15.904475+00:00
zsj6nt9ixcM,https://www.youtube.com/watch?v=zsj6nt9ixcM,周杰倫 公主病 完整MV [HD] Jay Chou _Princess Syndrome_,Denis LIFE,UC-mjgA2zK6EVaaMXtlC_5pw,124,,,,90,周杰伦 1080P MV,2026-07-31T14:06:15.904475+00:00
9aupWXAK7Kc,https://www.youtube.com/watch?v=9aupWXAK7Kc,周杰倫 升1key【楓】太神啦！ 2024嘉年華演唱會,Jay fans ,UCYgxlrItTzIeMPsOd52uXow,86,,,,40849,周杰伦 演唱会,2026-07-31T14:06:15.904475+00:00
DgEd2VAHvh8,https://www.youtube.com/watch?v=DgEd2VAHvh8,"周杰倫 可愛女人 香港特別版1080P HD 魔天倫2演唱會  Jay Chou  ""Adorable Lady"" Hong Kong Concert version 2014",Ch Y,UCqhtlsM6ef-rBcX1mndnNkA,212,,,,256061,周杰伦 1080P MV | 周杰伦 现场 Live,2026-07-31T14:06:15.904475+00:00
0NiPbsNzd3g,https://www.youtube.com/watch?v=0NiPbsNzd3g,周杰倫 嘉年華演唱會 2022 新加坡 live in Singapore day 1  开场 半兽人,music live video,UCPFz0Ln8lQEs0ge1zkA8E8w,211,,,,691,周杰伦 现场 Live,2026-07-31T14:06:15.904475+00:00
9hFXFWrIPl8,https://www.youtube.com/watch?v=9hFXFWrIPl8,周杰倫 嘉年華演唱會 2022 新加坡 live in Singapore day 1  愛在西元前 + 園遊會 + 倒影 + 晴天,music live video,UCPFz0Ln8lQEs0ge1zkA8E8w,326,,,,1503,周杰伦 现场 Live,2026-07-31T14:06:15.904475+00:00
Bv3tgKloJxc,https://www.youtube.com/watch?v=Bv3tgKloJxc,周杰倫 嘉年華演唱會 2022 新加坡 live in Singapore day 1 全球首唱 紅顏如霜,music live video,UCPFz0Ln8lQEs0ge1zkA8E8w,216,,,,5417,周杰伦 现场 Live,2026-07-31T14:06:15.904475+00:00
VcNNARF3zcc,https://www.youtube.com/watch?v=VcNNARF3zcc,周杰倫 嘉年華演唱會 2022 新加坡 live in Singapore day 1 彩虹 + 祝我生日快樂 + 落雨声 + 连名带姓 + 说爱你 + 粉色海洋 + mojito,music live video,UCPFz0Ln8lQEs0ge1zkA8E8w,595,,,,2877,周杰伦 现场 Live,2026-07-31T14:06:15.904475+00:00
X5pdbGJrkaA,https://www.youtube.com/watch?v=X5pdbGJrkaA,周杰倫 嘉年華演唱會 2022 新加坡 live in Singapore day 1 我落泪 情绪零碎,music live video,UCPFz0Ln8lQEs0ge1zkA8E8w,227,,,,5479,周杰伦 现场 Live,2026-07-31T14:06:15.904475+00:00
b3L2Voh4xFY,https://www.youtube.com/watch?v=b3L2Voh4xFY,周杰倫 嘉年華演唱會 2022 新加坡 live in Singapore day 1 祝我生日快樂,music live video,UCPFz0Ln8lQEs0ge1zkA8E8w,114,,,,1534,周杰伦 现场 Live,2026-07-31T14:06:15.904475+00:00
McBZP8xF6Ao,https://www.youtube.com/watch?v=McBZP8xF6Ao,周杰倫 嘉年華演唱會 2022 新加坡 live in Singapore day 1 紅塵客棧 【古箏】+ 千里之外,music live video,UCPFz0Ln8lQEs0ge1zkA8E8w,209,,,,597,周杰伦 现场 Live,2026-07-31T14:06:15.904475+00:00
B901qWcUy2U,https://www.youtube.com/watch?v=B901qWcUy2U,周杰倫 嘉年華演唱會 2022 新加坡 live in Singapore day 1 落雨声 + 连名带姓 + 说爱你 + 粉色海洋,music live video,UCPFz0Ln8lQEs0ge1zkA8E8w,175,,,,7320,周杰伦 现场 Live,2026-07-31T14:06:15.904475+00:00
tZYwz6MkvAc,https://www.youtube.com/watch?v=tZYwz6MkvAc,周杰倫 嘉年華演唱會 2022 新加坡 live in Singapore day 1 開不了口,music live video,UCPFz0Ln8lQEs0ge1zkA8E8w,276,,,,1367,周杰伦 现场 Live,2026-07-31T14:06:15.904475+00:00
MJ1yx6hCkjc,https://www.youtube.com/watch?v=MJ1yx6hCkjc,周杰倫 嘉年華演唱會 2022 新加坡 live in Singapore day 2 告白气球,music live video,UCPFz0Ln8lQEs0ge1zkA8E8w,153,,,,1823,周杰伦 现场 Live,2026-07-31T14:06:15.904475+00:00
i_fWSD54G8s,https://www.youtube.com/watch?v=i_fWSD54G8s,周杰倫 嘉年華演唱會 2022 新加坡 live in Singapore day 2 夜的第七章,music live video,UCPFz0Ln8lQEs0ge1zkA8E8w,106,,,,946,周杰伦 现场 Live,2026-07-31T14:06:15.904475+00:00
9o1nLAMTP3s,https://www.youtube.com/watch?v=9o1nLAMTP3s,周杰倫 嘉年華演唱會 2022 新加坡 live in Singapore day 2 枫 + 安静,music live video,UCPFz0Ln8lQEs0ge1zkA8E8w,301,,,,2122,周杰伦 现场 Live,2026-07-31T14:06:15.904475+00:00
wvVXqUJy_zM,https://www.youtube.com/watch?v=wvVXqUJy_zM,周杰倫 嘉年華演唱會 2022 新加坡 live in Singapore day 2 青花瓷,music live video,UCPFz0Ln8lQEs0ge1zkA8E8w,189,,,,1221,周杰伦 现场 Live,2026-07-31T14:06:15.904475+00:00
Jg1bsRY9BKE,https://www.youtube.com/watch?v=Jg1bsRY9BKE,周杰倫 夜的第七章 嘉年華世界巡迴演唱會 12/8 台北場,GA,UCURnE2AYANzsfG5H7murYgQ,195,,,,2245,周杰伦 现场 Live,2026-07-31T14:06:15.904475+00:00
uZ4R1z9_B1k,https://www.youtube.com/watch?v=uZ4R1z9_B1k,周杰倫 天台 1:20比例電影場景(1080p)[無限HD] 🏆,INFINI HD 4K ( dan201 ),UCUFNaNGi3lnBPq4gtdfJCAA,59,,,,1193,周杰伦 1080P MV,2026-07-31T14:06:15.904475+00:00
sklGeVmKPkU,https://www.youtube.com/watch?v=sklGeVmKPkU,周杰倫 所有歌詞視頻  Jay Chou's All Lyrics Videos - 173 great songs by Jay Chou  周杰倫 好聽的173首歌,杰威爾歌詞MV頻道JVR Lyric MV,UCsMWXIFViw8KxCl1i7X8deA,40259,,,,46639,周杰伦 杰威尔音乐,2026-07-31T14:06:15.904475+00:00
Up59Y0U11uY,https://www.youtube.com/watch?v=Up59Y0U11uY,周杰倫 擱淺 歌詞（繁體中文）,Stanirt Music,UCM6K08Y53esrNnZRNEZXUOw,241,,,,4816588,周杰伦 Official Music Video | 周杰伦 完整版 | 周杰伦 官方 MV | 周杰伦 歌曲 | 周杰伦 歌词版 | 周杰伦 现场 Live,2026-07-31T14:06:15.904475+00:00
FVT0zjKDU6I,https://www.youtube.com/watch?v=FVT0zjKDU6I,周杰倫 擱淺+借口 live,icedetective,UCP-X_ePkMhK4VQ7Jvxhpt1g,522,,,,4583852,周杰伦 现场 Live,2026-07-31T14:06:15.904475+00:00
RFpmnQQHf-8,https://www.youtube.com/watch?v=RFpmnQQHf-8,周杰倫 教堂婚禮音樂 鋼琴譜完整版,Zora玩音樂-樂譜分享工作室,UCvGyU-Wh8RGgeiZrt0ptNzQ,122,,,,31150,周杰伦 完整版,2026-07-31T14:06:15.904475+00:00
mzTi8o6pVh4,https://www.youtube.com/watch?v=mzTi8o6pVh4,周杰倫 晴天《歌詞》,璃之歌詞天地 (⊙ꇴ⊙),UCRHjeGTqvbVkByaTVpzG2QQ,268,,,,3818,周杰伦 Official Music Video,2026-07-31T14:06:15.904475+00:00
cg71FnuT6i4,https://www.youtube.com/watch?v=cg71FnuT6i4,周杰倫 梁心頤   珊瑚海 無損音樂FLAC 歌詞LYRICS 純享,MusicDelta,UCpVAtVVC24ZuYIRvoxcSvxQ,256,,,,252718,周杰伦 lyric video | 周杰伦 高音质,2026-07-31T14:06:15.904475+00:00
lHT_F3h6_BY,https://www.youtube.com/watch?v=lHT_F3h6_BY,周杰倫 溫嵐-屋頂,Sin J,UC_dlNYUuf49XHAAYyHsUysA,320,,,,6572952,周杰伦 Official Music Video | 周杰伦 官方 MV | 周杰伦 歌曲,2026-07-31T14:06:15.904475+00:00
kAKpo2cerLE,https://www.youtube.com/watch?v=kAKpo2cerLE,周杰倫 無與倫比演唱會 2004 園遊會 Live,JayCForLife,UCvhjvGGiiC7tJV8ChWyU-5g,259,,,,217687,周杰伦 演唱会 | 周杰伦 现场 Live,2026-07-31T14:06:15.904475+00:00
gCKiA_P9kRw,https://www.youtube.com/watch?v=gCKiA_P9kRw,周杰倫 稻香 歌詞,龔子歆,UCc7t1CGGLKutwBtMyY_42Qw,224,,,,3744648,周杰伦 官方 MV | 周杰伦 歌词版,2026-07-31T14:06:15.904475+00:00
hZPzLhOkZb0,https://www.youtube.com/watch?v=hZPzLhOkZb0,周杰倫 紐約地鐵MV 1080P,Eldar,UCV94q64_UF67Uz3eLnDI5Ow,183,,,,881,周杰伦 1080P MV,2026-07-31T14:06:15.904475+00:00
qCMnNu7PrZs,https://www.youtube.com/watch?v=qCMnNu7PrZs,周杰倫 罕見曲目【愛你沒差】和粉絲合唱 2024嘉年華演唱會,Jay fans ,UCYgxlrItTzIeMPsOd52uXow,114,,,,49208,周杰伦 现场 Live,2026-07-31T14:06:15.904475+00:00
k0LO4P4Pcuo,https://www.youtube.com/watch?v=k0LO4P4Pcuo,周杰倫 菊花台 (高音質),只放高音質,UC-D1cC9d7GZ3y4H1-QyWt6A,300,,,,62,周杰伦 高音质,2026-07-31T14:06:15.904475+00:00
trR_mnMJq9M,https://www.youtube.com/watch?v=trR_mnMJq9M,周杰倫 菊花台 live,lofuwai1010,UC0GMJ-_EtVjG5GShA9GRdPw,218,,,,65542,周杰伦 现场 Live,2026-07-31T14:06:15.904475+00:00
LVpYT6r4Pis,https://www.youtube.com/watch?v=LVpYT6r4Pis,周杰倫 蒲公英的约定 MV 高畫值,CHIH HSIEN LI,UCnT7PfB86gwsexikDV3WWGw,252,,,,27763799,Jay Chou Official MV | 周杰伦 4K MV | 周杰伦 Official Music Video | 周杰伦 官方 MV | 周杰伦 歌曲 | 周杰伦 现场 Live | 周杰伦 高音质,2026-07-31T14:06:15.904475+00:00
vBhoQ0TDqs4,https://www.youtube.com/watch?v=vBhoQ0TDqs4,周杰倫 西西里 伴奏 (Instrumental) Sicily Jay Chou,DeepRecon,UCbZxG43fzttAynIEuK0pQZQ,230,,,,2083,周杰伦 JVR Music | 周杰伦 杰威尔音乐,2026-07-31T14:06:15.904475+00:00
KobpI26YDzw,https://www.youtube.com/watch?v=KobpI26YDzw,周杰倫 說了再見 歌詞 伴奏版（繁體中文）,Stanirt Music,UCM6K08Y53esrNnZRNEZXUOw,282,,,,72925,周杰伦 歌词版,2026-07-31T14:06:15.904475+00:00
0P6_gUT2aFg,https://www.youtube.com/watch?v=0P6_gUT2aFg,周杰倫 費玉清   千里之外 無損音樂FLAC 歌詞LYRICS 純享,MusicDelta,UCpVAtVVC24ZuYIRvoxcSvxQ,257,,,,67451,周杰伦 1080P MV,2026-07-31T14:06:15.904475+00:00
YVwMxM4iMQA,https://www.youtube.com/watch?v=YVwMxM4iMQA,周杰倫 超時代演唱會 JAY CHOU World Tour Live in Singapore 2010 live,Imbecknhao,UCoKcN3ZGoZsD4hi5rED0erQ,231,,,,363702,周杰伦 演唱会,2026-07-31T14:06:15.904475+00:00
s0psAleg9IU,https://www.youtube.com/watch?v=s0psAleg9IU,周杰倫 軌跡 歌詞（繁體中文）,Stanirt Music,UCM6K08Y53esrNnZRNEZXUOw,324,,,,555872,周杰伦 Official Music Video | 周杰伦 歌曲,2026-07-31T14:06:15.904475+00:00
9rWROfvhNEM,https://www.youtube.com/watch?v=9rWROfvhNEM,周杰倫 這首經典的中國風你們都聽過嗎？ 最後的假音更是神來之筆！,music live video,UCPFz0Ln8lQEs0ge1zkA8E8w,195,,,,3435,周杰伦 现场 Live,2026-07-31T14:06:15.904475+00:00
_nw4_zpSlCQ,https://www.youtube.com/watch?v=_nw4_zpSlCQ,周杰倫 還在流浪 最偉大的作品 黑膠 黑膠試聽,Lu Will,UCA6kBle6bZAylhJsyQRLzog,265,,,,165,周杰伦 Sony Music Taiwan,2026-07-31T14:06:15.904475+00:00
JMyRGTxxjm4,https://www.youtube.com/watch?v=JMyRGTxxjm4,周杰倫 陳奕迅 淘汰 live 2013,music live video,UCPFz0Ln8lQEs0ge1zkA8E8w,486,,,,715352,周杰伦 演唱会,2026-07-31T14:06:15.904475+00:00
uf8HHCcbpFc,https://www.youtube.com/watch?v=uf8HHCcbpFc,周杰倫 青花瓷 歌詞,陳歆,UC8reu8bU-j1QgFws7KwnXQg,236,,,,6199805,周杰伦 完整版 | 周杰伦 官方 MV | 周杰伦 歌曲 | 周杰伦 歌词版 | 周杰伦 高音质,2026-07-31T14:06:15.904475+00:00
DPE9-7izy4Q,https://www.youtube.com/watch?v=DPE9-7izy4Q,周杰倫 魔天倫2世界巡迴演唱會 《黑色毛衣》Jay Chou 2014 Opus 2 World Tour Singapore - Black Sweater LIVE,Kilun,UCVB2mC4FyicvsjfQJLbyuxw,253,,,,12993,周杰伦 现场 Live,2026-07-31T14:06:15.904475+00:00
2gibBJ5nsS8,https://www.youtube.com/watch?v=2gibBJ5nsS8,周杰倫 ｜太陽之子 非官方MV盲猜 ｜告解室聽懺悔，卻謀算著慾望 JayChou Children of sun,贾逸可YK,UCObasfYJx4AatxlJsTUZ1rw,199,,,,68700,周杰伦 官方 MV,2026-07-31T14:06:15.904475+00:00
L-ly49S6i7w,https://www.youtube.com/watch?v=L-ly49S6i7w,"周杰倫""嘻哈空姐""MV(120秒) Jay Chou""嘻哈空姐""MV(120sec.)",周杰倫 Jay Chou,UC8CU5nVhCQIdAGrFFp4loOQ,121,,,,28919,周杰伦 专辑 | 周杰伦 完整版 | 周杰伦 官方 MV,2026-07-31T14:06:15.904475+00:00
6OJiwoOtIfg,https://www.youtube.com/watch?v=6OJiwoOtIfg,"周杰倫""好久不見""MV(完整版) Jay Chou ""好久不見""MV(full version)",周杰倫 Jay Chou,UC8CU5nVhCQIdAGrFFp4loOQ,215,,,,27639,Jay Chou Official MV | 周杰伦 Official Music Video | 周杰伦 lyric video | 周杰伦 专辑 | 周杰伦 完整版 | 周杰伦 官方 MV | 周杰伦 歌词版 | 周杰伦 现场 Live,2026-07-31T14:06:15.904475+00:00
ALLga0YNYfQ,https://www.youtube.com/watch?v=ALLga0YNYfQ,周杰倫&CUG-2017年CASIO G-SHOCK廣告(震撼曝光),Jay Chou IFC,UCFKC0qE0j_chgkObdCVvlaw,77,,,,7603,周杰伦 Sony Music Taiwan,2026-07-31T14:06:15.904475+00:00
fxJILbFcNT8,https://www.youtube.com/watch?v=fxJILbFcNT8,周杰倫&Lara【2011超時代世界巡迴演唱會 蘇州站】珊瑚海 Live修復版,Jay Pop,UCHyUYzodGRNPcIPpwacr0lA,225,,,,200851,周杰伦 演唱会 | 周杰伦 现场 Live,2026-07-31T14:06:15.904475+00:00
gjPDVZ8R-vA,https://www.youtube.com/watch?v=gjPDVZ8R-vA,周杰倫&五月天 - 稻香 搖滾版 【還記得你說家是唯一的城堡 隨著稻香河流繼續奔跑】 Lyrics Video,Cheng Lyrics Video,UCkoI9rtpkFndRGiLFX3Y88w,153,,,,1625,周杰伦 歌词版,2026-07-31T14:06:15.904475+00:00
NMcCF9GPaCU,https://www.youtube.com/watch?v=NMcCF9GPaCU,周杰倫&小麥&雪糕1 Mine Mine(1080p 5.1聲道中文字幕)@驚嘆號高雄簽唱會 🏆,INFINI HD 4K ( dan201 ),UCUFNaNGi3lnBPq4gtdfJCAA,272,,,,58905,周杰伦 1080P MV,2026-07-31T14:06:15.904475+00:00
uZ6gS08S5p8,https://www.youtube.com/watch?v=uZ6gS08S5p8,周杰倫&梁心頤(Lara) 蛇舞 超時代演唱會Live 1080P+5.1 HD,fck201fangc2,UCxuuYCl61pn_kK7rY0C2GCg,240,,,,81970,周杰伦 1080P MV,2026-07-31T14:06:15.904475+00:00
YazUt7enOfs,https://www.youtube.com/watch?v=YazUt7enOfs,周杰倫&汪峰 暢聊音樂人生《不可複制 周杰倫》,Jay Chou IFC,UCFKC0qE0j_chgkObdCVvlaw,417,,,,77401,周杰伦 JVR Music,2026-07-31T14:06:15.904475+00:00
6P74BpGBLC4,https://www.youtube.com/watch?v=6P74BpGBLC4,周杰倫&袁詠琳 黑色幽默 超時代演唱會Live 1080P+5.1 HD,fck201fangc2,UCxuuYCl61pn_kK7rY0C2GCg,282,,,,405,周杰伦 1080P MV,2026-07-31T14:06:15.904475+00:00
zVJN1maXgH4,https://www.youtube.com/watch?v=zVJN1maXgH4,"周杰倫+Kobe Bryant【天地一鬥 官方完整MV】Jay Chou ""Spark"" MV",周杰倫 Jay Chou,UC8CU5nVhCQIdAGrFFp4loOQ,193,,,,244600,周杰伦 官方 MV | 周杰伦 杰威尔音乐,2026-07-31T14:06:15.904475+00:00
IBZ7ARxU110,https://www.youtube.com/watch?v=IBZ7ARxU110,周杰倫+劉德華！！！　世紀合唱《忘情水》,ETtoday星光雲/官方平台,UCX157UE-NdaUGQJDkQ-XKnw,237,,,,237946,周杰伦 现场 Live,2026-07-31T14:06:15.904475+00:00
pAZjcx150Zc,https://www.youtube.com/watch?v=pAZjcx150Zc,"周杰倫+林志玲【帶我飛 官方完整MV】Jay Chou ""Fly Away"" MV",周杰倫 Jay Chou,UC8CU5nVhCQIdAGrFFp4loOQ,265,,,,452154,Jay Chou Official MV | 周杰伦 Official Music Video | 周杰伦 完整版 | 周杰伦 官方 MV | 周杰伦 歌曲 | 周杰伦 歌词版,2026-07-31T14:06:15.904475+00:00
sWr20oeC2R0,https://www.youtube.com/watch?v=sWr20oeC2R0,周杰倫- 軌跡 高音質  木吉他原創伴奏改編 女Key E,為妳伴奏 Accompany You,UC8maYHUjJmLydqC2c2mfxNw,297,,,,386,周杰伦 高音质,2026-07-31T14:06:15.904475+00:00
HIRzNWg9x_c,https://www.youtube.com/watch?v=HIRzNWg9x_c,周杰倫- 退後 高音質  鋼琴樂團原創伴奏 女Key E,為妳伴奏 Accompany You,UC8maYHUjJmLydqC2c2mfxNw,264,,,,389,周杰伦 高音质,2026-07-31T14:06:15.904475+00:00
gPYv-F-9fqY,https://www.youtube.com/watch?v=gPYv-F-9fqY,周杰倫- 退後 高音質  鋼琴樂團原創伴奏 女Key Eb,為妳伴奏 Accompany You,UC8maYHUjJmLydqC2c2mfxNw,264,,,,2383,周杰伦 高音质,2026-07-31T14:06:15.904475+00:00
3jTqqnIEMSQ,https://www.youtube.com/watch?v=3jTqqnIEMSQ,周杰倫- 退後 高音質  鋼琴樂團原創伴奏 女Key F,為妳伴奏 Accompany You,UC8maYHUjJmLydqC2c2mfxNw,304,,,,229,周杰伦 高音质,2026-07-31T14:06:15.904475+00:00
eJLqHg7dOkM,https://www.youtube.com/watch?v=eJLqHg7dOkM,周杰倫---稻香＋陽光宅男＋龍卷風＋說好的幸福呢＋淘汰＋青花瓷,一夜暴富,UCJ7SIuZuYgc7Pq84DBcOAgA,948,,,,16874223,周杰伦 Official Music Video | 周杰伦 完整版 | 周杰伦 歌曲 | 周杰伦 歌词版 | 周杰伦 演唱会 | 周杰伦 现场 Live,2026-07-31T14:06:15.904475+00:00
wPQqRnYkBP0,https://www.youtube.com/watch?v=wPQqRnYkBP0,周杰倫-《不愛我就拉倒》歌詞版,XiaoYang小楊,UC7yMQdimSWVJbuZgXPmsbTA,243,,,,25837,周杰伦 歌词版,2026-07-31T14:06:15.904475+00:00
iui42hKlkfE,https://www.youtube.com/watch?v=iui42hKlkfE,周杰倫-不能說的祕密 高音質,暴牙也好聽,UC0kJgjz0m9Q0uIqYmcvMzOA,297,,,,1303,周杰伦 高音质,2026-07-31T14:06:15.904475+00:00
HtT_F5IQUEY,https://www.youtube.com/watch?v=HtT_F5IQUEY,周杰倫-不能說的秘密 插曲｜時間穿越曲-Secret｜你一定要彈那麼快嗎？我回去都彈那麼快啊~,Nice piano sheets,UCI2FRQyYm-Vo9rvs6q6wcHg,93,,,,1584293,周杰伦 完整版 | 周杰伦 歌曲,2026-07-31T14:06:15.904475+00:00
s2FZKwfxPMI,https://www.youtube.com/watch?v=s2FZKwfxPMI,周杰倫-十二新作-12-烏克麗麗(高音質 1411kbps).wmv,s800331,UCx2I_-zDlr9iCXt6U162lfQ,176,,,,1796,周杰伦 高音质,2026-07-31T14:06:15.904475+00:00
pQB8Yaqxyuo,https://www.youtube.com/watch?v=pQB8Yaqxyuo,周杰倫-安靜 MV 高音質「初識不知曲中意，再聽已是曲中人。」,李葳,UCIkYPgSKBRYN0Ag2In-qZqQ,332,,,,27,周杰伦 高音质,2026-07-31T14:06:15.904475+00:00
Qw6GNUr67ps,https://www.youtube.com/watch?v=Qw6GNUr67ps,周杰倫-安靜(最好聽的版本),Jhin,UCA6SolJNTYEtoDSk_SkBMbg,270,,,,2692746,周杰伦 现场 Live,2026-07-31T14:06:15.904475+00:00
G8gzCbJCiP8,https://www.youtube.com/watch?v=G8gzCbJCiP8,周杰倫-惊叹号(完整版),Jimmy yap,UCmkYKJkHHTO1m4qrrBtrw4Q,231,,,,19103,周杰伦 完整版,2026-07-31T14:06:15.904475+00:00
ceSR4D1OgtY,https://www.youtube.com/watch?v=ceSR4D1OgtY,周杰倫-明明就 （iTunes單曲發售版）m4a高音質,Mr. anon,UCK_QKRldycKmSSbse376pxA,259,,,,980,周杰伦 高音质,2026-07-31T14:06:15.904475+00:00
s7hpuFq3-xU,https://www.youtube.com/watch?v=s7hpuFq3-xU,周杰倫-最偉大的作品（高音質純享版）和周董一起優雅穿越～【動態歌詞Lyrics】,華語歌曲,UCg3RlgKs32XrkAWadzeOlLQ,254,,,,712,周杰伦 高音质,2026-07-31T14:06:15.904475+00:00
nqz7iF0B-Qw,https://www.youtube.com/watch?v=nqz7iF0B-Qw,周杰倫-本草綱目 高音質,暴牙也好聽,UC0kJgjz0m9Q0uIqYmcvMzOA,210,,,,2954,周杰伦 高音质,2026-07-31T14:06:15.904475+00:00
iAKmINyamSA,https://www.youtube.com/watch?v=iAKmINyamSA,周杰倫-甜甜的 杰迷翻唱自拍MV[Jay Chou-Sweetness cover fan-made MV by Shun Shun(順順)],SeitenTaisei100,UCfqPuMD_6RdBMOJ8jbRmWJQ,295,,,,1642,周杰伦 1080P MV | 周杰伦 Sony Music Taiwan,2026-07-31T14:06:15.904475+00:00
NVLIoWH-PnU,https://www.youtube.com/watch?v=NVLIoWH-PnU,周杰倫-超越自己創新時代,周杰倫 Jay Chou,UC8CU5nVhCQIdAGrFFp4loOQ,31,,,,49975,周杰伦 专辑 | 周杰伦 杰威尔音乐,2026-07-31T14:06:15.904475+00:00
3eUOBxbtyV0,https://www.youtube.com/watch?v=3eUOBxbtyV0,周杰倫-金曲音樂講堂-HD高畫質 即興創作-完整版,Calvin Wu,UCzXkeUZIIRmzZtW7h9e4T8A,4291,,,,998957,周杰伦 完整版,2026-07-31T14:06:15.904475+00:00
_QlG9Cab3Ws,https://www.youtube.com/watch?v=_QlG9Cab3Ws,周杰倫-陽光公主病 杰迷翻唱自拍MV[Jay Chou-Sunny Princess Syndrome cover&fan-made MV by Shun Shun(順順)],SeitenTaisei100,UCfqPuMD_6RdBMOJ8jbRmWJQ,220,,,,2565,周杰伦 Sony Music Taiwan,2026-07-31T14:06:15.904475+00:00
eckyJuRRPZs,https://www.youtube.com/watch?v=eckyJuRRPZs,周杰倫-雙截棍 x驚嘆號=雙截棍!!!杰迷翻唱自拍MV[Jay Chou's Exclamation NunChucks cover&fan-made HD MV by ShunShun(順順) ],SeitenTaisei100,UCfqPuMD_6RdBMOJ8jbRmWJQ,349,,,,1210,周杰伦 Sony Music Taiwan,2026-07-31T14:06:15.904475+00:00
kyY8wDWTJjg,https://www.youtube.com/watch?v=kyY8wDWTJjg,周杰倫-青花瓷(Cover),annief91745,UCmuUSXCHAvOj24pRS5N_p8w,157,,,,343,周杰伦 Sony Music Taiwan,2026-07-31T14:06:15.904475+00:00
SjeEVCNTsAI,https://www.youtube.com/watch?v=SjeEVCNTsAI,周杰倫-青蜂俠花絮 Jay Chou with The Green Hornet behind-the-scenes,周杰倫 Jay Chou,UC8CU5nVhCQIdAGrFFp4loOQ,114,,,,13355,Jay Chou Official MV | 周杰伦 Official Music Video,2026-07-31T14:06:15.904475+00:00
hwzIzdMAs00,https://www.youtube.com/watch?v=hwzIzdMAs00,周杰倫-髮如雪 杰迷翻唱自拍MV[Jay Chou's Hair Like Snow cover & fan-made MV by Shun Shun(順順)],SeitenTaisei100,UCfqPuMD_6RdBMOJ8jbRmWJQ,302,,,,2300,周杰伦 Sony Music Taiwan,2026-07-31T14:06:15.904475+00:00
_b-v9yHjG9c,https://www.youtube.com/watch?v=_b-v9yHjG9c,周杰倫-默 中英歌詞/Jay Chou-(Silent) Chinese and English Lyrics,蒙面小八,UCxr4rEXgZifuYMVPxsw7p8w,210,,,,386357,周杰伦 完整版,2026-07-31T14:06:15.904475+00:00
4MHduDmf3Mw,https://www.youtube.com/watch?v=4MHduDmf3Mw,周杰倫.蕭敬騰搭檔！歌壇雙天王攜手大銀幕 宅男的世界 20170717 (完整版),TVBS經典頻道,UCiY6KGeX6mILr3fICr0sp6A,1451,,,,5023,周杰伦 Sony Music Taiwan,2026-07-31T14:06:15.904475+00:00
bIdB8N4bQTg,https://www.youtube.com/watch?v=bIdB8N4bQTg,周杰倫10首神級翻唱現場Live演唱會歌曲串燒,Jacken666,UCKDRp9Nm4nmqKLWTmkz4cSw,2325,,,,1260318,周杰伦 现场 Live,2026-07-31T14:06:15.904475+00:00
HCjygO_C7ZQ,https://www.youtube.com/watch?v=HCjygO_C7ZQ,周杰倫14張台版專輯開箱！台版還是大陸版？平裝還是精裝？,HxHx L-,UCoyT-KZmHdTPjMqyecS8vZQ,2969,,,,6402,周杰伦 专辑,2026-07-31T14:06:15.904475+00:00
f1q6ZVYuGtU,https://www.youtube.com/watch?v=f1q6ZVYuGtU,周杰倫2 主持人訪問(1080p 5.1聲道)@驚嘆號高雄簽唱會 🏆,INFINI HD 4K ( dan201 ),UCUFNaNGi3lnBPq4gtdfJCAA,33,,,,2121,周杰伦 1080P MV,2026-07-31T14:06:15.904475+00:00
K1fwsoYgdyw,https://www.youtube.com/watch?v=K1fwsoYgdyw,周杰倫2 歌迷唱生日快樂歌(1080p)@12新作 夢時代簽唱會 🏆,INFINI HD 4K ( dan201 ),UCUFNaNGi3lnBPq4gtdfJCAA,59,,,,3812,周杰伦 1080P MV,2026-07-31T14:06:15.904475+00:00
b4LAWuGp_2c,https://www.youtube.com/watch?v=b4LAWuGp_2c,周杰倫2010演唱會~,羅囉亞（小雅）,UCVPXSo3PqLTMrQTXVIvHTTQ,106,,,,121402,周杰伦 演唱会,2026-07-31T14:06:15.904475+00:00
mEvlV9qpYb0,https://www.youtube.com/watch?v=mEvlV9qpYb0,周杰倫2010超時代演唱會 1280x720,xideastw,UCesPJIDT8NBVMGryqaS9haQ,13522,,,,1311497,周杰伦 演唱会 | 周杰伦 现场 Live,2026-07-31T14:06:15.904475+00:00
uFfgAacPfHk,https://www.youtube.com/watch?v=uFfgAacPfHk,周杰倫2010超時代演唱會完整版 超清,ZY Zhu,UCoodyzEHD1ZlqNc0cHjtdiQ,6762,,,,3097044,周杰伦 完整版 | 周杰伦 演唱会,2026-07-31T14:06:15.904475+00:00
U7G-l8FCevM,https://www.youtube.com/watch?v=U7G-l8FCevM,周杰倫2011新歌『世界未末日』完整版試聽,lovevemma100,UCSoPcdXBRbSgs7VTVuFUrMw,262,,,,6917,周杰伦 完整版,2026-07-31T14:06:15.904475+00:00
jdiLlxCgEbg,https://www.youtube.com/watch?v=jdiLlxCgEbg,周杰倫2022年專輯前導 . 巴黎創作紀錄片,周杰倫 Jay Chou,UC8CU5nVhCQIdAGrFFp4loOQ,668,,,,1715454,周杰伦 lyric video,2026-07-31T14:06:15.904475+00:00
1Pl2AQ_wAOY,https://www.youtube.com/watch?v=1Pl2AQ_wAOY,周杰倫2023太原演唱會 最偉大的作品+夜曲,麥摳 Michael,UCLf0AUU5JC04GnZkS5vS-Vw,237,,,,29816,周杰伦 现场 Live,2026-07-31T14:06:15.904475+00:00
jqem9GW-B9E,https://www.youtube.com/watch?v=jqem9GW-B9E,周杰倫2023香港演唱會 嘉賓點歌花絮,周杰倫 Jay Chou,UC8CU5nVhCQIdAGrFFp4loOQ,128,,,,762638,Jay Chou Official MV | 周杰伦 Official Music Video | 周杰伦 官方 MV | 周杰伦 歌词版,2026-07-31T14:06:15.904475+00:00
SQsnvOwkrEQ,https://www.youtube.com/watch?v=SQsnvOwkrEQ,周杰倫2026年原key《說好的幸福呢》  嘉年華2杭州站,Jay fans ,UCYgxlrItTzIeMPsOd52uXow,76,,,,6158,周杰伦 现场 Live,2026-07-31T14:06:15.904475+00:00
VB22Nj1jx4I,https://www.youtube.com/watch?v=VB22Nj1jx4I,周杰倫2026新專輯，8首新歌獨家完整版盲猜來了！,贾逸可YK,UCObasfYJx4AatxlJsTUZ1rw,1594,,,,21208,周杰伦 专辑 | 周杰伦 完整版,2026-07-31T14:06:15.904475+00:00
bWnnlVG1I14,https://www.youtube.com/watch?v=bWnnlVG1I14,周杰倫4 和歌迷合照(1080p)@12新作 夢時代簽唱會 🏆,INFINI HD 4K ( dan201 ),UCUFNaNGi3lnBPq4gtdfJCAA,92,,,,3414,周杰伦 1080P MV,2026-07-31T14:06:15.904475+00:00
te8d2K1fJ3A,https://www.youtube.com/watch?v=te8d2K1fJ3A,周杰倫5 簽名實況(1080p)@12新作 夢時代簽唱會 🏆,INFINI HD 4K ( dan201 ),UCUFNaNGi3lnBPq4gtdfJCAA,158,,,,4545,周杰伦 1080P MV,2026-07-31T14:06:15.904475+00:00
nVvRpsJhbco,https://www.youtube.com/watch?v=nVvRpsJhbco,周杰倫7 秀Beat Box 青花瓷(1080p 5.1聲道)@驚嘆號高雄簽唱會 🏆,INFINI HD 4K ( dan201 ),UCUFNaNGi3lnBPq4gtdfJCAA,251,,,,19639,周杰伦 1080P MV,2026-07-31T14:06:15.904475+00:00
SLCVz5fs8-Y,https://www.youtube.com/watch?v=SLCVz5fs8-Y,周杰倫8 拍照時間(1080p 5.1聲道)@驚嘆號高雄簽唱會 🏆,INFINI HD 4K ( dan201 ),UCUFNaNGi3lnBPq4gtdfJCAA,25,,,,1216,周杰伦 1080P MV,2026-07-31T14:06:15.904475+00:00
0YZqB7uZZvs,https://www.youtube.com/watch?v=0YZqB7uZZvs,周杰倫[告白氣球] - Jay Chow - Love Confession Dance Cover [Kayan x Tyrese Inspired Choreography] (4K),KENNY CHAN STUDIO,UCSe9igReZq0q1PLCn0SceZg,106,,,,12301,周杰伦 Sony Music Taiwan,2026-07-31T14:06:15.904475+00:00
NOdQhkq9Zp8,https://www.youtube.com/watch?v=NOdQhkq9Zp8,周杰倫[哪裡都是妳]-順順翻唱 Jay Chou-Na Li Dou Shi Ni cover by Shun Shun,SeitenTaisei100,UCfqPuMD_6RdBMOJ8jbRmWJQ,282,,,,124,周杰伦 Sony Music Taiwan,2026-07-31T14:06:15.904475+00:00
B8XwGxipHGc,https://www.youtube.com/watch?v=B8XwGxipHGc,周杰倫Jay & 田馥甄Hebe - 回到過去 MV,happywah,UCb_F0CT3ZyTOa2744triqOA,198,,,,76038,周杰伦 1080P MV,2026-07-31T14:06:15.904475+00:00
jOTOay9ySTo,https://www.youtube.com/watch?v=jOTOay9ySTo,周杰倫Jay & 田馥甄Hebe - 説好的幸福呢 MV,happywah,UCb_F0CT3ZyTOa2744triqOA,253,,,,13456,周杰伦 1080P MV,2026-07-31T14:06:15.904475+00:00
NZiCTVZTRvY,https://www.youtube.com/watch?v=NZiCTVZTRvY,周杰倫Jay -  安靜 鋼琴演唱分享 SONY HDR-MV1,吉米,UCxEyAXp2lI6hn6m25MgdPew,316,,,,250,周杰伦 Sony Music Taiwan,2026-07-31T14:06:15.904475+00:00
XUUqV8CD1hw,https://www.youtube.com/watch?v=XUUqV8CD1hw,周杰倫Jay Chou - 開不了口 @嘉年華世界巡迴演唱會香港站 2025/6/29,A,UCwZ7PeqGhkruZOsgoecCglQ,268,,,,12472,周杰伦 演唱会,2026-07-31T14:06:15.904475+00:00
ya3qCzamxrI,https://www.youtube.com/watch?v=ya3qCzamxrI,周杰倫Jay Chou X aMei 【不該】Lyrics & Terjemahan,Hey Aduo,UChhTdUF6uG8iEW92S2hRlrw,290,,,,76229,周杰伦 lyric video,2026-07-31T14:06:15.904475+00:00
8vlwY49Y_ms,https://www.youtube.com/watch?v=8vlwY49Y_ms,周杰倫Jay Chou X aMEI【不該 Shouldn't Be】MV花絮 Making of,周杰倫 Jay Chou,UC8CU5nVhCQIdAGrFFp4loOQ,248,,,,405832,周杰伦 JVR Music | 周杰伦 lyric video,2026-07-31T14:06:15.904475+00:00
_VxLOj3TB5k,https://www.youtube.com/watch?v=_VxLOj3TB5k,周杰倫Jay Chou X aMEI【不該 Shouldn't Be】Official MV,周杰倫 Jay Chou,UC8CU5nVhCQIdAGrFFp4loOQ,294,,,,186274035,Jay Chou Official MV | 周杰伦 4K MV | 周杰伦 JVR Music | 周杰伦 Official Music Video | 周杰伦 lyric video | 周杰伦 专辑 | 周杰伦 完整版 | 周杰伦 官方 MV | 周杰伦 杰威尔音乐 | 周杰伦 歌曲 | 周杰伦 歌词版 | 周杰伦 演唱会 | 周杰伦 现场 Live | 周杰伦 高音质,2026-07-31T14:06:15.904475+00:00
4bgNMWLsFI4,https://www.youtube.com/watch?v=4bgNMWLsFI4,周杰倫Jay Chou X aMEI【不該 Shouldn't Be】Official MV HD,ABCTV,UCKikOazziWSK1hkndMfMg6g,294,,,,9,周杰伦 1080P MV,2026-07-31T14:06:15.904475+00:00
Hh2Gpo8lc9w,https://www.youtube.com/watch?v=Hh2Gpo8lc9w,周杰倫Jay Chou 最難唱的10首快歌,Jay Chou's lovers,UC0FHVtixr02zI5mIog7PKmQ,233,,,,109214,周杰伦 JVR Music,2026-07-31T14:06:15.904475+00:00
QQucPUfXUQQ,https://www.youtube.com/watch?v=QQucPUfXUQQ,周杰倫Jay Chou(ジェイ・チョウ)【等你下課Waiting For You (with 楊瑞代 Gary)】(君を待っている) Official MV,周杰倫 Jay Chou,UC8CU5nVhCQIdAGrFFp4loOQ,270,,,,12205685,Jay Chou Official MV | 周杰伦 Official Music Video | 周杰伦 lyric video | 周杰伦 官方 MV,2026-07-31T14:06:15.904475+00:00
kBONhYS5WZE,https://www.youtube.com/watch?v=kBONhYS5WZE,周杰倫Jay Chou-2016年代言Sony Xperia XZ 廣告,Jay Chou IFC,UCFKC0qE0j_chgkObdCVvlaw,31,,,,22215,周杰伦 Sony Music Taiwan,2026-07-31T14:06:15.904475+00:00
sB9ztPtDlco,https://www.youtube.com/watch?v=sB9ztPtDlco,周杰倫Jay Chou-Mine Mine《歌詞字幕完整版》,su per,UCAEwy6MGxSPYVqFpDpKLNbg,266,,,,14483,周杰伦 完整版 | 周杰伦 歌词版,2026-07-31T14:06:15.904475+00:00
XVf8_DaO19Y,https://www.youtube.com/watch?v=XVf8_DaO19Y,周杰倫Jay Chou《2013魔天倫演唱會OPUS JAY WORLD TOUR》1/2,周杰倫 Jay Chou,UC8CU5nVhCQIdAGrFFp4loOQ,2727,,,,489186,Jay Chou Official MV | 周杰伦 4K MV | 周杰伦 Official Music Video | 周杰伦 lyric video | 周杰伦 完整版 | 周杰伦 官方 MV | 周杰伦 歌曲 | 周杰伦 歌词版 | 周杰伦 演唱会 | 周杰伦 现场 Live,2026-07-31T14:06:15.904475+00:00
oYNRj41V_iM,https://www.youtube.com/watch?v=oYNRj41V_iM,周杰倫Jay Chou《2013魔天倫演唱會OPUS JAY WORLD TOUR》2/2,周杰倫 Jay Chou,UC8CU5nVhCQIdAGrFFp4loOQ,3372,,,,302165,Jay Chou Official MV | 周杰伦 Official Music Video | 周杰伦 lyric video | 周杰伦 官方 MV | 周杰伦 歌曲 | 周杰伦 歌词版 | 周杰伦 演唱会 | 周杰伦 现场 Live,2026-07-31T14:06:15.904475+00:00
s9wvjSkR_Ms,https://www.youtube.com/watch?v=s9wvjSkR_Ms,周杰倫Jay Chou【伊斯坦堡 Istanbul】-Official Music Video,周杰倫 Jay Chou,UC8CU5nVhCQIdAGrFFp4loOQ,208,,,,2738396,Jay Chou Official MV | 周杰伦 JVR Music | 周杰伦 Official Music Video | 周杰伦 lyric video | 周杰伦 完整版 | 周杰伦 官方 MV | 周杰伦 杰威尔音乐 | 周杰伦 歌曲 | 周杰伦 歌词版 | 周杰伦 演唱会 | 周杰伦 现场 Live,2026-07-31T14:06:15.904475+00:00
AIjj2pKNU-U,https://www.youtube.com/watch?v=AIjj2pKNU-U,周杰倫Jay Chou【愛情廢柴 Failure at love】MV花絮 Making of,周杰倫 Jay Chou,UC8CU5nVhCQIdAGrFFp4loOQ,148,,,,184803,Jay Chou Official MV | 周杰伦 1080P MV | 周杰伦 Official Music Video | 周杰伦 完整版,2026-07-31T14:06:15.904475+00:00
pUDfKE2oAOY,https://www.youtube.com/watch?v=pUDfKE2oAOY,周杰倫Jay Chou嘉年華世界巡迴演唱會20241206 @臺北大巨蛋 #周杰倫 #動力火車 #台北大巨蛋,zona.c,UCaWC-UphOJLdbMz7D7kpe3w,1111,,,,118247,周杰伦 演唱会,2026-07-31T14:06:15.904475+00:00
1p_7m9N2-O8,https://www.youtube.com/watch?v=1p_7m9N2-O8,周杰倫Jay 范特西 專輯全收錄 (無廣告),funmusic放音樂,UCXjOGhTrhwKxBZoPfU2h-tQ,2406,,,,2248,周杰伦 专辑,2026-07-31T14:06:15.904475+00:00
wm5Pl62n9aU,https://www.youtube.com/watch?v=wm5Pl62n9aU,周杰倫X孫燕姿【不能說的秘密+遇見】Live,Jay Pop,UCHyUYzodGRNPcIPpwacr0lA,309,,,,1228121,周杰伦 演唱会 | 周杰伦 现场 Live,2026-07-31T14:06:15.904475+00:00
tcZdjnOMi34,https://www.youtube.com/watch?v=tcZdjnOMi34,周杰倫X容祖兒【珊瑚海】Live,Jay Pop,UCHyUYzodGRNPcIPpwacr0lA,257,,,,193161,周杰伦 现场 Live,2026-07-31T14:06:15.904475+00:00
y9UUX_6D8R4,https://www.youtube.com/watch?v=y9UUX_6D8R4,周杰倫X溫嵐【屋頂】Live,Jay Pop,UCHyUYzodGRNPcIPpwacr0lA,327,,,,22376,周杰伦 现场 Live,2026-07-31T14:06:15.904475+00:00
ddpaQ6Jxo5k,https://www.youtube.com/watch?v=ddpaQ6Jxo5k,周杰倫~青花瓷 字幕版 MV,胡書琦,UC0DIyPBDcdB40HbYzDWEwmQ,244,,,,447,周杰伦 1080P MV,2026-07-31T14:06:15.904475+00:00
eLOfcTEpbcM,https://www.youtube.com/watch?v=eLOfcTEpbcM,周杰倫–四面楚歌 MV 1080p,音樂研究院,UCyLbzYEOT1rI_MhDPTkWijA,251,,,,164,周杰伦 1080P MV,2026-07-31T14:06:15.904475+00:00
kxwTXPa28OU,https://www.youtube.com/watch?v=kxwTXPa28OU,周杰倫〈說了再見〉鋼琴完整版  Jay Chou Piano Cover,Lori Piano Lab 下班後的鋼琴宇宙,UCNr47QqD8Qo0xI8t0yx73KA,278,,,,55,周杰伦 完整版,2026-07-31T14:06:15.904475+00:00
sTnwr52XYjs,https://www.youtube.com/watch?v=sTnwr52XYjs,周杰倫《一路向北》吉他彈唱 教學 吉他譜 完整版 全曲示范 伴奏 動態歌詞 (acoustic) Guitar TAB Jay Chou All the Way North,大老师乐谱da-tab,UCQQIHhcreczwKK6VUPN6zOA,289,,,,2638,周杰伦 完整版,2026-07-31T14:06:15.904475+00:00
q0C29nJ-Urc,https://www.youtube.com/watch?v=q0C29nJ-Urc,周杰倫《七里香》吉他彈唱 教學 吉他譜 完整版 全曲演奏 伴奏 動態歌詞 (acoustic) Guitar TAB Jay Chou  Orange Jasmine,大老师乐谱da-tab,UCQQIHhcreczwKK6VUPN6zOA,281,,,,1735,周杰伦 完整版,2026-07-31T14:06:15.904475+00:00
Knp4jIba7Gg,https://www.youtube.com/watch?v=Knp4jIba7Gg,周杰倫《嘉年華》大馬演唱會Encore完整版 / Jay Chou Concert Malaysia 2023 Full Encore Version,Ping (pingtm),UCtPg2tfkUBQLFzpW1hyEa8w,2427,,,,37373,周杰伦 完整版,2026-07-31T14:06:15.904475+00:00
BzJ1NNEe9Qc,https://www.youtube.com/watch?v=BzJ1NNEe9Qc,周杰倫《回到過去》吉他彈唱 教學 吉他譜 完整版 全曲演奏 伴奏 動態歌詞 (acoustic) Guitar TAB Jay Chou Back to the Past,大老师乐谱da-tab,UCQQIHhcreczwKK6VUPN6zOA,221,,,,1343,周杰伦 完整版,2026-07-31T14:06:15.904475+00:00
jZI4jgKE6wQ,https://www.youtube.com/watch?v=jZI4jgKE6wQ,周杰倫《太陽之子》- 伴奏,P.H. Lin Studio,UCaPNqkReiMevUkPTMeFb7jA,298,,,,1931,周杰伦 JVR Music,2026-07-31T14:06:15.904475+00:00
8AjW2PYssP4,https://www.youtube.com/watch?v=8AjW2PYssP4,周杰倫《太陽之子》新專輯回歸歌壇 「聽不懂唱什麼」最對味網喊回憶殺｜TVBS話娛樂PODCAST@TVBSNEWS01,TVBS NEWS,UC5nwNW4KdC0SzrhF9BXEYOQ,1092,,,,8347,周杰伦 专辑,2026-07-31T14:06:15.904475+00:00
lAghjFcIS7g,https://www.youtube.com/watch?v=lAghjFcIS7g,周杰倫《安靜》Live 現場改編《安靜了》,七七七,UCw9GKyDGbdOmmnSWlOBh8fw,90,,,,10242,周杰伦 现场 Live,2026-07-31T14:06:15.904475+00:00
PCx0glgL_T8,https://www.youtube.com/watch?v=PCx0glgL_T8,周杰倫《彩虹》吉他彈唱 教學 吉他譜 完整版 全曲演奏 伴奏 動態歌詞 (acoustic) Guitar TAB Jay Chou Rainbow,大老师乐谱da-tab,UCQQIHhcreczwKK6VUPN6zOA,265,,,,4265,周杰伦 完整版,2026-07-31T14:06:15.904475+00:00
SAw4D4mieQk,https://www.youtube.com/watch?v=SAw4D4mieQk,周杰倫《扯》- 伴奏,P.H. Lin Studio,UCaPNqkReiMevUkPTMeFb7jA,211,,,,124,周杰伦 杰威尔音乐,2026-07-31T14:06:15.904475+00:00
Fpu0RzpjWiA,https://www.youtube.com/watch?v=Fpu0RzpjWiA,周杰倫《晴天》吉他彈唱 教學 吉他譜 完整版 全曲演奏 伴奏 動態歌詞 (acoustic) Guitar TAB Jay Chou-Sunny Day,大老师乐谱da-tab,UCQQIHhcreczwKK6VUPN6zOA,274,,,,17748,周杰伦 完整版,2026-07-31T14:06:15.904475+00:00
yXaNIS2lJ60,https://www.youtube.com/watch?v=yXaNIS2lJ60,周杰倫《暗號》吉他彈唱 教學 吉他譜 完整版 全曲演奏 伴奏 動態歌詞 (acoustic) Guitar TAB Jay Chou Secret Code,大老师乐谱da-tab,UCQQIHhcreczwKK6VUPN6zOA,244,,,,341,周杰伦 完整版,2026-07-31T14:06:15.904475+00:00
OYg64mJNsgA,https://www.youtube.com/watch?v=OYg64mJNsgA,周杰倫《東風破》吉他彈唱 教學 吉他譜 完整版 全曲演奏 伴奏 動態歌詞 (acoustic) Guitar TAB Jay Chou Dong-Feng-Po,大老师乐谱da-tab,UCQQIHhcreczwKK6VUPN6zOA,298,,,,292,周杰伦 完整版,2026-07-31T14:06:15.904475+00:00
hqJeewS19cI,https://www.youtube.com/watch?v=hqJeewS19cI,周杰倫《枫》2007世界巡迴演唱會｜MV原聲 × Live伴奏  混音修復版,minhin777,UCbJBySgJPRVaLYey2LUpIhA,275,,,,78,周杰伦 现场 Live,2026-07-31T14:06:15.904475+00:00
YToajahsBxI,https://www.youtube.com/watch?v=YToajahsBxI,周杰倫《楓》- 吉他彈唱 教學 完整版｜全曲 吉他譜示范 伴奏 動態歌詞 (acoustic) Guitar TAB Jay Chou Maple Leaf,大老师乐谱da-tab,UCQQIHhcreczwKK6VUPN6zOA,277,,,,5232,周杰伦 完整版,2026-07-31T14:06:15.904475+00:00
z8ot_PijQpA,https://www.youtube.com/watch?v=z8ot_PijQpA,周杰倫《湘女多情》- 伴奏,P.H. Lin Studio,UCaPNqkReiMevUkPTMeFb7jA,239,,,,929,周杰伦 JVR Music,2026-07-31T14:06:15.904475+00:00
L6VN1C_6hrA,https://www.youtube.com/watch?v=L6VN1C_6hrA,周杰倫《稻香》吉他彈唱 教學 吉他譜 完整版 全曲演奏 伴奏 動態歌詞 (acoustic) Guitar TAB Jay Chou Rice Field,大老师乐谱da-tab,UCQQIHhcreczwKK6VUPN6zOA,211,,,,1390,周杰伦 完整版,2026-07-31T14:06:15.904475+00:00
nQHf83RoOew,https://www.youtube.com/watch?v=nQHf83RoOew,周杰倫《等你下課》吉他彈唱 教學 吉他譜 完整版 全曲示范 伴奏 動態歌詞 (acoustic) Guitar TAB Jay Chou Waiting For You (with 楊瑞代 Gary),大老师乐谱da-tab,UCQQIHhcreczwKK6VUPN6zOA,266,,,,5442,周杰伦 完整版,2026-07-31T14:06:15.904475+00:00
vt2crXHiBZY,https://www.youtube.com/watch?v=vt2crXHiBZY,周杰倫《簡單愛》by 曉翎 Lene #cover,Magic Siew,UCmMe6qxIcow-6OWmQOMmHZA,231,,,,202,周杰伦 Sony Music Taiwan,2026-07-31T14:06:15.904475+00:00
TC0X4cypPTE,https://www.youtube.com/watch?v=TC0X4cypPTE,周杰倫《簡單愛》吉他彈唱 教學 吉他譜 完整版 全曲演奏 伴奏 動態歌詞 (acoustic) Guitar TAB Jay Chou  Simple Love,大老师乐谱da-tab,UCQQIHhcreczwKK6VUPN6zOA,268,,,,1502,周杰伦 完整版,2026-07-31T14:06:15.904475+00:00
nkgtNWSatoM,https://www.youtube.com/watch?v=nkgtNWSatoM,周杰倫《紐約地鐵》Demo完整版,Jay Pop,UCHyUYzodGRNPcIPpwacr0lA,187,,,,30789,周杰伦 完整版,2026-07-31T14:06:15.904475+00:00
4zrQlATegk0,https://www.youtube.com/watch?v=4zrQlATegk0,周杰倫《蘭亭序》 歌詞,鋼晴,UCV9PmdRRZyKTbc9-JpeFmQw,251,,,,128386,周杰伦 歌词版,2026-07-31T14:06:15.904475+00:00
r0CLoFGQinc,https://www.youtube.com/watch?v=r0CLoFGQinc,周杰倫《西西里》- 伴奏,P.H. Lin Studio,UCaPNqkReiMevUkPTMeFb7jA,230,,,,1956,周杰伦 JVR Music,2026-07-31T14:06:15.904475+00:00
VjA4y1wA4Dc,https://www.youtube.com/watch?v=VjA4y1wA4Dc,周杰倫《說好不哭》feat. (五月天阿信) 高音質 / 自製伴奏 KTV,Berty Music,UCNWDC6UGVrUCVubRBjOkEnw,244,,,,755,周杰伦 高音质,2026-07-31T14:06:15.904475+00:00
MYOzuuysYqw,https://www.youtube.com/watch?v=MYOzuuysYqw,周杰倫《說好的幸福呢》1小時循環版「高音質 + 手機省電版 」♪Music Party♪,Music Party,UCAARBPdIfnMxM1d9Nj7p5Lw,3694,,,,61583,周杰伦 高音质,2026-07-31T14:06:15.904475+00:00
K6BsZN43ZgA,https://www.youtube.com/watch?v=K6BsZN43ZgA,周杰倫《軌跡》吉他彈唱 教學 吉他譜 完整版 全曲演奏 伴奏 動態歌詞 (acoustic) Guitar TAB Jay Chou Tracks,大老师乐谱da-tab,UCQQIHhcreczwKK6VUPN6zOA,324,,,,1616,周杰伦 完整版,2026-07-31T14:06:15.904475+00:00
UzbJRwqJhXA,https://www.youtube.com/watch?v=UzbJRwqJhXA,周杰倫《退後》吉他彈唱 教學 吉他譜 完整版 全曲演奏 伴奏 動態歌詞 (acoustic) Guitar TAB ay Chou A Step Back退后yt,大老师乐谱da-tab,UCQQIHhcreczwKK6VUPN6zOA,265,,,,1478,周杰伦 完整版,2026-07-31T14:06:15.904475+00:00
tQusaHMnrXY,https://www.youtube.com/watch?v=tQusaHMnrXY,周杰倫《那天下雨了》吉他彈唱 教學 吉他譜 完整版 全曲演奏 伴奏 動態歌詞 (acoustic) Guitar TAB Jay Chou  The Raining Day,大老师乐谱da-tab,UCQQIHhcreczwKK6VUPN6zOA,215,,,,5372,周杰伦 完整版,2026-07-31T14:06:15.904475+00:00
gxM1wZpdoFQ,https://www.youtube.com/watch?v=gxM1wZpdoFQ,周杰倫《開不了口》吉他彈唱 教學 吉他譜 完整版 全曲演奏 伴奏 動態歌詞 (acoustic) Guitar TAB Jay Chou I Find It Hard To Say,大老师乐谱da-tab,UCQQIHhcreczwKK6VUPN6zOA,267,,,,257,周杰伦 完整版,2026-07-31T14:06:15.904475+00:00
fggpQc6l1aI,https://www.youtube.com/watch?v=fggpQc6l1aI,周杰倫《髮如雪》吉他彈唱 教學 吉他譜 完整版 全曲演奏 伴奏 動態歌詞 (acoustic) Guitar TAB Jay Chou Hair White as Snow,大老师乐谱da-tab,UCQQIHhcreczwKK6VUPN6zOA,290,,,,1225,周杰伦 完整版,2026-07-31T14:06:15.904475+00:00
pHXvxlCAbws,https://www.youtube.com/watch?v=pHXvxlCAbws,周杰倫《龍捲風》吉他彈唱 教學 吉他譜 完整版 全曲示范 伴奏 動態歌詞 (acoustic) Guitar TAB Jay Chou Tornado,大老师乐谱da-tab,UCQQIHhcreczwKK6VUPN6zOA,247,,,,1834,周杰伦 完整版,2026-07-31T14:06:15.904475+00:00
jJzb5T61MqI,https://www.youtube.com/watch?v=jJzb5T61MqI,周杰倫「嘉年華」演唱會-上海最終場 驚喜安可彩蛋#周杰倫 #嘉年華 #演唱會 #上海 ,369thebestlife,UCN1wtGlL7UcCy2kL3QW8aag,442,,,,3805,周杰伦 演唱会,2026-07-31T14:06:15.904475+00:00
6jU0b5breck,https://www.youtube.com/watch?v=6jU0b5breck,周杰倫『迷魂曲』(2011新歌) 完整版,RazerCraYoNz,UC52v11K5mNJ3DqjYC7_yWww,230,,,,58512,周杰伦 完整版,2026-07-31T14:06:15.904475+00:00
aJv3xFoJnDQ,https://www.youtube.com/watch?v=aJv3xFoJnDQ,周杰倫『迷魂曲』完整MV,加藤鷹,UCFe6o6Vuitm2avDG8Nyr4sQ,230,,,,858,周杰伦 1080P MV,2026-07-31T14:06:15.904475+00:00
79JRqae44ZY,https://www.youtube.com/watch?v=79JRqae44ZY,周杰倫【2004無與倫比世界巡迴演唱會】倒帶 Live修復版,Jay Pop,UCHyUYzodGRNPcIPpwacr0lA,278,,,,119690,周杰伦 现场 Live,2026-07-31T14:06:15.904475+00:00
VKLCRRhRx3M,https://www.youtube.com/watch?v=VKLCRRhRx3M,周杰倫【2004無與倫比世界巡迴演唱會】妳聽得到 Live修復版,Jay Pop,UCHyUYzodGRNPcIPpwacr0lA,230,,,,173010,周杰伦 现场 Live,2026-07-31T14:06:15.904475+00:00
y6uTqg0XjGc,https://www.youtube.com/watch?v=y6uTqg0XjGc,周杰倫【2004無與倫比世界巡迴演唱會】晴天  Live修復版,Jay Pop,UCHyUYzodGRNPcIPpwacr0lA,300,,,,76171,周杰伦 现场 Live,2026-07-31T14:06:15.904475+00:00
my0WquuHbZs,https://www.youtube.com/watch?v=my0WquuHbZs,周杰倫【2004無與倫比世界巡迴演唱會】瓦解 Live修復版,Jay Pop,UCHyUYzodGRNPcIPpwacr0lA,218,,,,119532,周杰伦 演唱会,2026-07-31T14:06:15.904475+00:00
iOO6TqIthpA,https://www.youtube.com/watch?v=iOO6TqIthpA,周杰倫【2004無與倫比世界巡迴演唱會】藉口 Live 4K60FPS,Kilun,UCVB2mC4FyicvsjfQJLbyuxw,260,,,,143163,周杰伦 4K MV,2026-07-31T14:06:15.904475+00:00
5SHt7N2bTno,https://www.youtube.com/watch?v=5SHt7N2bTno,周杰倫【2005HITO流行音樂獎頒獎典禮】 七里香,Kilun,UCVB2mC4FyicvsjfQJLbyuxw,271,,,,3861,周杰伦 现场 Live,2026-07-31T14:06:15.904475+00:00
8Fvw9-J8odg,https://www.youtube.com/watch?v=8Fvw9-J8odg,周杰倫【2005MTV亞洲大獎】蝸牛+七里香 Live修復版,Jay Pop,UCHyUYzodGRNPcIPpwacr0lA,401,,,,11075,周杰伦 现场 Live,2026-07-31T14:06:15.904475+00:00
BZfuu-lNuEQ,https://www.youtube.com/watch?v=BZfuu-lNuEQ,周杰倫【2006無與倫比演唱會】蝸牛 Live修復版,Jay Pop,UCHyUYzodGRNPcIPpwacr0lA,179,,,,75376,周杰伦 现场 Live,2026-07-31T14:06:15.904475+00:00
_8FNC8Oz-Wc,https://www.youtube.com/watch?v=_8FNC8Oz-Wc,周杰倫【2006無與倫比演唱會】霍元甲 Live修復版,Jay Pop,UCHyUYzodGRNPcIPpwacr0lA,326,,,,8305,周杰伦 现场 Live,2026-07-31T14:06:15.904475+00:00
7kLVy6yurvg,https://www.youtube.com/watch?v=7kLVy6yurvg,周杰倫【2006無與倫比演唱會】黑色幽默 Live修復版,Jay Pop,UCHyUYzodGRNPcIPpwacr0lA,284,,,,21850,周杰伦 现场 Live,2026-07-31T14:06:15.904475+00:00
WEuwWDEubcw,https://www.youtube.com/watch?v=WEuwWDEubcw,周杰倫【2006無與倫比演唱會】黑色毛衣 Live修復版,Jay Pop,UCHyUYzodGRNPcIPpwacr0lA,294,,,,29180,周杰伦 现场 Live,2026-07-31T14:06:15.904475+00:00
CS7pSwRhbiQ,https://www.youtube.com/watch?v=CS7pSwRhbiQ,周杰倫【2007世界巡迴演唱會 新北站】楓 Live,Jay Pop,UCHyUYzodGRNPcIPpwacr0lA,274,,,,531143,周杰伦 现场 Live,2026-07-31T14:06:15.904475+00:00
JSDBMMATQxE,https://www.youtube.com/watch?v=JSDBMMATQxE,周杰倫【2007世界巡迴演唱會】甜甜的 Live修復版,Jay Pop,UCHyUYzodGRNPcIPpwacr0lA,252,,,,64577,周杰伦 现场 Live,2026-07-31T14:06:15.904475+00:00
QSSS09noo5c,https://www.youtube.com/watch?v=QSSS09noo5c,周杰倫【2007世界巡迴演唱會香港首場】最長的電影 Live修復版,Jay Pop,UCHyUYzodGRNPcIPpwacr0lA,237,,,,112336,周杰伦 现场 Live,2026-07-31T14:06:15.904475+00:00
Zsqp58fbcd8,https://www.youtube.com/watch?v=Zsqp58fbcd8,周杰倫【2008世界巡迴演唱會】彩虹 Live修復版,Jay Pop,UCHyUYzodGRNPcIPpwacr0lA,261,,,,31923,周杰伦 演唱会 | 周杰伦 现场 Live,2026-07-31T14:06:15.904475+00:00
zu6XAzKVdvQ,https://www.youtube.com/watch?v=zu6XAzKVdvQ,周杰倫【2009世界巡迴演唱會】說好的幸福呢 Live,Jay Pop,UCHyUYzodGRNPcIPpwacr0lA,248,,,,64539,周杰伦 演唱会 | 周杰伦 现场 Live,2026-07-31T14:06:15.904475+00:00
NMr0BX_dPwA,https://www.youtube.com/watch?v=NMr0BX_dPwA,周杰倫【2013魔天倫世界巡迴演唱會 新加坡站】一路向北 Live 4K60FPS,Jay Pop,UCHyUYzodGRNPcIPpwacr0lA,294,,,,358920,周杰伦 现场 Live,2026-07-31T14:06:15.904475+00:00
0e_c0iJyKig,https://www.youtube.com/watch?v=0e_c0iJyKig,周杰倫【2013魔天倫世界巡迴演唱會 新加坡站】晴天 Live,Jay Pop,UCHyUYzodGRNPcIPpwacr0lA,291,,,,84411,周杰伦 现场 Live,2026-07-31T14:06:15.904475+00:00
0X0Bv5LpCrs,https://www.youtube.com/watch?v=0X0Bv5LpCrs,周杰倫【2013魔天倫世界巡迴演唱會】七里香 Live,Jay Pop,UCHyUYzodGRNPcIPpwacr0lA,296,,,,113826,周杰伦 现场 Live,2026-07-31T14:06:15.904475+00:00
hI5LZXEl4G8,https://www.youtube.com/watch?v=hI5LZXEl4G8,周杰倫【2013魔天倫世界巡迴演唱會】不能說的秘密 Live,Jay Pop,UCHyUYzodGRNPcIPpwacr0lA,303,,,,147098,周杰伦 现场 Live,2026-07-31T14:06:15.904475+00:00
WoZb0OSt3Vo,https://www.youtube.com/watch?v=WoZb0OSt3Vo,周杰倫【2013魔天倫世界巡迴演唱會】反方向的鐘 Live,Jay Pop,UCHyUYzodGRNPcIPpwacr0lA,198,,,,83233,周杰伦 现场 Live,2026-07-31T14:06:15.904475+00:00
DpaNJQHMIrA,https://www.youtube.com/watch?v=DpaNJQHMIrA,周杰倫【2013魔天倫世界巡迴演唱會】哪裡都是你 Live,Jay Pop,UCHyUYzodGRNPcIPpwacr0lA,278,,,,104805,周杰伦 演唱会 | 周杰伦 现场 Live,2026-07-31T14:06:15.904475+00:00
zwsvmsadt9g,https://www.youtube.com/watch?v=zwsvmsadt9g,周杰倫【2013魔天倫世界巡迴演唱會】大笨鐘 Live,Jay Pop,UCHyUYzodGRNPcIPpwacr0lA,249,,,,16751,周杰伦 演唱会 | 周杰伦 现场 Live,2026-07-31T14:06:15.904475+00:00
Uxnn5hMSMoc,https://www.youtube.com/watch?v=Uxnn5hMSMoc,周杰倫【2013魔天倫世界巡迴演唱會】安靜 Live,Jay Pop,UCHyUYzodGRNPcIPpwacr0lA,283,,,,106182,周杰伦 现场 Live,2026-07-31T14:06:15.904475+00:00
W5F0g1RO1Kk,https://www.youtube.com/watch?v=W5F0g1RO1Kk,周杰倫【2013魔天倫世界巡迴演唱會】擱淺 Live,Jay Pop,UCHyUYzodGRNPcIPpwacr0lA,245,,,,118727,周杰伦 演唱会,2026-07-31T14:06:15.904475+00:00
OCjLbk-_siM,https://www.youtube.com/watch?v=OCjLbk-_siM,周杰倫【2013魔天倫世界巡迴演唱會】明明就 Live,Jay Pop,UCHyUYzodGRNPcIPpwacr0lA,258,,,,27961,周杰伦 现场 Live,2026-07-31T14:06:15.904475+00:00
4sz4qvZcJoA,https://www.youtube.com/watch?v=4sz4qvZcJoA,周杰倫【2013魔天倫世界巡迴演唱會】最後的戰役 Live,Jay Pop,UCHyUYzodGRNPcIPpwacr0lA,253,,,,68888,周杰伦 演唱会,2026-07-31T14:06:15.904475+00:00
SCUA-s8Vl5s,https://www.youtube.com/watch?v=SCUA-s8Vl5s,周杰倫【2013魔天倫世界巡迴演唱會】蝸牛  Live,Jay Pop,UCHyUYzodGRNPcIPpwacr0lA,248,,,,17708,周杰伦 现场 Live,2026-07-31T14:06:15.904475+00:00
b-0fF0Y9Fyw,https://www.youtube.com/watch?v=b-0fF0Y9Fyw,周杰倫【2013魔天倫世界巡迴演唱會】開不了口 Live,Jay Pop,UCHyUYzodGRNPcIPpwacr0lA,291,,,,157965,周杰伦 演唱会,2026-07-31T14:06:15.904475+00:00
avL2n12rDGE,https://www.youtube.com/watch?v=avL2n12rDGE,周杰倫【2014魔天倫世界巡迴演唱會】白色風車 Live,Jay Pop,UCHyUYzodGRNPcIPpwacr0lA,206,,,,9424,周杰伦 现场 Live,2026-07-31T14:06:15.904475+00:00
hPhjvgd0dt4,https://www.youtube.com/watch?v=hPhjvgd0dt4,周杰倫【2023嘉年華世界巡迴演唱會香港站】Mojito Live,麥摳 Michael,UCLf0AUU5JC04GnZkS5vS-Vw,190,,,,6525,周杰伦 现场 Live,2026-07-31T14:06:15.904475+00:00
PtqXxy__-o0,https://www.youtube.com/watch?v=PtqXxy__-o0,周杰倫【2024嘉年華演唱會】擱淺 Live,麥摳 Michael,UCLf0AUU5JC04GnZkS5vS-Vw,126,,,,14790,周杰伦 演唱会 | 周杰伦 现场 Live,2026-07-31T14:06:15.904475+00:00
C78yprnyGsM,https://www.youtube.com/watch?v=C78yprnyGsM,周杰倫【太陽之子】珍藏雙黑膠 2026/7/3開始預購,周杰倫 Jay Chou,UC8CU5nVhCQIdAGrFFp4loOQ,80,,,,1110559,周杰伦 JVR Music,2026-07-31T14:06:15.904475+00:00
8nX2_ejWP-o,https://www.youtube.com/watch?v=8nX2_ejWP-o,周杰倫【最長的電影 MV】Jay Chou The Longest Movie MV  (黑白) 1080p（副本）,Bodoh Kia,UC5G3E76KCRZk7V9qFg-wwYw,238,,,,113,周杰伦 1080P MV,2026-07-31T14:06:15.904475+00:00
jLkTp5CR7UU,https://www.youtube.com/watch?v=jLkTp5CR7UU,周杰倫【牛仔很忙 官方完整MV】Jay Chou  Cowboy On The Run  MV Niu Zi Hen Mang [4K],杰威爾歌詞MV頻道JVR Lyric MV,UCsMWXIFViw8KxCl1i7X8deA,169,,,,1171,周杰伦 4K MV,2026-07-31T14:06:15.904475+00:00
JSswlh_oFUo,https://www.youtube.com/watch?v=JSswlh_oFUo,"周杰倫【牛仔很忙 官方完整MV】Jay Chou ""Cowboy On The Run"" MV (Niu-Zi-Hen-Mang) REACTION!!!",SenpaiSAINTFLEUR,UCOyI3XhF4_D4SbRBQrLOfBw,281,,,,3877,Jay Chou Official MV,2026-07-31T14:06:15.904475+00:00
QTYGEsQP9Vg,https://www.youtube.com/watch?v=QTYGEsQP9Vg,周杰倫【誰稀罕】歌詞,XiaoYang小楊,UC7yMQdimSWVJbuZgXPmsbTA,263,,,,2295,周杰伦 歌词版,2026-07-31T14:06:15.904475+00:00
l1lk8FGgth4,https://www.youtube.com/watch?v=l1lk8FGgth4,周杰倫代言SONY手機  對金曲入圍結果表示有遺憾但可接受,自由娛樂頻道,UCM3EQ8dzKqzuOwLHM5nSVqQ,157,,,,1069,周杰伦 Sony Music Taiwan,2026-07-31T14:06:15.904475+00:00
CSVikeJ2LjY,https://www.youtube.com/watch?v=CSVikeJ2LjY,周杰倫代言第三屆HOT 全國校際原創音樂大賽宣傳片首播,Jay RooF (素白白),UCWRRoIgu20SUVTQJkz7JW5g,31,,,,90,周杰伦 Sony Music Taiwan,2026-07-31T14:06:15.904475+00:00
IvZQwGbJaGc,https://www.youtube.com/watch?v=IvZQwGbJaGc,周杰倫作曲angelababy主唱電影【第一次】主題曲【都要微笑好嗎】mv,sin sinsin,UC7qNtPtDPmub-NXKL1_bAkg,120,,,,485,周杰伦 1080P MV,2026-07-31T14:06:15.904475+00:00
BiZ4aBkGezA,https://www.youtube.com/watch?v=BiZ4aBkGezA,周杰倫兩岸最強! | 國籍CHN硬是壓的青鳥不敢吱聲!連林書豪都刪文不敢得罪!【頭條開講】精華版 @頭條開講HeadlinesTalk,頭條開講,UCdp5pYDJCpl5WFk3jFEjWHw,740,,,,8395,周杰伦 完整版,2026-07-31T14:06:15.904475+00:00
YLjul-POER4,https://www.youtube.com/watch?v=YLjul-POER4,周杰倫出道首張專輯Jay歌詞MV,樂風試聽唱片行,UCW4XiYCfoNWK3D1lC_anEuw,2571,,,,47,周杰伦 JVR Music,2026-07-31T14:06:15.904475+00:00
XFoXC70NXUE,https://www.youtube.com/watch?v=XFoXC70NXUE,周杰倫初登場勢力無法擋 小S搞笑打節拍拱現場Rap【經典百分百】2000.11.19/2001.09.19,明星下班路,UCTR2isBqpIsaymWxaBFYnJA,3783,,,,6898,周杰伦 现场 Live,2026-07-31T14:06:15.904475+00:00
7PbQFNgufoM,https://www.youtube.com/watch?v=7PbQFNgufoM,周杰倫十二新作 亞洲數位平台第一名 強烈預購中！,周杰倫 Jay Chou,UC8CU5nVhCQIdAGrFFp4loOQ,16,,,,55641,Jay Chou Official MV | 周杰伦 1080P MV | 周杰伦 lyric video | 周杰伦 完整版 | 周杰伦 官方 MV,2026-07-31T14:06:15.904475+00:00
ZpbRldu0mVI,https://www.youtube.com/watch?v=ZpbRldu0mVI,周杰倫十二新作 全亞洲數位平台第一名,周杰倫 Jay Chou,UC8CU5nVhCQIdAGrFFp4loOQ,16,,,,23137,周杰伦 1080P MV | 周杰伦 专辑,2026-07-31T14:06:15.904475+00:00
q4XA9ICL7so,https://www.youtube.com/watch?v=q4XA9ICL7so,周杰倫和阿信裝不熟？精心安排點歌cue出天團@ebcstars,東森娛樂,UCmyVDKnXwdw3McUlcijqmvQ,1316,,,,181102,周杰伦 杰威尔音乐,2026-07-31T14:06:15.904475+00:00
u1bfZyuBnJM,https://www.youtube.com/watch?v=u1bfZyuBnJM,"周杰倫單曲""天地一鬥""MV拍攝花絮",周杰倫 Jay Chou,UC8CU5nVhCQIdAGrFFp4loOQ,157,,,,53209,周杰伦 官方 MV | 周杰伦 歌曲,2026-07-31T14:06:15.904475+00:00
3Nz834w5_dE,https://www.youtube.com/watch?v=3Nz834w5_dE,周杰倫嘉年華世界巡迴演唱會 2024 馬來西亞 Jay Chou  Carnival World Tour 2024 Malaysia 26/10/2024 4k60fps,Lifestyle,UCm819XSmY5S0qwzvmBcQKoA,8336,,,,5955,周杰伦 演唱会,2026-07-31T14:06:15.904475+00:00
DZD2l-rFyyI,https://www.youtube.com/watch?v=DZD2l-rFyyI,周杰倫嘉年華悉尼演唱會《園遊會》+《倒影》+《晴天》+《牛仔很忙》+《軌跡》 超近,Kilun,UCVB2mC4FyicvsjfQJLbyuxw,456,,,,3996,周杰伦 现场 Live,2026-07-31T14:06:15.904475+00:00
_j64VtvSuXY,https://www.youtube.com/watch?v=_j64VtvSuXY,周杰倫嘉年華香港站2023.5.5完整版,jimmychau_.,UC7kkMfprjfyiAEKRG_iJcag,9536,,,,6078,周杰伦 完整版,2026-07-31T14:06:15.904475+00:00
zl_YIPFpn64,https://www.youtube.com/watch?v=zl_YIPFpn64,周杰倫噹小小的蛋「不能跳」！邀張惠妹唱〈三天三夜〉全場跳起來 @ebcstars,東森娛樂,UCmyVDKnXwdw3McUlcijqmvQ,856,,,,4824,周杰伦 杰威尔音乐,2026-07-31T14:06:15.904475+00:00
LE3mxuTn1ys,https://www.youtube.com/watch?v=LE3mxuTn1ys,周杰倫團隊遭爆隱瞞疫情　杰威爾：與事實不符－民視新聞,民視新聞網 Formosa TV News network,UC2VmWn8dAqkzlQqvy02E1PA,118,,,,684,周杰伦 杰威尔音乐,2026-07-31T14:06:15.904475+00:00
Do867Cv8moI,https://www.youtube.com/watch?v=Do867Cv8moI,周杰倫地表最強世界巡迴演唱會 4K - 香港站 (圖片播放) | Jay Chou The Invincible World Tour - Hong Kong 4K (Slideshow),frankhau,UC3s3SfpYbfoPKyxXrTTu00g,782,,,,95,周杰伦 4K MV,2026-07-31T14:06:15.904475+00:00
Dd5JnFJfPYk,https://www.youtube.com/watch?v=Dd5JnFJfPYk,周杰倫天台電影原聲帶【波爺】 2013年7月11日電影上映,周杰倫 Jay Chou,UC8CU5nVhCQIdAGrFFp4loOQ,60,,,,451419,周杰伦 完整版 | 周杰伦 官方 MV | 周杰伦 歌曲,2026-07-31T14:06:15.904475+00:00
DX1enhvRlyA,https://www.youtube.com/watch?v=DX1enhvRlyA,周杰倫天津演唱會9月9日完整版130分鐘！#前奏一響拾起多少人的回憶 #周杰倫天津演唱會,現場演唱會,UCHhRP8hbzHBdPZ7X3_7BAqw,7856,,,,128202,周杰伦 完整版,2026-07-31T14:06:15.904475+00:00
qvzAVEjhIyM,https://www.youtube.com/watch?v=qvzAVEjhIyM,周杰倫太陽之子MV全球首播暨專輯記者會 ｜精華片段 #周杰倫 #太陽之子 #mv,hksingerchannel,UCr5loQerAZWs4nwHIpt56Tw,827,,,,5718,周杰伦 杰威尔音乐,2026-07-31T14:06:15.904475+00:00
NmnTF12-O5A,https://www.youtube.com/watch?v=NmnTF12-O5A,周杰倫女兒拉琴超萌模樣神似〈前世情人〉MV剪影 與小周周四手聯彈好溫馨♡｜我愛偶像 Idols of Asia,MTV 我愛偶像 Idols of Asia,UCrA8d7uAh9k_ojaEPjg82wA,38,,,,36555,周杰伦 1080P MV,2026-07-31T14:06:15.904475+00:00
VYt-6l-p4SM,https://www.youtube.com/watch?v=VYt-6l-p4SM,周杰倫好聽的10首歌 Best Songs Of Jay Chou 周杰倫最偉大的命中,杰威爾歌詞MV頻道JVR Lyric MV,UCsMWXIFViw8KxCl1i7X8deA,2618,,,,269717,周杰伦 杰威尔音乐,2026-07-31T14:06:15.904475+00:00
2HONw0MEUvQ,https://www.youtube.com/watch?v=2HONw0MEUvQ,周杰倫好聽的10首歌 Best Songs Of Jay Chou 周杰倫最偉大的命中 | Top 10 Hip-Hop Playlist,杰威爾歌詞MV頻道JVR Lyric MV,UCsMWXIFViw8KxCl1i7X8deA,2031,,,,283545,周杰伦 1080P MV | 周杰伦 杰威尔音乐,2026-07-31T14:06:15.904475+00:00
9J3H4zr745c,https://www.youtube.com/watch?v=9J3H4zr745c,周杰倫好聽的10首歌 Best Songs Of Jay Chou 周杰倫最偉大的命中 | Top 10 Romantic Taiwan Songs Playlist,Loraine Mcintosh,UCUeAfnDewYi7d3w79mBaSow,2439,,,,384,周杰伦 JVR Music,2026-07-31T14:06:15.904475+00:00
T0DTM93GJQc,https://www.youtube.com/watch?v=T0DTM93GJQc,周杰倫好聽的10首歌 Best Songs Of Jay Chou 周杰倫最偉大的命中 | Top 10 Romantic Taiwan Songs Playlist,杰威爾歌詞MV頻道JVR Lyric MV,UCsMWXIFViw8KxCl1i7X8deA,2403,,,,97823,周杰伦 杰威尔音乐,2026-07-31T14:06:15.904475+00:00
7AZJwstMJLI,https://www.youtube.com/watch?v=7AZJwstMJLI,周杰倫好聽的20首歌 Best Songs Of Jay Chou | 最偉大的作品 Greatest Works of Art,杰威爾歌詞MV頻道JVR Lyric MV,UCsMWXIFViw8KxCl1i7X8deA,5038,,,,358926,周杰伦 杰威尔音乐,2026-07-31T14:06:15.904475+00:00
9QUiqw-lI0A,https://www.youtube.com/watch?v=9QUiqw-lI0A,周杰倫好聽的20首歌 Best Songs Of Jay Chou 周杰倫最偉大的命中,杰威爾歌詞MV頻道JVR Lyric MV,UCsMWXIFViw8KxCl1i7X8deA,5218,,,,1349414,周杰伦 杰威尔音乐,2026-07-31T14:06:15.904475+00:00
DGQm5tbpUyE,https://www.youtube.com/watch?v=DGQm5tbpUyE,周杰倫好聽的20首歌 Best Songs Of Jay Chou 周杰倫最偉大的命中,杰威爾歌詞MV頻道JVR Lyric MV,UCsMWXIFViw8KxCl1i7X8deA,5208,,,,8438259,周杰伦 杰威尔音乐,2026-07-31T14:06:15.904475+00:00
PRwrfriOfys,https://www.youtube.com/watch?v=PRwrfriOfys,周杰倫好聽的20首歌 Best Songs Of Jay Chou 周杰倫最偉大的命中,杰威爾歌詞MV頻道JVR Lyric MV,UCsMWXIFViw8KxCl1i7X8deA,5233,,,,50354,周杰伦 杰威尔音乐,2026-07-31T14:06:15.904475+00:00
b7CcX4V4xr0,https://www.youtube.com/watch?v=b7CcX4V4xr0,周杰倫好聽的20首歌 Best Songs Of Jay Chou 周杰倫最偉大的命中,杰威爾歌詞MV頻道JVR Lyric MV,UCsMWXIFViw8KxCl1i7X8deA,5136,,,,10318600,周杰伦 JVR Music | 周杰伦 杰威尔音乐,2026-07-31T14:06:15.904475+00:00
Qp1AkY0UBr0,https://www.youtube.com/watch?v=Qp1AkY0UBr0,周杰倫好聽的20首歌 Best Songs Of Jay Chou 周杰倫最偉大的命中 - 20 Songs of the Most Popular Chinese Singer,杰威爾歌詞MV頻道JVR Lyric MV,UCsMWXIFViw8KxCl1i7X8deA,5354,,,,1597,周杰伦 杰威尔音乐,2026-07-31T14:06:15.904475+00:00
UvhNZjbaCFo,https://www.youtube.com/watch?v=UvhNZjbaCFo,周杰倫好聽的20首歌 Best Songs Of Jay Chou 周杰倫最偉大的命中 - 20 Songs of the Most Popular Chinese Singer,杰威爾歌詞MV頻道JVR Lyric MV,UCsMWXIFViw8KxCl1i7X8deA,5223,,,,13258,周杰伦 杰威尔音乐,2026-07-31T14:06:15.904475+00:00
xsyyQltZYB8,https://www.youtube.com/watch?v=xsyyQltZYB8,周杰倫好聽的20首歌 Best Songs Of Jay Chou 周杰倫最偉大的命中 - 20 Songs of the Most Popular Chinese Singer,杰威爾歌詞MV頻道JVR Lyric MV,UCsMWXIFViw8KxCl1i7X8deA,4860,,,,407315,周杰伦 杰威尔音乐,2026-07-31T14:06:15.904475+00:00
T_ZLlslAeGo,https://www.youtube.com/watch?v=T_ZLlslAeGo,周杰倫好聽的20首歌 Best Songs Of Jay Chou 周杰倫最偉大的命中 - 20 Songs of the Most Popular Chinese Singer [4K],杰威爾歌詞MV頻道JVR Lyric MV,UCsMWXIFViw8KxCl1i7X8deA,5334,,,,583959,周杰伦 4K MV,2026-07-31T14:06:15.904475+00:00
2ISudV44rNo,https://www.youtube.com/watch?v=2ISudV44rNo,周杰倫好聽的20首歌 Best Songs Of Jay Chou 周杰倫最偉大的命中 1080p,音乐宇宙 〈Music Galaxy〉,UC7IdzGkqyl-AQy5J_w469Lw,5136,,,,60,周杰伦 1080P MV,2026-07-31T14:06:15.904475+00:00
5kkwtG9RykU,https://www.youtube.com/watch?v=5kkwtG9RykU,周杰倫好聽的20首歌 Best Songs Of Jay Chou 周杰倫最偉大的命中 | 下雨天在车里听周杰伦- 完美结合,杰威爾歌詞MV頻道JVR Lyric MV,UCsMWXIFViw8KxCl1i7X8deA,5174,,,,7656391,周杰伦 JVR Music | 周杰伦 杰威尔音乐,2026-07-31T14:06:15.904475+00:00
JsX2IAxJCNU,https://www.youtube.com/watch?v=JsX2IAxJCNU,周杰倫好聽的30首歌 Best Songs Of Jay Chou 1080p,犀利哥-kevin,UC7i4k0OSduqrwHm8ZJa_ugg,7779,,,,698,周杰伦 1080P MV,2026-07-31T14:06:15.904475+00:00
PL713zo-5YI,https://www.youtube.com/watch?v=PL713zo-5YI,周杰倫好聽的30首歌 Best Songs Of Jay Chou 周杰倫最偉大的命中 - 30 Songs of the Most Popular Chinese Singer,杰威爾歌詞MV頻道JVR Lyric MV,UCsMWXIFViw8KxCl1i7X8deA,7944,,,,1325748,周杰伦 杰威尔音乐,2026-07-31T14:06:15.904475+00:00
PLJAAgyNlFU,https://www.youtube.com/watch?v=PLJAAgyNlFU,周杰倫好聽的30首歌 Best Songs Of Jay Chou 周杰倫最偉大的命中 - 30 Songs of the Most Popular Chinese Singer,杰威爾歌詞MV頻道JVR Lyric MV,UCsMWXIFViw8KxCl1i7X8deA,7732,,,,7476,周杰伦 杰威尔音乐,2026-07-31T14:06:15.904475+00:00
gE1xTFeqnKQ,https://www.youtube.com/watch?v=gE1xTFeqnKQ,周杰倫好聽的30首歌 Best Songs Of Jay Chou 周杰倫最偉大的命中 - 30 Songs of the Most Popular Chinese Singer,杰威爾歌詞MV頻道JVR Lyric MV,UCsMWXIFViw8KxCl1i7X8deA,7880,,,,2080,周杰伦 JVR Music | 周杰伦 杰威尔音乐,2026-07-31T14:06:15.904475+00:00
iTBiUdjXaL0,https://www.youtube.com/watch?v=iTBiUdjXaL0,周杰倫好聽的30首歌 Best Songs Of Jay Chou 周杰倫最偉大的命中 - 30 Songs of the Most Popular Chinese Singer,杰威爾歌詞MV頻道JVR Lyric MV,UCsMWXIFViw8KxCl1i7X8deA,7518,,,,1194432,周杰伦 杰威尔音乐,2026-07-31T14:06:15.904475+00:00
iKeq6hR-6YU,https://www.youtube.com/watch?v=iKeq6hR-6YU,周杰倫好聽的30首歌 Best Songs Of Jay Chou 周杰倫最偉大的命中 - 30 Songs of the Most Popular Chinese Singer 2026,杰威爾歌詞MV頻道JVR Lyric MV,UCsMWXIFViw8KxCl1i7X8deA,7576,,,,23751,周杰伦 杰威尔音乐,2026-07-31T14:06:15.904475+00:00
Q9QVHUh61bk,https://www.youtube.com/watch?v=Q9QVHUh61bk,周杰倫好聽的30首歌 Best Songs Of Jay Chou 周杰倫最偉大的命中 - 30 Songs of the Most Popular Chinese Singer [4K Video],杰威爾歌詞MV頻道JVR Lyric MV,UCsMWXIFViw8KxCl1i7X8deA,7662,,,,20714,周杰伦 4K MV,2026-07-31T14:06:15.904475+00:00
IBYTlupSLlo,https://www.youtube.com/watch?v=IBYTlupSLlo,周杰倫好聽的40首歌 Best Songs Of Jay Chou 周杰倫最偉大的命中 - 40 Songs of the Most Popular Chinese Singer,杰威爾歌詞MV頻道JVR Lyric MV,UCsMWXIFViw8KxCl1i7X8deA,10321,,,,312544,周杰伦 杰威尔音乐,2026-07-31T14:06:15.904475+00:00
WTlvXP24SGQ,https://www.youtube.com/watch?v=WTlvXP24SGQ,周杰倫好聽的40首歌 Best Songs Of Jay Chou 周杰倫最偉大的命中 - 40 Songs of the Most Popular Chinese Singer,杰威爾歌詞MV頻道JVR Lyric MV,UCsMWXIFViw8KxCl1i7X8deA,10321,,,,149482,周杰伦 杰威尔音乐,2026-07-31T14:06:15.904475+00:00
dOduV-k1mSc,https://www.youtube.com/watch?v=dOduV-k1mSc,周杰倫好聽的40首歌 Best Songs Of Jay Chou 周杰倫最偉大的命中 - 40 Songs of the Most Popular Chinese Singer,杰威爾歌詞MV頻道JVR Lyric MV,UCsMWXIFViw8KxCl1i7X8deA,10408,,,,1215934,周杰伦 杰威尔音乐,2026-07-31T14:06:15.904475+00:00
hoBVOcJgBBU,https://www.youtube.com/watch?v=hoBVOcJgBBU,周杰倫好聽的40首歌 Best Songs Of Jay Chou 周杰倫最偉大的命中 - 40 Songs of the Most Popular Chinese Singer,杰威爾歌詞MV頻道JVR Lyric MV,UCsMWXIFViw8KxCl1i7X8deA,10038,,,,13363,周杰伦 杰威尔音乐,2026-07-31T14:06:15.904475+00:00
GGDEeJBG2Pg,https://www.youtube.com/watch?v=GGDEeJBG2Pg,周杰倫好聽的40首歌 Best Songs Of Jay Chou 周杰倫最偉大的命中 - 40 Songs of the Most Popular Chinese Singer [4K Video],杰威爾歌詞MV頻道JVR Lyric MV,UCsMWXIFViw8KxCl1i7X8deA,10153,,,,1979,周杰伦 杰威尔音乐,2026-07-31T14:06:15.904475+00:00
hie-SsINu4Q,https://www.youtube.com/watch?v=hie-SsINu4Q,周杰倫好聽的40首歌 Best Songs Of Jay Chou 周杰倫最偉大的命中 | 下雨天在车里听周杰伦- 完美结合 | Jay Chou's Top 40 Love Songs,杰威爾歌詞MV頻道JVR Lyric MV,UCsMWXIFViw8KxCl1i7X8deA,10241,,,,5679551,周杰伦 杰威尔音乐,2026-07-31T14:06:15.904475+00:00
p3tc_uOTYLQ,https://www.youtube.com/watch?v=p3tc_uOTYLQ,周杰倫拍廣告 為瀕危動物請命,中央社,UC7ymKGCl6EVLh7z6sq7TBZA,121,,,,426,周杰伦 Sony Music Taiwan,2026-07-31T14:06:15.904475+00:00
ZTZ2Y3xJG08,https://www.youtube.com/watch?v=ZTZ2Y3xJG08,周杰倫接受劉德華冰桶挑戰作公益,周杰倫 Jay Chou,UC8CU5nVhCQIdAGrFFp4loOQ,38,,,,1936735,Jay Chou Official MV | 周杰伦 Official Music Video | 周杰伦 完整版 | 周杰伦 官方 MV,2026-07-31T14:06:15.904475+00:00
3acG0YOMYas,https://www.youtube.com/watch?v=3acG0YOMYas,周杰倫提告大陸網易3公司「不正當競爭」 杰威爾證實下周開庭！｜TVBS娛樂頭條 @tvbsforfun,純屬娛樂,UCX2nSXwmSRS-Tzx0Cl_XrDA,118,,,,448,周杰伦 杰威尔音乐,2026-07-31T14:06:15.904475+00:00
kUPv-5tXztI,https://www.youtube.com/watch?v=kUPv-5tXztI,周杰倫提告大陸網易3公司「不正當競爭」 杰威爾證實下周開庭！｜TVBS娛樂頭條 @TVBSNEWS01,TVBS NEWS,UC5nwNW4KdC0SzrhF9BXEYOQ,118,,,,4506,周杰伦 杰威尔音乐,2026-07-31T14:06:15.904475+00:00
MrgQKrCDPAQ,https://www.youtube.com/watch?v=MrgQKrCDPAQ,周杰倫新專輯演唱分析｜不求高音求穩定？大量使用撕裂音色，唱腔邁入新階段？feat.府鑫老師(那天下雨了/太陽之子/誰稀罕/女兒殿下),VBS學唱歌 - 聲音平衡歌唱技巧,UCbN1Nn69SQRDPPPdFwzJP-Q,485,,,,7721,周杰伦 专辑,2026-07-31T14:06:15.904475+00:00
tM29a0mnDkw,https://www.youtube.com/watch?v=tM29a0mnDkw,周杰倫新專輯要來了！ 親曝「明年3-4月推出」粉絲嗨翻@newsebc,東森新聞 CH51,UCR3asjvr_WAaxwJYEDV_Bfw,58,,,,2062,周杰伦 专辑,2026-07-31T14:06:15.904475+00:00
0LjEin1FCZw,https://www.youtube.com/watch?v=0LjEin1FCZw,周杰倫新專輯預告片-01 Jay Chou New Album Coming Soon -Teaser 01,周杰倫 Jay Chou,UC8CU5nVhCQIdAGrFFp4loOQ,20,,,,969231,Jay Chou Official MV | 周杰伦 JVR Music | 周杰伦 官方 MV | 周杰伦 杰威尔音乐 | 周杰伦 歌曲,2026-07-31T14:06:15.904475+00:00
mOZ2NzlSJaI,https://www.youtube.com/watch?v=mOZ2NzlSJaI,周杰倫新專輯預告片-02 Jay Chou New Album Coming Soon -Teaser 02,周杰倫 Jay Chou,UC8CU5nVhCQIdAGrFFp4loOQ,18,,,,610006,Jay Chou Official MV | 周杰伦 JVR Music | 周杰伦 专辑 | 周杰伦 歌曲,2026-07-31T14:06:15.904475+00:00
UePG8wbdA-w,https://www.youtube.com/watch?v=UePG8wbdA-w,周杰倫新專輯預告片-03 Jay Chou New Album Coming Soon -Teaser 03,周杰倫 Jay Chou,UC8CU5nVhCQIdAGrFFp4loOQ,19,,,,567814,Jay Chou Official MV | 周杰伦 JVR Music | 周杰伦 歌曲,2026-07-31T14:06:15.904475+00:00
3-F8J_49LJ4,https://www.youtube.com/watch?v=3-F8J_49LJ4,周杰倫新專輯預告片-04 Jay Chou New Album Coming Soon -Teaser 04,周杰倫 Jay Chou,UC8CU5nVhCQIdAGrFFp4loOQ,20,,,,584060,周杰伦 JVR Music | 周杰伦 专辑 | 周杰伦 官方 MV | 周杰伦 杰威尔音乐 | 周杰伦 歌曲,2026-07-31T14:06:15.904475+00:00
SivxUOLCkaQ,https://www.youtube.com/watch?v=SivxUOLCkaQ,周杰倫新專輯預告片-05 Jay Chou New Album Coming Soon -Teaser 05,周杰倫 Jay Chou,UC8CU5nVhCQIdAGrFFp4loOQ,20,,,,685407,Jay Chou Official MV | 周杰伦 JVR Music | 周杰伦 专辑 | 周杰伦 歌曲 | 周杰伦 现场 Live,2026-07-31T14:06:15.904475+00:00
KFhdmCqBYKM,https://www.youtube.com/watch?v=KFhdmCqBYKM,周杰倫新專輯預告片-06 Jay Chou New Album Coming Soon -Teaser 06,周杰倫 Jay Chou,UC8CU5nVhCQIdAGrFFp4loOQ,18,,,,570750,Jay Chou Official MV | 周杰伦 JVR Music | 周杰伦 专辑 | 周杰伦 歌曲 | 周杰伦 现场 Live,2026-07-31T14:06:15.904475+00:00
Ew3aaJJj3Xc,https://www.youtube.com/watch?v=Ew3aaJJj3Xc,周杰倫新巡演登場！杭州連唱3天 愛女之作現場變「軍歌應援」｜TVBS新聞 @TVBSNEWS01,TVBS NEWS,UC5nwNW4KdC0SzrhF9BXEYOQ,118,,,,16566,周杰伦 演唱会,2026-07-31T14:06:15.904475+00:00
MVD7fhKgGzc,https://www.youtube.com/watch?v=MVD7fhKgGzc,周杰倫最好聽的20首歌曲 | 在雨天聽周杰倫－絕佳的選擇 | Listening to Jay Chou on a rainy day - An excellent choice,杰威爾歌詞MV頻道JVR Lyric MV,UCsMWXIFViw8KxCl1i7X8deA,5192,,,,795996,周杰伦 4K MV | 周杰伦 JVR Music | 周杰伦 专辑 | 周杰伦 完整版 | 周杰伦 官方 MV | 周杰伦 杰威尔音乐 | 周杰伦 歌曲 | 周杰伦 歌词版 | 周杰伦 演唱会 | 周杰伦 高音质,2026-07-31T14:06:15.904475+00:00
XILiyHhzzXM,https://www.youtube.com/watch?v=XILiyHhzzXM,周杰倫最強骰子 方文山也會了,周杰倫 Jay Chou,UC8CU5nVhCQIdAGrFFp4loOQ,18,,,,199007,Jay Chou Official MV | 周杰伦 Official Music Video | 周杰伦 lyric video | 周杰伦 完整版 | 周杰伦 官方 MV,2026-07-31T14:06:15.904475+00:00
0-llWSjAL_s,https://www.youtube.com/watch?v=0-llWSjAL_s,周杰倫最新創作-康康「杭州的她」完整版試聽,jaytheera,UC-Rxt_Et2I8VlflCkJGgWNA,255,,,,51539,周杰伦 完整版,2026-07-31T14:06:15.904475+00:00
gR71c31eY2U,https://www.youtube.com/watch?v=gR71c31eY2U,周杰倫歌曲 50首精選集  動態滾動歌詞 lyrics  高音質 songs of the most popular chinese singers,eight six,UChFO2yNYtGHERm-oRVTW0Kg,13057,,,,9,周杰伦 高音质,2026-07-31T14:06:15.904475+00:00
1db_BnbqPqI,https://www.youtube.com/watch?v=1db_BnbqPqI,周杰倫歌曲40首精選集年份順序可自選歌曲Songs of the Most Popular Chinese Singer,音乐宇宙 〈Music Galaxy〉,UC7IdzGkqyl-AQy5J_w469Lw,10501,,,,971,周杰伦 歌曲,2026-07-31T14:06:15.904475+00:00
4FRdmZbZ2xI,https://www.youtube.com/watch?v=4FRdmZbZ2xI,周杰倫歌曲🎧10首精選集🎼【高音質】Songs of the Most Popular Chinese Singer,維利霍爾,UC3rmRHtjRNAgq2wOZkEfgYg,2176,,,,17,周杰伦 高音质,2026-07-31T14:06:15.904475+00:00
4dk13hkVGng,https://www.youtube.com/watch?v=4dk13hkVGng,周杰倫歌曲🎧10首精選集🎼【高音質】Songs of the Most Popular Chinese Singer, 寒冷的歌曲,UCszetZISy-yT1N3W21yPpSw,1956,,,,7,周杰伦 高音质,2026-07-31T14:06:15.904475+00:00
9mplI5qEhxk,https://www.youtube.com/watch?v=9mplI5qEhxk,周杰倫歌曲🎧50首精選集🎼【可自選歌曲】【動態滾動歌詞Lyrics】【高音質】Songs of the Most Popular Chinese Singer,大俠人生旅途 Hero's Life Travelling,UC6-qBOtw86N5JTtgZbcrxHw,13057,,,,29563283,周杰伦 Official Music Video | 周杰伦 官方 MV | 周杰伦 歌曲 | 周杰伦 歌词版,2026-07-31T14:06:15.904475+00:00
4TNPceyo_GU,https://www.youtube.com/watch?v=4TNPceyo_GU,周杰倫演唱會 說好不哭（演唱会现场版 LIVE）,Taurus lyric,UCrTPt0MgZT2yHvxt_CC-X5A,214,,,,1080,周杰伦 现场 Live,2026-07-31T14:06:15.904475+00:00
O2NwfHkDYW0,https://www.youtube.com/watch?v=O2NwfHkDYW0,周杰倫演唱會31首精選Live現場歌曲串燒720P,犀利哥-kevin,UC7i4k0OSduqrwHm8ZJa_ugg,4321,,,,1278291,周杰伦 演唱会 | 周杰伦 现场 Live,2026-07-31T14:06:15.904475+00:00
U_qbwdKQQ4Q,https://www.youtube.com/watch?v=U_qbwdKQQ4Q,周杰倫演唱會46首精選Live現場歌曲串燒(Part 1),Jacken666,UCKDRp9Nm4nmqKLWTmkz4cSw,4573,,,,1702021,周杰伦 1080P MV | 周杰伦 4K MV | 周杰伦 完整版 | 周杰伦 歌曲 | 周杰伦 歌词版 | 周杰伦 演唱会 | 周杰伦 现场 Live,2026-07-31T14:06:15.904475+00:00
47adNUpllbk,https://www.youtube.com/watch?v=47adNUpllbk,周杰倫演唱會46首精選Live現場歌曲串燒(Part 2),Jacken666,UCKDRp9Nm4nmqKLWTmkz4cSw,4321,,,,2909405,周杰伦 1080P MV | 周杰伦 完整版 | 周杰伦 歌曲 | 周杰伦 演唱会 | 周杰伦 现场 Live,2026-07-31T14:06:15.904475+00:00
51CrDO7W6TA,https://www.youtube.com/watch?v=51CrDO7W6TA,周杰倫演唱會46首精選Live現場歌曲串燒(Part 3),Jacken666,UCKDRp9Nm4nmqKLWTmkz4cSw,3992,,,,961467,周杰伦 歌曲 | 周杰伦 演唱会 | 周杰伦 现场 Live,2026-07-31T14:06:15.904475+00:00
_Ab2DuLk4lY,https://www.youtube.com/watch?v=_Ab2DuLk4lY,周杰倫演唱會LIVE| 居家隔離版 - Jay Chou Concert | Quarantine Edition,杰威爾歌詞MV頻道JVR Lyric MV,UCsMWXIFViw8KxCl1i7X8deA,8894,,,,3925431,周杰伦 演唱会 | 周杰伦 现场 Live,2026-07-31T14:06:15.904475+00:00
lH0USd9ea4w,https://www.youtube.com/watch?v=lH0USd9ea4w,周杰倫演唱會「沒有實名制」 粉絲轟杰威爾：助長黃牛－民視新聞,民視新聞網 Formosa TV News network,UC2VmWn8dAqkzlQqvy02E1PA,135,,,,1290,周杰伦 杰威尔音乐,2026-07-31T14:06:15.904475+00:00
AabDrQARpV0,https://www.youtube.com/watch?v=AabDrQARpV0,周杰倫演唱會素人超會唱！一開口驚豔全場他直呼：可以哦 @ebcstars,東森娛樂,UCmyVDKnXwdw3McUlcijqmvQ,638,,,,455370,周杰伦 演唱会,2026-07-31T14:06:15.904475+00:00
SAOO-fVVvZ4,https://www.youtube.com/watch?v=SAOO-fVVvZ4,周杰倫演唱會送她45萬精品外套！她直播嗨炫耀：有他的味道@ebcstars,東森娛樂,UCmyVDKnXwdw3McUlcijqmvQ,598,,,,73226,周杰伦 演唱会,2026-07-31T14:06:15.904475+00:00
5uY78QsMIzY,https://www.youtube.com/watch?v=5uY78QsMIzY,周杰倫演唱會點歌環節！當這位歌迷一開口唱＜擱淺＞…網驚呆：哎喲有點厲害｜三立新聞網 SETN.com,三立新聞網SETN,UCIU8ha-NHmLjtUwU7dFiXUA,81,,,,71306,周杰伦 演唱会,2026-07-31T14:06:15.904475+00:00
wf_PYFy0lW0,https://www.youtube.com/watch?v=wf_PYFy0lW0,周杰倫演場會「加場」？ A-Lin、五月天阿信崩潰喊：我也搶不到｜NOWnews#周杰倫#加場#五月天#阿信#嘉年華#杰威爾音樂,NOW娛樂,UC1KF-XQd9IAG8QYB6qVw--A,38,,,,1715,周杰伦 杰威尔音乐,2026-07-31T14:06:15.904475+00:00
sf1jWF3KSX0,https://www.youtube.com/watch?v=sf1jWF3KSX0,周杰倫澳門豪賭輸43.6億？ 杰威爾音樂發聲明回應,娛樂星動線,UCp2CzP2raB66F1YOHcHb4ag,94,,,,6207,周杰伦 杰威尔音乐,2026-07-31T14:06:15.904475+00:00
lXUpKeQ-B9Q,https://www.youtube.com/watch?v=lXUpKeQ-B9Q,周杰倫熱門歌曲精選50首[高音質],13小将,UConIGcc9Chus2AC9rCxLNnw,11791,,,,778,周杰伦 高音质,2026-07-31T14:06:15.904475+00:00
UqYhXEcVNRE,https://www.youtube.com/watch?v=UqYhXEcVNRE,周杰倫現場演唱《白色風車》真的超好聽超感動(周杰倫2007世界巡迴演唱會),Jay Chou IFC【後備頻道】,UC0WTRWUUdAS7u7Mfleq05sQ,268,,,,385763,周杰伦 演唱会 | 周杰伦 现场 Live,2026-07-31T14:06:15.904475+00:00
HmmLSZPL7YY,https://www.youtube.com/watch?v=HmmLSZPL7YY,周杰倫生涯最強【安靜】Live,Jay Pop,UCHyUYzodGRNPcIPpwacr0lA,281,,,,589879,周杰伦 现场 Live,2026-07-31T14:06:15.904475+00:00
uBdY4qPBG_Y,https://www.youtube.com/watch?v=uBdY4qPBG_Y,"周杰倫療傷燒肉粽《杰威爾官方》Jay Chou ""Healing Hot Meat Buns""Official MV",JVRchina,UCf07kMs0NUyjkzPkRGXG_jQ,177,,,,12264,周杰伦 杰威尔音乐,2026-07-31T14:06:15.904475+00:00
iKQZ610Wcro,https://www.youtube.com/watch?v=iKQZ610Wcro,周杰倫療傷燒肉粽《杰威爾官方》Jay Chou.mp4,許仲閔,UC5YztACViTjTBBNUPkZohoA,192,,,,34623,周杰伦 杰威尔音乐,2026-07-31T14:06:15.904475+00:00
xnOCAvY0FGQ,https://www.youtube.com/watch?v=xnOCAvY0FGQ,周杰倫發片記者會 Part 1 驚嘆號完美啟航 Jay Chou 11th album press conference,周杰倫 Jay Chou,UC8CU5nVhCQIdAGrFFp4loOQ,464,,,,25124,Jay Chou Official MV | 周杰伦 完整版 | 周杰伦 官方 MV,2026-07-31T14:06:15.904475+00:00
oD32SaOQq44,https://www.youtube.com/watch?v=oD32SaOQq44,周杰倫發片記者會 Part 2 滿載第一的驕傲 Jay Chou 11th album press conference,周杰倫 Jay Chou,UC8CU5nVhCQIdAGrFFp4loOQ,370,,,,113651,Jay Chou Official MV | 周杰伦 官方 MV | 周杰伦 歌曲,2026-07-31T14:06:15.904475+00:00
HOFCJd7jEik,https://www.youtube.com/watch?v=HOFCJd7jEik,周杰倫發片記者會 Part 3 長官致詞&啟航儀式 Jay Chou 11th album press conference,周杰倫 Jay Chou,UC8CU5nVhCQIdAGrFFp4loOQ,439,,,,6311,Jay Chou Official MV | 周杰伦 4K MV | 周杰伦 lyric video | 周杰伦 官方 MV,2026-07-31T14:06:15.904475+00:00
1T9u345hZQ4,https://www.youtube.com/watch?v=1T9u345hZQ4,周杰倫發片記者會 Part 5 記者會『迷魂曲』首播 Jay Chou 11th album press conference,周杰倫 Jay Chou,UC8CU5nVhCQIdAGrFFp4loOQ,258,,,,6425,周杰伦 专辑 | 周杰伦 完整版 | 周杰伦 歌曲,2026-07-31T14:06:15.904475+00:00
0P9aFAYJ-do,https://www.youtube.com/watch?v=0P9aFAYJ-do,周杰倫的床邊故事『USB音樂盒版』開箱文,周杰倫 Jay Chou,UC8CU5nVhCQIdAGrFFp4loOQ,123,,,,92729,Jay Chou Official MV | 周杰伦 4K MV | 周杰伦 Official Music Video | 周杰伦 官方 MV,2026-07-31T14:06:15.904475+00:00
PiVWt_xrzLc,https://www.youtube.com/watch?v=PiVWt_xrzLc,周杰倫的床邊故事『精裝立體書版』開箱文,周杰倫 Jay Chou,UC8CU5nVhCQIdAGrFFp4loOQ,168,,,,89525,周杰伦 4K MV | 周杰伦 Official Music Video | 周杰伦 完整版 | 周杰伦 歌词版,2026-07-31T14:06:15.904475+00:00
_oVF3afSCtU,https://www.youtube.com/watch?v=_oVF3afSCtU,周杰倫監製電影《叱咤風雲》同名主題曲MV (演唱者/ 范逸臣 · 柯有倫),周杰倫 Jay Chou,UC8CU5nVhCQIdAGrFFp4loOQ,257,,,,1112006,周杰伦 lyric video,2026-07-31T14:06:15.904475+00:00
ZZH5GqfW7Co,https://www.youtube.com/watch?v=ZZH5GqfW7Co,周杰倫祝大家聖誕快樂！Merry Christmas from Jay Chou,周杰倫 Jay Chou,UC8CU5nVhCQIdAGrFFp4loOQ,7,,,,127996,Jay Chou Official MV | 周杰伦 Official Music Video | 周杰伦 完整版 | 周杰伦 官方 MV | 周杰伦 歌曲,2026-07-31T14:06:15.904475+00:00
Ajp7c4NNhPU,https://www.youtube.com/watch?v=Ajp7c4NNhPU,周杰倫神助攻完美求婚橋段!!【完整版】聽媽媽的話 第28集-媽媽情懷也是詩!媽媽想要的浪漫!!,年代MUCH台 聽媽媽的話,UCI89UCJMTy_hZyYbbfzv72g,2785,,,,10501,周杰伦 完整版,2026-07-31T14:06:15.904475+00:00
jtzF0nJ2ob4,https://www.youtube.com/watch?v=jtzF0nJ2ob4,周杰倫福州演唱會第一天 被歌迷的告白整哭了  Jay Chou live 2024 周杰伦福州演唱会 精彩正在上演,他們的演唱會,UCUZlmsVaFBLWFQ8VNRPrXmw,846,,,,101202,周杰伦 演唱会,2026-07-31T14:06:15.904475+00:00
Dz3Cu608VGU,https://www.youtube.com/watch?v=Dz3Cu608VGU,周杰倫第16張個人專輯《太陽之子》正式發行,周杰倫 Jay Chou,UC8CU5nVhCQIdAGrFFp4loOQ,30,,,,2241658,Jay Chou Official MV | 周杰伦 JVR Music | 周杰伦 lyric video | 周杰伦 专辑 | 周杰伦 完整版 | 周杰伦 杰威尔音乐 | 周杰伦 歌曲 | 周杰伦 歌词版,2026-07-31T14:06:15.904475+00:00
hulc-T1XV1M,https://www.youtube.com/watch?v=hulc-T1XV1M,周杰倫第十一張專輯最新主打歌曲《皮影戲》完整版試聽,Jay CooL,UCD7fTZRpUqPQL9r1tWiy5sA,207,,,,12997,周杰伦 完整版,2026-07-31T14:06:15.904475+00:00
3HCv0JXRAqI,https://www.youtube.com/watch?v=3HCv0JXRAqI,周杰倫簽唱會電視特輯《杰威爾官方》Jay Chou Autograph Session TV Special,周杰倫 Jay Chou,UC8CU5nVhCQIdAGrFFp4loOQ,329,,,,22981,Jay Chou Official MV | 周杰伦 1080P MV | 周杰伦 Official Music Video | 周杰伦 lyric video | 周杰伦 完整版 | 周杰伦 官方 MV | 周杰伦 杰威尔音乐,2026-07-31T14:06:15.904475+00:00
0lIbsaKY7_w,https://www.youtube.com/watch?v=0lIbsaKY7_w,周杰倫終場嘉賓曝光！五月天真的來了　再度降臨大巨蛋開唱｜NOWnews,NOWNEWS,UCg8EwsqYmiw7G267xxPyXsg,396,,,,140860,周杰伦 演唱会,2026-07-31T14:06:15.904475+00:00
5j0nwuCmORs,https://www.youtube.com/watch?v=5j0nwuCmORs,周杰倫罕見的《心雨》Live,麥摳 Michael,UCLf0AUU5JC04GnZkS5vS-Vw,270,,,,20230,周杰伦 现场 Live,2026-07-31T14:06:15.904475+00:00
DMy6bRQFljo,https://www.youtube.com/watch?v=DMy6bRQFljo,"周杰倫耳機代言『TiinLab耳一號』 Jay Chou's ""TiinLab"" Earphone Endorsement",周杰倫 Jay Chou,UC8CU5nVhCQIdAGrFFp4loOQ,156,,,,148328,周杰伦 杰威尔音乐,2026-07-31T14:06:15.904475+00:00
U5xT-r8Ffo4,https://www.youtube.com/watch?v=U5xT-r8Ffo4,周杰倫自彈自唱《最長的電影》超越了原版CD(周杰倫2007世界巡迴演唱會),Jay Chou IFC【後備頻道】,UC0WTRWUUdAS7u7Mfleq05sQ,233,,,,1300693,周杰伦 Official Music Video | 周杰伦 杰威尔音乐 | 周杰伦 演唱会 | 周杰伦 现场 Live,2026-07-31T14:06:15.904475+00:00
SaKXgsoR3eo,https://www.youtube.com/watch?v=SaKXgsoR3eo,周杰倫自彈自唱《默》不少網友跪求完整版(中國好聲音第四季),Jay Chou IFC【後備頻道】,UC0WTRWUUdAS7u7Mfleq05sQ,143,,,,381650,周杰伦 完整版,2026-07-31T14:06:15.904475+00:00
s34fl3eFYMc,https://www.youtube.com/watch?v=s34fl3eFYMc,"周杰倫與昆凌教堂婚禮畫面 Jay Chou & Hannah Quinlivan's Wedding@ Selby Abbey, Yorkside",周杰倫 Jay Chou,UC8CU5nVhCQIdAGrFFp4loOQ,129,,,,16055235,周杰伦 杰威尔音乐,2026-07-31T14:06:15.904475+00:00
c087bV1peRE,https://www.youtube.com/watch?v=c087bV1peRE,周杰倫花式骰子疊成一直線 Jay plays dice like magic,周杰倫 Jay Chou,UC8CU5nVhCQIdAGrFFp4loOQ,31,,,,173098,Jay Chou Official MV | 周杰伦 1080P MV | 周杰伦 Official Music Video | 周杰伦 lyric video | 周杰伦 完整版 | 周杰伦 官方 MV,2026-07-31T14:06:15.904475+00:00
zbEGdSEeUqQ,https://www.youtube.com/watch?v=zbEGdSEeUqQ,周杰倫落淚 福州演唱會 枫+ 七里香 歌迷告白觸動人心，他承諾唱歌唱到不能唱為止！,koko in Japan,UCw0ca9NI4jTLyhJQYGAUtUA,550,,,,15251,周杰伦 演唱会,2026-07-31T14:06:15.904475+00:00
_rFRsLakQRY,https://www.youtube.com/watch?v=_rFRsLakQRY,周杰倫記者會大罵阿KEN「有病」！被講私藏名畫狂虧「用點腦好嗎」惹全場爆笑XD 劇透演唱會開場曲：新歌就是為演唱會寫的｜三立娛樂星聞,娛樂星聞,UC2hslcZZSHF1u_KW4LPrRPA,199,,,,28460,周杰伦 完整版,2026-07-31T14:06:15.904475+00:00
ZVL2UoY00fY,https://www.youtube.com/watch?v=ZVL2UoY00fY,周杰倫說勾著肩膀才是女友，拍MV勾著的不算,david lynch,UCIsJFLfQMarWb4GCnZjzieQ,52,,,,504,周杰伦 1080P MV,2026-07-31T14:06:15.904475+00:00
sLxuC74hYos,https://www.youtube.com/watch?v=sLxuC74hYos,周杰倫貴陽演唱會後台花絮 『演唱會之前都在做什麼呢?』,周杰倫 Jay Chou,UC8CU5nVhCQIdAGrFFp4loOQ,72,,,,82884,Jay Chou Official MV,2026-07-31T14:06:15.904475+00:00
60KnIs1rKgA,https://www.youtube.com/watch?v=60KnIs1rKgA,周杰倫超時代演唱會(HD) 愛在西元前+我不配+嘻哈空姐,pslowhenry14,UC9SbLwO3Zs6CO-Spq3e1Fyg,668,,,,1961873,周杰伦 1080P MV | 周杰伦 演唱会 | 周杰伦 现场 Live,2026-07-31T14:06:15.904475+00:00
NguFQ0Ow2YM,https://www.youtube.com/watch?v=NguFQ0Ow2YM,周杰倫超時代演唱會(HD) 說好的幸福呢＋淘汰＋青花瓷(特別畫面 陳奕迅),pslowhenry14,UC9SbLwO3Zs6CO-Spq3e1Fyg,243,,,,5009533,周杰伦 演唱会 | 周杰伦 现场 Live,2026-07-31T14:06:15.904475+00:00
ZHJiMrUaxm0,https://www.youtube.com/watch?v=ZHJiMrUaxm0,周杰倫超時代演唱會(HD) 開不了口+給我一首歌的時間(特別來賓蔡依林),pslowhenry14,UC9SbLwO3Zs6CO-Spq3e1Fyg,702,,,,23971944,周杰伦 完整版 | 周杰伦 歌曲 | 周杰伦 演唱会 | 周杰伦 现场 Live,2026-07-31T14:06:15.904475+00:00
9xOu4Vc7AJ8,https://www.youtube.com/watch?v=9xOu4Vc7AJ8,周杰倫超時代演唱會(HD) 黑色幽默(with 袁詠琳),pslowhenry14,UC9SbLwO3Zs6CO-Spq3e1Fyg,274,,,,2191439,周杰伦 演唱会 | 周杰伦 现场 Live,2026-07-31T14:06:15.904475+00:00
Zl3r-5VAhlg,https://www.youtube.com/watch?v=Zl3r-5VAhlg,周杰倫超時代演唱會DVD預購CF/Jay Chou THE ERA concert DVD pre-order CF,周杰倫 Jay Chou,UC8CU5nVhCQIdAGrFFp4loOQ,16,,,,16573,周杰伦 演唱会,2026-07-31T14:06:15.904475+00:00
g8aWapkELpU,https://www.youtube.com/watch?v=g8aWapkELpU,周杰倫超音速引擎「龍戰騎士」MV   120版,Jay2uPRDept,UCOsxtx96DrfQPLAwwiw4pig,121,,,,8687,周杰伦 1080P MV,2026-07-31T14:06:15.904475+00:00
8YEBwFmMSXc,https://www.youtube.com/watch?v=8YEBwFmMSXc,周杰倫軌跡+彩虹（魔天倫演唱會）,趙崧屹,UCjhqwnTzXvLf4jyazJblkNw,205,,,,258572,周杰伦 演唱会 | 周杰伦 现场 Live,2026-07-31T14:06:15.904475+00:00
EQRrVFxo3_4,https://www.youtube.com/watch?v=EQRrVFxo3_4,周杰倫金曲音樂講堂 Part 1/6,周杰倫 Jay Chou,UC8CU5nVhCQIdAGrFFp4loOQ,644,,,,184476,Jay Chou Official MV | 周杰伦 Official Music Video | 周杰伦 完整版 | 周杰伦 官方 MV | 周杰伦 杰威尔音乐 | 周杰伦 歌曲,2026-07-31T14:06:15.904475+00:00
in8GAxosrXA,https://www.youtube.com/watch?v=in8GAxosrXA,周杰倫金曲音樂講堂 Part 2/6,周杰倫 Jay Chou,UC8CU5nVhCQIdAGrFFp4loOQ,591,,,,126125,Jay Chou Official MV | 周杰伦 Official Music Video | 周杰伦 lyric video | 周杰伦 完整版 | 周杰伦 官方 MV | 周杰伦 杰威尔音乐 | 周杰伦 现场 Live,2026-07-31T14:06:15.904475+00:00
Kq19NWihERE,https://www.youtube.com/watch?v=Kq19NWihERE,周杰倫金曲音樂講堂 Part 3/6,周杰倫 Jay Chou,UC8CU5nVhCQIdAGrFFp4loOQ,757,,,,140186,周杰伦 4K MV | 周杰伦 完整版 | 周杰伦 杰威尔音乐,2026-07-31T14:06:15.904475+00:00
7wK8FaFEij4,https://www.youtube.com/watch?v=7wK8FaFEij4,周杰倫金曲音樂講堂 Part 4/6,周杰倫 Jay Chou,UC8CU5nVhCQIdAGrFFp4loOQ,669,,,,184450,周杰伦 完整版 | 周杰伦 杰威尔音乐,2026-07-31T14:06:15.904475+00:00
RsRL1UOOtvM,https://www.youtube.com/watch?v=RsRL1UOOtvM,周杰倫金曲音樂講堂 Part 5/6,周杰倫 Jay Chou,UC8CU5nVhCQIdAGrFFp4loOQ,883,,,,145905,周杰伦 杰威尔音乐,2026-07-31T14:06:15.904475+00:00
NcdA29OwBME,https://www.youtube.com/watch?v=NcdA29OwBME,周杰倫金曲音樂講堂 Part 6/6,周杰倫 Jay Chou,UC8CU5nVhCQIdAGrFFp4loOQ,748,,,,127086,周杰伦 完整版 | 周杰伦 杰威尔音乐,2026-07-31T14:06:15.904475+00:00
s35pgLhvXWQ,https://www.youtube.com/watch?v=s35pgLhvXWQ,周杰倫鋼琴曲合輯  | 秋冬精選 | 【⭕️附免費琴譜】| 高音質 | 放鬆音樂,OhMyJohny piano,UCDyzbFuZbp1K3P1MNGIbPkg,5771,,,,436239,周杰伦 高音质,2026-07-31T14:06:15.904475+00:00
-q1Jji6Dvw4,https://www.youtube.com/watch?v=-q1Jji6Dvw4,周杰倫鋼琴曲合輯🎹 04︱晴天︱說好的幸福呢︱黑色毛衣︱黑色幽默︱蒲公英的約定︱最偉大的作品︱助眠&放鬆︱精選歌純鋼琴版︱Jay Chou playlist 04︱,OhMyJohny piano,UCDyzbFuZbp1K3P1MNGIbPkg,28845,,,,467290,周杰伦 完整版 | 周杰伦 歌曲,2026-07-31T14:06:15.904475+00:00
6LAhnQBx5qs,https://www.youtube.com/watch?v=6LAhnQBx5qs,周杰倫隔空對尬Rap五分鐘　男鐵粉「一字不漏」全場尖叫,ETtoday星光雲/官方平台,UCX157UE-NdaUGQJDkQ-XKnw,278,,,,7756617,周杰伦 演唱会 | 周杰伦 现场 Live,2026-07-31T14:06:15.904475+00:00
70gSeTo6QYM,https://www.youtube.com/watch?v=70gSeTo6QYM,周杰倫雪梨演唱會彩排花絮 Jay's rehearsal for Sydney concert 2014,周杰倫 Jay Chou,UC8CU5nVhCQIdAGrFFp4loOQ,28,,,,58532,Jay Chou Official MV | 周杰伦 Official Music Video | 周杰伦 官方 MV | 周杰伦 演唱会,2026-07-31T14:06:15.904475+00:00
Yq6uEC-1U8E,https://www.youtube.com/watch?v=Yq6uEC-1U8E,周杰倫電影天台《官方HD終極預告》Jay Chou movie Rooftop preview,周杰倫 Jay Chou,UC8CU5nVhCQIdAGrFFp4loOQ,139,,,,352703,Jay Chou Official MV | 周杰伦 Official Music Video | 周杰伦 专辑 | 周杰伦 完整版 | 周杰伦 官方 MV | 周杰伦 杰威尔音乐 | 周杰伦 歌曲,2026-07-31T14:06:15.904475+00:00
w0LBQWKhW2Y,https://www.youtube.com/watch?v=w0LBQWKhW2Y,"周杰倫電影天台《電影&原聲帶7月11日同步上映》Jay Chou's ""Rooftop"" movie and OST debut on July 11",周杰倫 Jay Chou,UC8CU5nVhCQIdAGrFFp4loOQ,16,,,,114780,周杰伦 1080P MV | 周杰伦 歌曲,2026-07-31T14:06:15.904475+00:00
0zlLd0IL9f4,https://www.youtube.com/watch?v=0zlLd0IL9f4,周杰倫音樂之旅: 40首精選金曲 🎶【個人化歌單】【歌詞動態展示】【極致音質】Jay Chou's Melodic Journey:  [Lyrics in Motion] 🎶🔥,杰威爾歌詞MV頻道JVR Lyric MV,UCsMWXIFViw8KxCl1i7X8deA,10137,,,,913867,周杰伦 杰威尔音乐,2026-07-31T14:06:15.904475+00:00
Cx2rVT50ABk,https://www.youtube.com/watch?v=Cx2rVT50ABk,周杰倫香港演唱會2023年5月5日,biubiubiu-channel,UCm4iO6yC5QSWlr2gWkJkUqw,7272,,,,575279,周杰伦 现场 Live,2026-07-31T14:06:15.904475+00:00
ox1yAu68tTI,https://www.youtube.com/watch?v=ox1yAu68tTI,周杰倫驚嘆號專輯預購《杰威爾官方》Jay Chou Exclamation Point Pre-order,周杰倫 Jay Chou,UC8CU5nVhCQIdAGrFFp4loOQ,15,,,,52579,周杰伦 完整版 | 周杰伦 官方 MV,2026-07-31T14:06:15.904475+00:00
3N01tlTrlfs,https://www.youtube.com/watch?v=3N01tlTrlfs,周杰倫驚嘆號簽名會《杰威爾官方》Jay Chou Autograph Session,周杰倫 Jay Chou,UC8CU5nVhCQIdAGrFFp4loOQ,16,,,,42490,Jay Chou Official MV | 周杰伦 Official Music Video | 周杰伦 lyric video | 周杰伦 官方 MV | 周杰伦 现场 Live,2026-07-31T14:06:15.904475+00:00
kV1MAwm5ZB4,https://www.youtube.com/watch?v=kV1MAwm5ZB4,周杰倫高雄巨蛋演唱會購票訊息,周杰倫 Jay Chou,UC8CU5nVhCQIdAGrFFp4loOQ,16,,,,19260,周杰伦 演唱会,2026-07-31T14:06:15.904475+00:00
9kFgvG5ox84,https://www.youtube.com/watch?v=9kFgvG5ox84,周杰倫鬆口新專輯進度！ 放話「明年一定出來」全場暴動@videolandnews,緯來新聞網,UChjlMD6F1rx2gy2g2FM9xJA,504,,,,500,周杰伦 专辑,2026-07-31T14:06:15.904475+00:00
4QOAXRvtOvg,https://www.youtube.com/watch?v=4QOAXRvtOvg,周杰倫魔天倫世界巡迴演唱會 青花瓷(LIVE),我愛聽音樂,UCn4xepUI2N6NbeEoqRN4Eeg,236,,,,95345,周杰伦 现场 Live,2026-07-31T14:06:15.904475+00:00
ySImXTKcul0,https://www.youtube.com/watch?v=ySImXTKcul0,周杰倫魔天倫世界巡迴演唱會『我與巨星最近的距離』(幕後花絮 番外篇),周杰倫 Jay Chou,UC8CU5nVhCQIdAGrFFp4loOQ,813,,,,142718,周杰伦 4K MV | 周杰伦 Official Music Video | 周杰伦 完整版 | 周杰伦 官方 MV | 周杰伦 歌曲 | 周杰伦 演唱会 | 周杰伦 现场 Live,2026-07-31T14:06:15.904475+00:00
hMrbKml-dX8,https://www.youtube.com/watch?v=hMrbKml-dX8,周杰倫魔天倫世界巡迴演唱會【9月6日加開一場】 4月10日下午12:30 ibon再次搶購,周杰倫 Jay Chou,UC8CU5nVhCQIdAGrFFp4loOQ,16,,,,32029,Jay Chou Official MV | 周杰伦 Official Music Video | 周杰伦 官方 MV | 周杰伦 演唱会,2026-07-31T14:06:15.904475+00:00
U5hRtW5aBQE,https://www.youtube.com/watch?v=U5hRtW5aBQE,周杰倫鳥巢Day3／黃曉明朝聖大秀肌肉喊「羨慕周董」　散場竟爆「大洗劫」｜TVBS新聞 @TVBSNEWS01,TVBS NEWS,UC5nwNW4KdC0SzrhF9BXEYOQ,122,,,,3495,周杰伦 演唱会,2026-07-31T14:06:15.904475+00:00
EhV_Ewle8Ls,https://www.youtube.com/watch?v=EhV_Ewle8Ls,周杰倫點她倆不認識超尷尬！合唱〈珊瑚海〉小姊姊超強@ebcstars,東森娛樂,UCmyVDKnXwdw3McUlcijqmvQ,1147,,,,1051829,周杰伦 JVR Music | 周杰伦 演唱会 | 周杰伦 现场 Live,2026-07-31T14:06:15.904475+00:00
LJiXj5sKng8,https://www.youtube.com/watch?v=LJiXj5sKng8,周杰倫，告白氣球，北京演唱會,生命裡的好聲音,UC_WlycZdMfLv0LrmI_kXPGg,224,,,,523,周杰伦 演唱会,2026-07-31T14:06:15.904475+00:00
s7SoXv4vLw4,https://www.youtube.com/watch?v=s7SoXv4vLw4,周杰倫，女兒殿下，杭州演唱會,生命裡的好聲音,UC_WlycZdMfLv0LrmI_kXPGg,182,,,,2611,周杰伦 演唱会 | 周杰伦 现场 Live,2026-07-31T14:06:15.904475+00:00
CTSGjRxB-BI,https://www.youtube.com/watch?v=CTSGjRxB-BI,周杰倫，新歌 “”太陽之子“”，杭州演唱會,生命裡的好聲音,UC_WlycZdMfLv0LrmI_kXPGg,227,,,,4100,周杰伦 演唱会 | 周杰伦 现场 Live,2026-07-31T14:06:15.904475+00:00
kvM-_GTEQj4,https://www.youtube.com/watch?v=kvM-_GTEQj4,周杰倫，新歌首唱 “”那年下雨了“”，杭州演唱會,生命裡的好聲音,UC_WlycZdMfLv0LrmI_kXPGg,212,,,,3400,周杰伦 演唱会 | 周杰伦 现场 Live,2026-07-31T14:06:15.904475+00:00
d_lyiOhFut4,https://www.youtube.com/watch?v=d_lyiOhFut4,周杰倫－魔天倫世界巡回演唱會[完整版],Sam Wong,UCmJq_JwA0vZM5m4aTJuPi2g,6098,,,,3507235,周杰伦 完整版 | 周杰伦 演唱会 | 周杰伦 现场 Live,2026-07-31T14:06:15.904475+00:00
3yW6b4lXnF0,https://www.youtube.com/watch?v=3yW6b4lXnF0,周深 - 煙花易冷【降雜音動態歌詞 Lyrics】♪ 千年後累世情深 還有誰在等,夢夢,UCnnHKZ197vFCueKiz29GnZQ,291,,,,6783056,周杰伦 lyric video,2026-07-31T14:06:15.904475+00:00
9vT5ni5WDCY,https://www.youtube.com/watch?v=9vT5ni5WDCY,周深 Charlie Zhou Shen《小美滿》【熱辣滾燙 YOLO OST 電影熱辣陪伴曲】Official Lyric Video,YOYOROCK 滾石移動,UCCZasUiMCAk7rxq4HqZjmKQ,215,,,,5682263,周杰伦 Sony Music Taiwan,2026-07-31T14:06:15.904475+00:00
WCM_eSgaK6o,https://www.youtube.com/watch?v=WCM_eSgaK6o,周渝民 Vic Chou - Make a Wish (Clean Version),vicchouVEVO,UCjyEDwfgAJbqbtaNiK4NipA,280,,,,3282418,周杰伦 Sony Music Taiwan,2026-07-31T14:06:15.904475+00:00
t1PNGVDQ1Mo,https://www.youtube.com/watch?v=t1PNGVDQ1Mo,周湯豪 NICKTHEREAL《I AM THE MAN》Official Music Video,台灣索尼音樂 Sony Music Taiwan,UCFtUq0ml-coWmD70Pt_urRA,164,,,,2643713,周杰伦 Sony Music Taiwan,2026-07-31T14:06:15.904475+00:00
DA8rswF_vCc,https://www.youtube.com/watch?v=DA8rswF_vCc,周王陶林40首纯享完整版 #华语乐坛巅峰  #周杰伦 #王力宏 #陶喆 #林俊杰,RETE,UCbkpD872WKWWvtppAaDWZMQ,10362,,,,1022,周杰伦 完整版,2026-07-31T14:06:15.904475+00:00
CNgbvU1VJZ8,https://www.youtube.com/watch?v=CNgbvU1VJZ8,周老師的鋼琴教室 Teacher Jay's Piano Class,周杰倫 Jay Chou,UC8CU5nVhCQIdAGrFFp4loOQ,118,,,,94800,Jay Chou Official MV | 周杰伦 Official Music Video | 周杰伦 官方 MV,2026-07-31T14:06:15.904475+00:00
bG563p_moiE,https://www.youtube.com/watch?v=bG563p_moiE,周興哲Eric Chou × 單依純《愛我的時候 When You Loved Me》Official Music Video,周興哲 Eric Chou,UC7S48XRADBqamQbgLxpBFcQ,223,,,,39454547,周杰伦 Sony Music Taiwan,2026-07-31T14:06:15.904475+00:00
37uw4W2MwgU,https://www.youtube.com/watch?v=37uw4W2MwgU,周興哲Eric Chou 《離開你以後 Leaving You》Official Music Video - 電影「你的婚禮」插曲,周興哲 Eric Chou,UC7S48XRADBqamQbgLxpBFcQ,312,,,,37925796,Jay Chou Official MV | 周杰伦 Sony Music Taiwan,2026-07-31T14:06:15.904475+00:00
89WNPJsAx8g,https://www.youtube.com/watch?v=89WNPJsAx8g,周興哲Eric Chou- 幕後Vlog -｜年末 Count Down，謝謝2020，2021 We are coming!｜,周興哲 Eric Chou,UC7S48XRADBqamQbgLxpBFcQ,290,,,,62266,周杰伦 Sony Music Taiwan,2026-07-31T14:06:15.904475+00:00
osyH9yWWygA,https://www.youtube.com/watch?v=osyH9yWWygA,周興哲Eric Chou《All For You》 - 《蜘蛛人：重生日》電影片尾曲 Official Music Video,周興哲 Eric Chou,UC7S48XRADBqamQbgLxpBFcQ,224,,,,9952180,Jay Chou Official MV | 周杰伦 Sony Music Taiwan,2026-07-31T14:06:15.904475+00:00
vtVWs2npVAs,https://www.youtube.com/watch?v=vtVWs2npVAs,周興哲Eric Chou《In the Works》Official Music Video,周興哲 Eric Chou,UC7S48XRADBqamQbgLxpBFcQ,189,,,,606079,周杰伦 Sony Music Taiwan,2026-07-31T14:06:15.904475+00:00
i1xhQsp8Bac,https://www.youtube.com/watch?v=i1xhQsp8Bac,周興哲Eric Chou《Odyssey~旅程 》8/13重新開賣 ∣ 10/21-23台北小巨蛋,周興哲 Eric Chou,UC7S48XRADBqamQbgLxpBFcQ,16,,,,591984,周杰伦 Sony Music Taiwan,2026-07-31T14:06:15.904475+00:00
97TCxkI-lEw,https://www.youtube.com/watch?v=97TCxkI-lEw,周興哲Eric Chou《你不屬於我 You Don't Belong to Me》MV Making Film,周興哲 Eric Chou,UC7S48XRADBqamQbgLxpBFcQ,276,,,,312895,周杰伦 Sony Music Taiwan,2026-07-31T14:06:15.904475+00:00
6O_Zx9St9ik,https://www.youtube.com/watch?v=6O_Zx9St9ik,周興哲Eric Chou《你不屬於我 You Don't Belong to Me》Official Music Video - Netflix「比悲傷更悲傷的故事」影集版片尾曲,周興哲 Eric Chou,UC7S48XRADBqamQbgLxpBFcQ,321,,,,81881010,Jay Chou Official MV | 周杰伦 4K MV | 周杰伦 Sony Music Taiwan | 周杰伦 lyric video,2026-07-31T14:06:15.904475+00:00
WIwn0DkcFEA,https://www.youtube.com/watch?v=WIwn0DkcFEA,周興哲Eric Chou《想念你想我When you missed me》(電視劇《冬至》片頭曲) Official Music Video,周興哲 Eric Chou,UC7S48XRADBqamQbgLxpBFcQ,261,,,,9325092,周杰伦 Sony Music Taiwan,2026-07-31T14:06:15.904475+00:00
eZh1mC1vPgw,https://www.youtube.com/watch?v=eZh1mC1vPgw,周興哲Eric Chou《最後一堂課 Graduation》Official Music Video - 影集「媽，別鬧了！」片尾曲,周興哲 Eric Chou,UC7S48XRADBqamQbgLxpBFcQ,301,,,,35194309,周杰伦 Sony Music Taiwan | 周杰伦 lyric video,2026-07-31T14:06:15.904475+00:00
GzheEyoZ5Ok,https://www.youtube.com/watch?v=GzheEyoZ5Ok,周興哲Eric Chou《相信愛 Always Believe in Love》Official Music Video【內含血腥內容】,周興哲 Eric Chou,UC7S48XRADBqamQbgLxpBFcQ,331,,,,12342414,周杰伦 Sony Music Taiwan,2026-07-31T14:06:15.904475+00:00
ntaJOurVDsc,https://www.youtube.com/watch?v=ntaJOurVDsc,周興哲Eric Chou《說太多 Say Too Much》手勢舞挑戰 - 感謝回顧 Challenge Review,周興哲 Eric Chou,UC7S48XRADBqamQbgLxpBFcQ,100,,,,134203,周杰伦 Sony Music Taiwan,2026-07-31T14:06:15.904475+00:00
Q5umRsk2xAs,https://www.youtube.com/watch?v=Q5umRsk2xAs,周董被副總統夫人嘴「江蕙你請不到吧」 ！結局讓3.8萬人驚掉下巴@ebcstars,東森娛樂,UCmyVDKnXwdw3McUlcijqmvQ,1189,,,,1920252,周杰伦 杰威尔音乐 | 周杰伦 演唱会,2026-07-31T14:06:15.904475+00:00
soiIugj6p54,https://www.youtube.com/watch?v=soiIugj6p54,和爸爸妈妈新年团聚？｜ 人生一定要看一次周杰伦的演唱会｜现场真的high爆了,Monanana na,UCEKlmtO-v5CsPyJBKcrhg1w,832,,,,102011,周杰伦 演唱会,2026-07-31T14:06:15.904475+00:00
7JvVaIWnm_4,https://www.youtube.com/watch?v=7JvVaIWnm_4,咻比嘟華 S.B.D.W. - 錢歹賺,SBDWVEVO,UCZXhCnRN00UoPKv0vx04GOA,216,,,,192312,周杰伦 Sony Music Taiwan,2026-07-31T14:06:15.904475+00:00
IRFw-xPhmg8,https://www.youtube.com/watch?v=IRFw-xPhmg8,哪里都是你 周杰伦 (歌词版),GM Lyric,UC8wXsgv4k9fGAo8LwE-KwPQ,280,,,,338308,周杰伦 歌词版,2026-07-31T14:06:15.904475+00:00
vTtSSqCxYIY,https://www.youtube.com/watch?v=vTtSSqCxYIY,唯一合唱现场!《说好不哭》五月天 feat 周杰伦 官方MV,罗育劼,UC_8EyTUPRTm5Cpjkv-poqPw,256,,,,33,周杰伦 1080P MV,2026-07-31T14:06:15.904475+00:00
G7N5B0zbHOA,https://www.youtube.com/watch?v=G7N5B0zbHOA,喬克叔叔,周杰倫 Jay Chou,UC8CU5nVhCQIdAGrFFp4loOQ,257,,,,495589,周杰伦 JVR Music,2026-07-31T14:06:15.904475+00:00
Fzj_c0kn-8U,https://www.youtube.com/watch?v=Fzj_c0kn-8U,喬安好與陸瑾年假結婚，片場裡針鋒相對、私下卻同住一屋。他誤會她另有所圖，她以為他心有所屬。直到爆破戲裡他撲過來護住她：「別怕，我在。」她哭着捶他，而他只是溫柔吻住她：「我從未想過離開你！」,甜椰子剧场,UCrdAA-FvAztHQzsfL22hPbA,15609,,,,86725,周杰伦 lyric video | 周杰伦 现场 Live,2026-07-31T14:06:15.904475+00:00
f7Vhy3uXXGY,https://www.youtube.com/watch?v=f7Vhy3uXXGY,嗯，我唱的挺开心🥳没关系，你唱不动话筒给我跳不动，刘耕宏女孩一起来#周杰伦 #周杰伦演唱会 #周杰伦嘉年华世界巡回演唱会,美纱misia,UC4A2Ymngs8VzgUcJbpy1gKQ,470,,,,133,周杰伦 演唱会,2026-07-31T14:06:15.904475+00:00
OZ2oCnFRMoI,https://www.youtube.com/watch?v=OZ2oCnFRMoI,四面楚歌 周杰伦 (歌词版),GM Lyric,UC8wXsgv4k9fGAo8LwE-KwPQ,248,,,,394536,周杰伦 官方 MV | 周杰伦 歌词版,2026-07-31T14:06:15.904475+00:00
B2kgmkQapKw,https://www.youtube.com/watch?v=B2kgmkQapKw,回到过去 周杰伦 (歌词版),GM Lyric,UC8wXsgv4k9fGAo8LwE-KwPQ,232,,,,2062154,周杰伦 官方 MV | 周杰伦 歌曲 | 周杰伦 歌词版,2026-07-31T14:06:15.904475+00:00
IYB7jCAMKAY,https://www.youtube.com/watch?v=IYB7jCAMKAY,回到黃金的華語年代！代表台灣的滾石音樂，究竟如何誕生？經典歌曲背後原來有這些故事...只有他們才做得到的超級企劃，你有聽過嗎？｜滾石撞樂隊｜OMIO_BEN,OMIO BEN,UChNqKKo9tAbj3v2hCkcPFOQ,774,,,,50137,周杰伦 Sony Music Taiwan,2026-07-31T14:06:15.904475+00:00
pB6gYQIi3i0,https://www.youtube.com/watch?v=pB6gYQIi3i0,回家吧 回到最初的美好！《稻香》周杰伦#小橘编舞#,张小橘子Juana,UCfzsdFn7HhEQvYpjQUZmhyw,86,,,,4452,周杰伦 完整版,2026-07-31T14:06:15.904475+00:00
mbsaNC21kIA,https://www.youtube.com/watch?v=mbsaNC21kIA,园游会   周杰伦   歌词动态版   高音质,Rich Lyrics,UCfIXUQd-VrPkrXSS1YS_Nsw,251,,,,3847,周杰伦 高音质,2026-07-31T14:06:15.904475+00:00
V0NK8fRwp5E,https://www.youtube.com/watch?v=V0NK8fRwp5E,园游会 周杰伦 (歌词版),GM Lyric,UC8wXsgv4k9fGAo8LwE-KwPQ,254,,,,2425853,周杰伦 官方 MV | 周杰伦 歌词版,2026-07-31T14:06:15.904475+00:00
NtCBN_SkDAU,https://www.youtube.com/watch?v=NtCBN_SkDAU,国外专业音乐人如何评价王菲？,不是柯桑德,UCZCSzUZfkp2q1K_R2129IzQ,848,,,,381119,周杰伦 歌曲,2026-07-31T14:06:15.904475+00:00
JWcq0Obo6rk,https://www.youtube.com/watch?v=JWcq0Obo6rk,國外聲樂老師對比 林俊傑 周杰倫 蕭敬騰 林憶蓮 卓猷燕《不能說的秘密》Vocal Coach Comparison Reaction #jaychou #jjlin #sandylam,CZ Media,UCllaKzKXW3hUrXr6UemE1eg,2311,,,,134215,周杰伦 现场 Live,2026-07-31T14:06:15.904475+00:00
aTqIgVlR6Uc,https://www.youtube.com/watch?v=aTqIgVlR6Uc,國外聲樂老師點評 林俊傑《我們的愛》Vocal Coach Reaction to「Our Love」covered by JJ Lin《夢想的聲音》高燃舞台,CZ Media,UCllaKzKXW3hUrXr6UemE1eg,580,,,,304031,周杰伦 杰威尔音乐,2026-07-31T14:06:15.904475+00:00
WaKrFs63eYY,https://www.youtube.com/watch?v=WaKrFs63eYY,在百万级录音棚听周杰伦The One现场《暗号》【Hi Res】 高清 1080P,Jay的音乐故事,UCjA26WQfpGg8GD48DWFdeSw,290,,,,2383,周杰伦 1080P MV | 周杰伦 演唱会,2026-07-31T14:06:15.904475+00:00
4CgVOVL5JdQ,https://www.youtube.com/watch?v=4CgVOVL5JdQ,在百万级录音棚听周杰伦無与倫比《你听得到》【Hi Res】 高清 1080P,Jay的音乐故事,UCjA26WQfpGg8GD48DWFdeSw,233,,,,52,周杰伦 1080P MV,2026-07-31T14:06:15.904475+00:00
ikoMMfttiK8,https://www.youtube.com/watch?v=ikoMMfttiK8,在百万级豪华录音棚试听周杰伦《七里香》 高清 1080P,Jay的音乐故事,UCjA26WQfpGg8GD48DWFdeSw,300,,,,471,周杰伦 1080P MV,2026-07-31T14:06:15.904475+00:00
3jQAu1XsIOI,https://www.youtube.com/watch?v=3jQAu1XsIOI,在百万级豪华录音棚试听周杰伦《夜曲》 高清 1080P,Jay的音乐故事,UCjA26WQfpGg8GD48DWFdeSw,233,,,,306,周杰伦 1080P MV,2026-07-31T14:06:15.904475+00:00
mP-2eKsgB64,https://www.youtube.com/watch?v=mP-2eKsgB64,在百万级豪华录音棚试听周杰伦《将军》高清 1080P,Jay的音乐故事,UCjA26WQfpGg8GD48DWFdeSw,204,,,,671,周杰伦 1080P MV,2026-07-31T14:06:15.904475+00:00
s48cyFhE-9k,https://www.youtube.com/watch?v=s48cyFhE-9k,在街頭傳唱 #周杰倫《藉口》街頭現場唱得心癢癢，聽得也心癢癢！,黎冠佑,UCaY2GDC6SF5t5TzVZGZ1pgA,122,,,,1028,周杰伦 现场 Live,2026-07-31T14:06:15.904475+00:00
uefkkpVngzY,https://www.youtube.com/watch?v=uefkkpVngzY,在这十年里 周杰伦 只在现场唱过两次这首歌 你们都听过吗？周杰伦 你好吗 live 2012 佛山,music live video,UCPFz0Ln8lQEs0ge1zkA8E8w,187,,,,8494,周杰伦 现场 Live,2026-07-31T14:06:15.904475+00:00
lerFUhAGKZM,https://www.youtube.com/watch?v=lerFUhAGKZM,在音乐平台搜索周杰伦出来的前50名，你可以挑战通关吗？ #周杰伦 #歌曲盘点 #经典歌曲 #soulmate,天天萌宠,UCjI4HDwIXg6j10sGiAQs0fg,880,,,,2,周杰伦 杰威尔音乐,2026-07-31T14:06:15.904475+00:00
fKrMlD-FjfU,https://www.youtube.com/watch?v=fKrMlD-FjfU,地表最强周杰伦世界巡回演唱会马来西亚站  (晴天＋给我一首歌的时间＋白色风车＋开不了口＋美人鱼的眼泪＋稻香＋大笨钟＋告白气球＋青花瓷＋七里香＋屋顶）,Yoyo,UC5TydyC2EkockdCYufCS3OA,382,,,,1967,周杰伦 演唱会,2026-07-31T14:06:15.904475+00:00
kJ61-GWnIf4,https://www.youtube.com/watch?v=kJ61-GWnIf4,場內兩萬人，場外八萬人｜周杰倫香港演唱會首場最後一曲｜七里香｜中環海濱人潮實錄，多少人的青春吶,Fengkai,UCNRBNqqr7s5nFyuq6TPgJuw,300,,,,189668,周杰伦 演唱会,2026-07-31T14:06:15.904475+00:00
HZ04O_yH4gQ,https://www.youtube.com/watch?v=HZ04O_yH4gQ,外婆 周杰伦 (歌词版),GM Lyric,UC8wXsgv4k9fGAo8LwE-KwPQ,243,,,,536547,周杰伦 官方 MV | 周杰伦 歌词版,2026-07-31T14:06:15.904475+00:00
OyDYW8mZXXg,https://www.youtube.com/watch?v=OyDYW8mZXXg,夜曲 周杰伦 (歌词版),GM Lyric,UC8wXsgv4k9fGAo8LwE-KwPQ,227,,,,2779677,周杰伦 官方 MV | 周杰伦 歌词版,2026-07-31T14:06:15.904475+00:00
4QK5CyLJSEI,https://www.youtube.com/watch?v=4QK5CyLJSEI,夜曲-周杰伦- 『超高无损音质』【动态歌词Lyrics】,1k音乐流行歌曲 music,UCYmgdGvzSCycXOX-bUU0-kA,227,,,,2511,周杰伦 高音质,2026-07-31T14:06:15.904475+00:00
b0XT-VBGHR8,https://www.youtube.com/watch?v=b0XT-VBGHR8,夜曲-周杰倫 | 動態歌詞 | 無損音質,Simple Lyric,UC3qtBoN5eF5u4pitVNWV_tw,227,,,,635,周杰伦 高音质,2026-07-31T14:06:15.904475+00:00
vWcbCFKcUhs,https://www.youtube.com/watch?v=vWcbCFKcUhs,夜的第七章 周杰伦 (歌词版),GM Lyric,UC8wXsgv4k9fGAo8LwE-KwPQ,229,,,,1271829,周杰伦 官方 MV,2026-07-31T14:06:15.904475+00:00
Zl4vtzEDFGU,https://www.youtube.com/watch?v=Zl4vtzEDFGU,大笨钟 周杰伦 (歌词版),GM Lyric,UC8wXsgv4k9fGAo8LwE-KwPQ,243,,,,362535,周杰伦 Official Music Video | 周杰伦 官方 MV | 周杰伦 歌词版,2026-07-31T14:06:15.904475+00:00
ZegmWNic2aA,https://www.youtube.com/watch?v=ZegmWNic2aA,天涯过客 周杰伦 (歌词版),GM Lyric,UC8wXsgv4k9fGAo8LwE-KwPQ,254,,,,160938,周杰伦 歌词版,2026-07-31T14:06:15.904475+00:00
vAuqnCTYreE,https://www.youtube.com/watch?v=vAuqnCTYreE,太好哭！时隔3年再看周杰伦演唱会……,鸽纸夫妇,UCo6btprIzETPkyolvgw15Sg,465,,,,23520,周杰伦 演唱会,2026-07-31T14:06:15.904475+00:00
mMU-83W0xPg,https://www.youtube.com/watch?v=mMU-83W0xPg,太阳之子！周杰伦2026杭州演唱会第一场完整版,video qiaqiaqia,UCAefyEqKHF3s9ifjKE3IzKw,256,,,,4277,周杰伦 完整版 | 周杰伦 演唱会,2026-07-31T14:06:15.904475+00:00
0uQTDOkxOZo,https://www.youtube.com/watch?v=0uQTDOkxOZo,太陽之子-周杰倫 歌詞字幕版,MuSiC CC,UClubo5-ur2kvH2fanAbkvig,298,,,,28057,周杰伦 官方 MV | 周杰伦 歌词版,2026-07-31T14:06:15.904475+00:00
KrixgdDvGRo,https://www.youtube.com/watch?v=KrixgdDvGRo,奥运100天 周杰伦现场演唱《千山万水》,Joe Hu,UCN9jNhNibGzfq-av89EbUWw,227,,,,108236,周杰伦 现场 Live,2026-07-31T14:06:15.904475+00:00
NFGcPffu5Bk,https://www.youtube.com/watch?v=NFGcPffu5Bk,女儿殿下 杭州版 #周杰伦 #周杰伦嘉年华演唱会,XIAOLIN GONG,UCVJgc2KFUTE9uYe9AnWleuQ,196,,,,59,周杰伦 演唱会,2026-07-31T14:06:15.904475+00:00
mLinzvnpm24,https://www.youtube.com/watch?v=mLinzvnpm24,女歌迷把旁邊的男友淘汰了，選了淘汰這首歌！【周杰倫2018地表最強2演唱會 香港站】,Music Circle,UCzQIOJYQj18Nim9uBvKl5Rg,187,,,,962380,周杰伦 演唱会,2026-07-31T14:06:15.904475+00:00
E6bRqDlGD1U,https://www.youtube.com/watch?v=E6bRqDlGD1U,女歌迷点歌《说了再见》，话密得前奏全填满，合唱时让周杰伦笑场😂 #周杰伦演唱会,知情识趣 Fun Facts ,UCO6XGSWCJDsHan5HjVwGfrg,149,,,,1464,周杰伦 演唱会,2026-07-31T14:06:15.904475+00:00
n193O4IUXKs,https://www.youtube.com/watch?v=n193O4IUXKs,她的睫毛 周杰伦 (歌词版),GM Lyric,UC8wXsgv4k9fGAo8LwE-KwPQ,233,,,,476873,周杰伦 官方 MV | 周杰伦 歌词版,2026-07-31T14:06:15.904475+00:00
3UPSMCZmOTg,https://www.youtube.com/watch?v=3UPSMCZmOTg,如何在一分钟内学会周杰伦歌曲，晴天《前奏》？,Amos Wong,UC_xOuiIWol1vKL_OR49WQig,69,,,,326,周杰伦 歌曲,2026-07-31T14:06:15.904475+00:00
OJU7SoDTnsY,https://www.youtube.com/watch?v=OJU7SoDTnsY,妳听得到 周杰伦 (歌词版),GM Lyric,UC8wXsgv4k9fGAo8LwE-KwPQ,231,,,,1943179,周杰伦 Official Music Video | 周杰伦 官方 MV | 周杰伦 杰威尔音乐 | 周杰伦 歌曲 | 周杰伦 歌词版 | 周杰伦 高音质,2026-07-31T14:06:15.904475+00:00
g6aqn84d6Io,https://www.youtube.com/watch?v=g6aqn84d6Io,妳聽得到,周杰倫 Jay Chou,UC8CU5nVhCQIdAGrFFp4loOQ,230,,,,1512803,周杰伦 演唱会,2026-07-31T14:06:15.904475+00:00
4qQqMJ67FRk,https://www.youtube.com/watch?v=4qQqMJ67FRk,姐姐团体验娘惹换装，张天爱身着特色衣裙即兴起舞，氛围感直接拉满#是好朋友的周末 #张天爱 #于文文 #张俪,精彩好时光,UCXuP8waMZZ97ZAEv65yKk4g,3922,,,,7,周杰伦 官方 MV | 周杰伦 歌曲 | 周杰伦 演唱会,2026-07-31T14:06:15.904475+00:00
Lmgu9mqiNYg,https://www.youtube.com/watch?v=Lmgu9mqiNYg,威廉古堡 周杰伦 (歌词版),GM Lyric,UC8wXsgv4k9fGAo8LwE-KwPQ,237,,,,280060,周杰伦 官方 MV | 周杰伦 歌词版,2026-07-31T14:06:15.904475+00:00
1TCgqhpGSEg,https://www.youtube.com/watch?v=1TCgqhpGSEg,孙盛希 Shi Shi【是他不配 He Isn't Worth It】三立华剧「浮士德的微笑」片头曲 Official Music Video,滾石唱片 ROCK RECORDS,UCPcF3KTqhD67ADkukx_OeDg,249,,,,23894794,周杰伦 Sony Music Taiwan,2026-07-31T14:06:15.904475+00:00
hWTXhIztHCQ,https://www.youtube.com/watch?v=hWTXhIztHCQ,孤女被狠心伯母赶出家门，只因救下一只流浪土狗命运彻底逆转！它竟然找到祖传金条，全家从穷困潦倒一路富到全村眼红！#短劇 #男頻 #逆襲  #打臉 #全集短劇 #復仇 #反轉,爽剧迷-CoolDrama,UCSjCuY1_oF_EeNSqJBzCTEQ,3292,,,,19852,周杰伦 完整版,2026-07-31T14:06:15.904475+00:00
vDfybN1kfP0,https://www.youtube.com/watch?v=vDfybN1kfP0,孫燕姿 Sun Yan-Zi - 天黑黑 Cloudy Day 4K MV (Official 4K UltraHD Video),Timeless Music,UCJCg4enuciH7IlFIBaJ_NEQ,240,,,,1892332,周杰伦 4K MV,2026-07-31T14:06:15.904475+00:00
kzZ7Jc8C4wA,https://www.youtube.com/watch?v=kzZ7Jc8C4wA,孫燕姿 Sun Yanzi TOP25 Video 必聽經典25首 [情歌療癒系MV] 串燒 無間斷 完整聆聽 KTV必唱 經典K歌 回憶殺 我懷念的 無敵孫式情歌 我不難過 開始懂了 遇見 天黑黑,Timeless Music,UCJCg4enuciH7IlFIBaJ_NEQ,6557,,,,1639259,周杰伦 4K MV,2026-07-31T14:06:15.904475+00:00
GSx8Olkop50,https://www.youtube.com/watch?v=GSx8Olkop50,孫燕姿 Yanzi Sun - 我懷念的 What I Miss 4K MV (Official 4K UltraHD Video,Timeless Music,UCJCg4enuciH7IlFIBaJ_NEQ,295,,,,1354041,周杰伦 4K MV,2026-07-31T14:06:15.904475+00:00
LEtZWrSj-ZI,https://www.youtube.com/watch?v=LEtZWrSj-ZI,孫燕姿、周杰倫、蔡依林、五月天⋯樂壇「神仙打架」的西元2000年,小牛講正經,UCd80WC6xVkClEFayCqRIRYg,1121,,,,141097,周杰伦 Sony Music Taiwan,2026-07-31T14:06:15.904475+00:00
Zl2cb_359TY,https://www.youtube.com/watch?v=Zl2cb_359TY,宇西 - 斷了的弦 (Cover:周杰倫)【動態歌詞/Lyrics Video】,WCY Music Studio,UCpJSxn5cpzs4_0CMisQ-xKw,300,,,,262619,周杰伦 lyric video,2026-07-31T14:06:15.904475+00:00
9s9Vpb4dLsQ,https://www.youtube.com/watch?v=9s9Vpb4dLsQ,安又琪 Angela An - 你好周杰倫 (高音質 High Quality),CJM Chin,UCFQvzVNNoOJPC5-DieomZJA,221,,,,2099,周杰伦 高音质,2026-07-31T14:06:15.904475+00:00
HGD4Sn7HN-4,https://www.youtube.com/watch?v=HGD4Sn7HN-4,安田瑞 (Rei Yasuda) / Brand New Day (中文字幕短版),台灣索尼音樂 Sony Music Taiwan,UCFtUq0ml-coWmD70Pt_urRA,85,,,,240045,周杰伦 Sony Music Taiwan,2026-07-31T14:06:15.904475+00:00
nR1vIFW3kps,https://www.youtube.com/watch?v=nR1vIFW3kps,安静 - An Jing [Silence] - Jay Chou - Lyrics Pin Yin + English Sub,DeSoulMusic,UC_bSRsz4joc2XN4DD5BD3tQ,330,,,,948330,周杰伦 lyric video | 周杰伦 歌词版,2026-07-31T14:06:15.904475+00:00
8QbKekf1i5c,https://www.youtube.com/watch?v=8QbKekf1i5c,安静 周杰伦 (歌词版),GM Lyric,UC8wXsgv4k9fGAo8LwE-KwPQ,335,,,,2984078,周杰伦 官方 MV | 周杰伦 杰威尔音乐 | 周杰伦 歌曲 | 周杰伦 歌词版,2026-07-31T14:06:15.904475+00:00
cmk1MuuSMFA,https://www.youtube.com/watch?v=cmk1MuuSMFA,安静-周杰伦｜Silence - Jay Chou (Audio) LIVE VERSION,Anna,UCREIvX0Vn2gzCFlAibEpt7A,292,,,,203,周杰伦 现场 Live,2026-07-31T14:06:15.904475+00:00
Akk1AqPIINc,https://www.youtube.com/watch?v=Akk1AqPIINc,安靜 (R&B Ver.)｜Haohao Cover｜原唱 周杰倫｜『你說你也會難過我不相信牽著你陪著我 也只是曾經』,Haohao Music,UCS1rY6GQrAyZU2jkVgZyrMA,296,,,,1155363,周杰伦 歌曲 | 周杰伦 歌词版,2026-07-31T14:06:15.904475+00:00
NS4QUWgXVSA,https://www.youtube.com/watch?v=NS4QUWgXVSA,安靜 - 周杰倫,于婷 - Topic,UCzoEL9OTYCtzlejOsuZitqQ,273,,,,18936,周杰伦 专辑,2026-07-31T14:06:15.904475+00:00
Ymdl67tFAxM,https://www.youtube.com/watch?v=Ymdl67tFAxM,完整版 侯佩岑在播報新聞時自爆與周杰倫的戀情 但周董並沒有大方承認 只有默認 #綠茶學#,娛樂公道伯 頻道沒盈利 做爽的,UCg9eOR13mNjySxeVnh7KDEw,198,,,,5589,周杰伦 完整版,2026-07-31T14:06:15.904475+00:00
n1DVY3VmXso,https://www.youtube.com/watch?v=n1DVY3VmXso,家裡不能看到喇叭怎麼辦？DALI嵌入式全景聲是妥協還是升級？,陳寗 NingSelect,UCwxkPMOdYr6MxKjyUPWCOuQ,628,,,,2156,周杰伦 完整版,2026-07-31T14:06:15.904475+00:00
uKTfTA6P0tk,https://www.youtube.com/watch?v=uKTfTA6P0tk,寵妻男神瘦子台北辦婚禮！邱澤、林志穎、王陽明 男神成「人形立牌」｜TVBS新聞 @TVBSNEWS01,TVBS NEWS,UC5nwNW4KdC0SzrhF9BXEYOQ,93,,,,47627,周杰伦 现场 Live,2026-07-31T14:06:15.904475+00:00
mv7z9kWjH8w,https://www.youtube.com/watch?v=mv7z9kWjH8w,对不起 周杰伦 (歌词版),GM Lyric,UC8wXsgv4k9fGAo8LwE-KwPQ,226,,,,153423,周杰伦 官方 MV | 周杰伦 歌词版,2026-07-31T14:06:15.904475+00:00
iKsJMImbUBA,https://www.youtube.com/watch?v=iKsJMImbUBA,将军 周杰伦 (歌词版),GM Lyric,UC8wXsgv4k9fGAo8LwE-KwPQ,203,,,,149670,周杰伦 歌词版,2026-07-31T14:06:15.904475+00:00
RAGu9DaSCxc,https://www.youtube.com/watch?v=RAGu9DaSCxc,將軍,周杰倫 Jay Chou,UC8CU5nVhCQIdAGrFFp4loOQ,203,,,,1186415,周杰伦 JVR Music,2026-07-31T14:06:15.904475+00:00
E3i72mHlhOM,https://www.youtube.com/watch?v=E3i72mHlhOM,對不起,周杰倫 Jay Chou,UC8CU5nVhCQIdAGrFFp4loOQ,226,,,,1558310,周杰伦 JVR Music,2026-07-31T14:06:15.904475+00:00
tTSmpab4sWY,https://www.youtube.com/watch?v=tTSmpab4sWY,對不起 周杰伦 Jay Chou lyrics 范特西 Fanctasy 歌词版,yqsh lyrics,UCXiYupesILjESLMGfQj_Dow,226,,,,4,周杰伦 歌词版,2026-07-31T14:06:15.904475+00:00
nToj3e2uRPE,https://www.youtube.com/watch?v=nToj3e2uRPE,小哥費玉清 2010 全新歌曲【天之大】完整版MV,台灣索尼音樂 Sony Music Taiwan,UCFtUq0ml-coWmD70Pt_urRA,293,,,,100725,周杰伦 Sony Music Taiwan,2026-07-31T14:06:15.904475+00:00
-2zEjVJo9RE,https://www.youtube.com/watch?v=-2zEjVJo9RE,小哥費玉清 2010【月下待杜鵑不來】MV (費玉清的中國風R&B),台灣索尼音樂 Sony Music Taiwan,UCFtUq0ml-coWmD70Pt_urRA,217,,,,88790,周杰伦 Sony Music Taiwan,2026-07-31T14:06:15.904475+00:00
VKQatUvJ75M,https://www.youtube.com/watch?v=VKQatUvJ75M,小哥費玉清【傳奇三部曲】(收錄於2011年「唱一遍一遍」專輯),台灣索尼音樂 Sony Music Taiwan,UCFtUq0ml-coWmD70Pt_urRA,121,,,,157593,周杰伦 Sony Music Taiwan,2026-07-31T14:06:15.904475+00:00
5Q9EWvyjqKk,https://www.youtube.com/watch?v=5Q9EWvyjqKk,小哥費玉清【愛是一個圓】2010全新專輯推薦歌曲,台灣索尼音樂 Sony Music Taiwan,UCFtUq0ml-coWmD70Pt_urRA,240,,,,18891,周杰伦 Sony Music Taiwan,2026-07-31T14:06:15.904475+00:00
of3X_vXcOnU,https://www.youtube.com/watch?v=of3X_vXcOnU,小宇 宋念宇 Xiao Yu《記得忘了我 Don't Forget to Forget Me》Official Music Video,小宇 宋念宇 Xiao Yu,UC8C3GSHSFQltb9RjbCGgmPA,312,,,,1192135,周杰伦 Sony Music Taiwan,2026-07-31T14:06:15.904475+00:00
7ZH8e9-4ldQ,https://www.youtube.com/watch?v=7ZH8e9-4ldQ,小燕子在漱芳斋玩烟花，碰巧老佛爷驾临，这下闯祸了,玲若安好便是晴天,UChmStMq0UuAqQxj4_rBvikw,279,,,,167,周杰伦 Official Music Video | 周杰伦 演唱会,2026-07-31T14:06:15.904475+00:00
RqkvucsMbGg,https://www.youtube.com/watch?v=RqkvucsMbGg,小马祝全天下的妈妈母亲节快乐【听妈妈的话】《翻唱 曼波 哈基米》（原唱 周杰伦 Jay Chou）「杰威尔」「阿尔发」（编曲 林迈可 洪敬尧）杰迷【依然范特西】《混音 傅JL五八零七一八》JY 601,鑫森淼焱磊,UCedzQf6vsf5PnbXfgq_VH-w,225,,,,0,周杰伦 杰威尔音乐,2026-07-31T14:06:15.904475+00:00
ai3qskj_f2I,https://www.youtube.com/watch?v=ai3qskj_f2I,巅峰时期的周杰伦有多恐怖！演唱会再万人大合唱现场，阵容太强了,桃小之音乐Show,UCziwFTBs7xS17pG9XfTCs5Q,302,,,,1019,周杰伦 演唱会,2026-07-31T14:06:15.904475+00:00
KnYYJXHO6i4,https://www.youtube.com/watch?v=KnYYJXHO6i4,巨星偷看周杰伦演唱会被抓包，周董现场切歌，歌神笑得合不拢嘴,【小6音乐站】官方账号,UC6_DNOxNvatJ_bfxYs46jxA,261,,,,928,周杰伦 演唱会,2026-07-31T14:06:15.904475+00:00
MmGEIx8G1TU,https://www.youtube.com/watch?v=MmGEIx8G1TU,希侃敖犬宝弟花式秀才艺！炸场不断，留去对决悬念拉满！,WOW综艺Time,UCsn5BkGOcBuCz2fHTs2q8GQ,4269,,,,14,周杰伦 专辑,2026-07-31T14:06:15.904475+00:00
6qJHxiaPn5w,https://www.youtube.com/watch?v=6qJHxiaPn5w,帥炸！【我是如此相信】live 2025周杰倫嘉年華演唱會香港站 【I Truly Believe】live 2025 Jay Chou concert,周杰倫影片製作,UC1r7UwMZ6aOclorbKzY4hOw,199,,,,3476,周杰伦 现场 Live,2026-07-31T14:06:15.904475+00:00
ndG-hS2pZXU,https://www.youtube.com/watch?v=ndG-hS2pZXU,带你吃喝悉尼｜周杰伦演唱会唱太多歌搞得被赶?! [VLOG],Simon Wai,UC0XznXran51v1TX4UAshxoQ,620,,,,522,周杰伦 演唱会,2026-07-31T14:06:15.904475+00:00
UBmCn7TDEME,https://www.youtube.com/watch?v=UBmCn7TDEME,席格拉與帕洛瑪費絲 Sigala & Paloma Faith / 搖籃曲 Lullaby,台灣索尼音樂 Sony Music Taiwan,UCFtUq0ml-coWmD70Pt_urRA,209,,,,21357,周杰伦 Sony Music Taiwan,2026-07-31T14:06:15.904475+00:00
NsxHOFqZsiI,https://www.youtube.com/watch?v=NsxHOFqZsiI,康洪 - 说好不哭（cover周杰伦）「高音质 动态歌词」♪  新编曲翻唱 好听到哭,万汇娱乐,UC03lW_CtloJvjdnOHJFfEQA,200,,,,57,周杰伦 高音质,2026-07-31T14:06:15.904475+00:00
xAh377i2Rmg,https://www.youtube.com/watch?v=xAh377i2Rmg,庾澄慶 Harlem Yu - 春泥,HarlemYuVEVO,UCa1Lh_8v8Vieyu_4MlIaNew,253,,,,21806807,周杰伦 Sony Music Taiwan,2026-07-31T14:06:15.904475+00:00
0rpbhqZI0hc,https://www.youtube.com/watch?v=0rpbhqZI0hc,庾澄慶 Harlem Yu / 情非得已【歌詞】,HISMUSICS,UCNjmu0sCgPqyK8GnsFfPKFw,274,,,,22023476,周杰伦 Sony Music Taiwan,2026-07-31T14:06:15.904475+00:00
z-ApWI31EuM,https://www.youtube.com/watch?v=z-ApWI31EuM,开不了口 周杰伦 (歌词版),GM Lyric,UC8wXsgv4k9fGAo8LwE-KwPQ,285,,,,1834892,周杰伦 Official Music Video | 周杰伦 官方 MV | 周杰伦 杰威尔音乐 | 周杰伦 歌词版,2026-07-31T14:06:15.904475+00:00
hC1fn2OTtr4,https://www.youtube.com/watch?v=hC1fn2OTtr4,引自杰威爾音樂網站周杰倫先生造訪秀巒國小：2014 06周杰倫說到做到 百忙中探望偏遠學校,秀巒國小影音頻道,UCAfRlO9yGMQUjDGDOwWFMvw,290,,,,632,周杰伦 杰威尔音乐,2026-07-31T14:06:15.904475+00:00
1V-qtTVNZ8o,https://www.youtube.com/watch?v=1V-qtTVNZ8o,张大大狼人全力伪装，刚开口就被 Angelababy 锁定身份#是好朋友的周末 #anglebaby #金靖 #欧阳娜娜 #张大大,精彩好时光,UCXuP8waMZZ97ZAEv65yKk4g,2832,,,,18,周杰伦 1080P MV,2026-07-31T14:06:15.904475+00:00
15nQLtswE7k,https://www.youtube.com/watch?v=15nQLtswE7k,张学友偷看周杰伦演唱会被抓包！杰伦现编现唱，歌神听得大笑,中国好声音 youtube官方频道,UCKKRH5nLYO8bH3nvzni3-2Q,179,,,,14000,周杰伦 演唱会,2026-07-31T14:06:15.904475+00:00
_bQRGRcwm_Q,https://www.youtube.com/watch?v=_bQRGRcwm_Q,张雨生、周杰伦、蔡依林歌唱比赛，现场太惊艳了：这才是真正的选秀！,熊猫电台,UCdhego82difFO8MGa_zoTnQ,1030,,,,4673179,周杰伦 现场 Live,2026-07-31T14:06:15.904475+00:00
FroBImPdRmI,https://www.youtube.com/watch?v=FroBImPdRmI,張學友&張家輝看周杰倫演唱會 周杰倫巧妙改編歌曲(魔天倫2世界巡迴演唱會),Jay Chou IFC【後備頻道】,UC0WTRWUUdAS7u7Mfleq05sQ,504,,,,2950506,周杰伦 JVR Music | 周杰伦 演唱会,2026-07-31T14:06:15.904475+00:00
jUMdoUV7VL4,https://www.youtube.com/watch?v=jUMdoUV7VL4,張惠妹 A-Mei - 解脫 官方MV (Official Music Video),豐華唱片ForwardMusic,UCWuxankMMiLybinHy9JgP8w,282,,,,6179519,周杰伦 4K MV,2026-07-31T14:06:15.904475+00:00
tFtdynBwUhw,https://www.youtube.com/watch?v=tFtdynBwUhw,張惠妹 A-mei | 必聽經典 20首 MV 無間斷 TOP20 4k Video#金曲串燒 完整聆聽 #如果你也聽說  #我要快樂 #人質 #記得 #真實,Timeless Music,UCJCg4enuciH7IlFIBaJ_NEQ,5133,,,,1325758,周杰伦 4K MV,2026-07-31T14:06:15.904475+00:00
tXidN6DGy2A,https://www.youtube.com/watch?v=tXidN6DGy2A,張惠妹&周杰倫 - 不該(歌詞版),华语歌曲频道,UC_yRVhyrSN3UQYhgKwPTiKQ,291,,,,87671,周杰伦 歌词版,2026-07-31T14:06:15.904475+00:00
pGEckbf3ujs,https://www.youtube.com/watch?v=pGEckbf3ujs,張惠妹&周杰倫 - 不該【2017-10-1 周杰倫地表最強世界巡迴演唱會】,Archer (Akikirara),UCPKQG-TiepujNDdnX0Xb-aQ,288,,,,4017,周杰伦 演唱会 | 周杰伦 现场 Live,2026-07-31T14:06:15.904475+00:00
njDNkNUjZuo,https://www.youtube.com/watch?v=njDNkNUjZuo,張惠妹X周杰倫Jay Chou ［連名帶姓］台北嘉年華世界巡迴演唱會2024/12/8 Day4 最終場！！！！,Jack Huang,UCtKmaOPtobDZ9lXbq4i7CYQ,80,,,,2980,周杰伦 演唱会,2026-07-31T14:06:15.904475+00:00
eKWCkDvn5po,https://www.youtube.com/watch?v=eKWCkDvn5po,張惠妹清唱超級穩 周杰倫嚇到沒戴耳機？@ebcstars,東森娛樂,UCmyVDKnXwdw3McUlcijqmvQ,583,,,,992966,周杰伦 杰威尔音乐 | 周杰伦 演唱会 | 周杰伦 现场 Live,2026-07-31T14:06:15.904475+00:00
L7QkMMi8apk,https://www.youtube.com/watch?v=L7QkMMi8apk,張立昂Marcus C《輸給你 Lose to You》Official Music Video - 三立/台視偶像劇「浪漫輸給你」片尾曲,張立昂 Marcus C,UCVe_k-wY7f8nxaGgnium--w,243,,,,1212609,周杰伦 Sony Music Taiwan,2026-07-31T14:06:15.904475+00:00
DeJDWU6hYkU,https://www.youtube.com/watch?v=DeJDWU6hYkU,張芸京 Jing Chang -《偏愛》Official Lyric Video,Timeless Music,UCJCg4enuciH7IlFIBaJ_NEQ,220,,,,13479103,周杰伦 lyric video,2026-07-31T14:06:15.904475+00:00
1AL5TH1Xv6s,https://www.youtube.com/watch?v=1AL5TH1Xv6s,当周深演唱周杰伦的歌曲，完美结合让路人都惊叹这才是最完整的周氏唱功，天籁和才子的相遇造就了多少神级现场呢 #周深 #周杰伦 #流行歌曲 #深深爱你,막장드라마(쇼츠전문),UC7uSbPo_ah0pFdsgxfKZmEw,289,,,,33440,周杰伦 歌曲,2026-07-31T14:06:15.904475+00:00
uxBvUMhdHGE,https://www.youtube.com/watch?v=uxBvUMhdHGE,当我把周杰伦40首歌曲融合成一首歌，前方究极缝合高能！,中影娱乐,UC-G5v4iyMWH4Ehuikk8-Fvw,224,,,,36,周杰伦 杰威尔音乐,2026-07-31T14:06:15.904475+00:00
r8Ba2ni71UE,https://www.youtube.com/watch?v=r8Ba2ni71UE,彩虹 周杰伦 (歌词版),GM Lyric,UC8wXsgv4k9fGAo8LwE-KwPQ,262,,,,1084732,周杰伦 Official Music Video | 周杰伦 官方 MV | 周杰伦 杰威尔音乐 | 周杰伦 歌曲 | 周杰伦 歌词版,2026-07-31T14:06:15.904475+00:00
I7F6lq2jMfg,https://www.youtube.com/watch?v=I7F6lq2jMfg,彩虹-周杰伦 也许时间是一种解药 也是我现在正服下的毒药,倾听见音乐,UCEK8cmdAisIDt94TXfDrknQ,263,,,,893,周杰伦 1080P MV,2026-07-31T14:06:15.904475+00:00
pwuIk9-hTxA,https://www.youtube.com/watch?v=pwuIk9-hTxA,彭佳慧 Julia Peng feat.范瑋琪《 我們真的幸福了嗎 Can We Believe In Love 》閨蜜訪問第四彈,JET 娛樂頻,UCdna_bmSTwhaVSpaBh9sd1Q,243,,,,1571,周杰伦 Sony Music Taiwan,2026-07-31T14:06:15.904475+00:00
-baosSS1a20,https://www.youtube.com/watch?v=-baosSS1a20,彭佳慧 Julia Peng feat.范瑋琪《 我們真的幸福了嗎 Can We Believe In Love 》首支預告,JET 娛樂頻,UCdna_bmSTwhaVSpaBh9sd1Q,56,,,,7650,周杰伦 Sony Music Taiwan,2026-07-31T14:06:15.904475+00:00
rdVBSps8hTc,https://www.youtube.com/watch?v=rdVBSps8hTc,彭佳慧 Julia Peng《我先請 Me First》MV 幕後花絮,彭佳慧 Julia Peng,UCren3hMQ2jR28yg4GlyughQ,213,,,,11492,周杰伦 Sony Music Taiwan,2026-07-31T14:06:15.904475+00:00
6RFfTC23oj8,https://www.youtube.com/watch?v=6RFfTC23oj8,彭佳慧 Julia Peng《我想念我自己 When I Look Back》 Official Music Video,JET 娛樂頻,UCdna_bmSTwhaVSpaBh9sd1Q,306,,,,1097576,周杰伦 Sony Music Taiwan,2026-07-31T14:06:15.904475+00:00
grQWsPLbOtE,https://www.youtube.com/watch?v=grQWsPLbOtE,彭佳慧 Julia Peng《總是會好的》｜#陪你賴在家今天聽我唱,彭佳慧 Julia Peng,UCren3hMQ2jR28yg4GlyughQ,171,,,,2967,周杰伦 Sony Music Taiwan,2026-07-31T14:06:15.904475+00:00
UXQZtpt9eRU,https://www.youtube.com/watch?v=UXQZtpt9eRU,影中豪杰創意影片大賽 #jaychouicecream Video Contest,周杰倫 Jay Chou,UC8CU5nVhCQIdAGrFFp4loOQ,36,,,,49836,Jay Chou Official MV | 周杰伦 4K MV | 周杰伦 Official Music Video | 周杰伦 lyric video | 周杰伦 官方 MV | 周杰伦 歌曲,2026-07-31T14:06:15.904475+00:00
5tXEgPqllks,https://www.youtube.com/watch?v=5tXEgPqllks,徐若瑄 Vivian Hsu《坐在月亮上》官方中文字幕版 MV,台灣索尼音樂 Sony Music Taiwan,UCFtUq0ml-coWmD70Pt_urRA,306,,,,59059,周杰伦 Sony Music Taiwan,2026-07-31T14:06:15.904475+00:00
WvK2IimCoeA,https://www.youtube.com/watch?v=WvK2IimCoeA,徐若瑄 Vivian Hsu《姐 你睡了嗎》官方中文字幕版 MV,台灣索尼音樂 Sony Music Taiwan,UCFtUq0ml-coWmD70Pt_urRA,269,,,,145746,周杰伦 Sony Music Taiwan,2026-07-31T14:06:15.904475+00:00
w__-wiVl8X4,https://www.youtube.com/watch?v=w__-wiVl8X4,徐若瑄 Vivian Hsu《希臘咒語》官方中文字幕版 MV,台灣索尼音樂 Sony Music Taiwan,UCFtUq0ml-coWmD70Pt_urRA,270,,,,33980,周杰伦 Sony Music Taiwan,2026-07-31T14:06:15.904475+00:00
ctj_g46C_fg,https://www.youtube.com/watch?v=ctj_g46C_fg,徐若瑄 Vivian Hsu《感情核心》官方中文字幕版 MV,台灣索尼音樂 Sony Music Taiwan,UCFtUq0ml-coWmD70Pt_urRA,226,,,,31101,周杰伦 Sony Music Taiwan,2026-07-31T14:06:15.904475+00:00
ajXfx6gcdNk,https://www.youtube.com/watch?v=ajXfx6gcdNk,徐若瑄 Vivian Hsu《老夫婦》官方中文字幕版 MV,台灣索尼音樂 Sony Music Taiwan,UCFtUq0ml-coWmD70Pt_urRA,305,,,,78527,周杰伦 Sony Music Taiwan,2026-07-31T14:06:15.904475+00:00
rAQWptB6CuU,https://www.youtube.com/watch?v=rAQWptB6CuU,得了金曲奖又怎样？一路以来，片山凉太 Ryota 的音乐梦想！,A Kind Man 有种人,UCTchxwcJuwtxOE0WoujRQMQ,3694,,,,99,周杰伦 专辑 | 周杰伦 官方 MV | 周杰伦 歌曲 | 周杰伦 现场 Live,2026-07-31T14:06:15.904475+00:00
neY61_cTXTY,https://www.youtube.com/watch?v=neY61_cTXTY,心动留言惊天反转！贾静雯瞠目结舌，众人直呼全都错付了！#贾静雯 #综艺,漫综大咖秀,UC2vepyBvNNVNyxgC-y9mVpg,4915,,,,5,周杰伦 完整版 | 周杰伦 官方 MV | 周杰伦 歌词版,2026-07-31T14:06:15.904475+00:00
N0s7Q8HTFzs,https://www.youtube.com/watch?v=N0s7Q8HTFzs,心雨 周杰伦 (歌词版),GM Lyric,UC8wXsgv4k9fGAo8LwE-KwPQ,270,,,,366263,周杰伦 歌词版,2026-07-31T14:06:15.904475+00:00
ZfgZCKo1liM,https://www.youtube.com/watch?v=ZfgZCKo1liM,必听音乐Live现场！“歌神” 陈奕迅 周杰伦现场歌喉大爆发！ TFboys 王俊凯 王源 聚首再对唱！小巨肺邓紫棋 海豚音张靓颖惊艳同台“飚”高音！[浙江卫视官方HD],中国浙江卫视官方频道 Zhejiang STV Official Channel - 欢迎订阅 -,UC52EYUUSlzcYqHj-qsx0RHg,1749,,,,52596,周杰伦 现场 Live,2026-07-31T14:06:15.904475+00:00
CtQhWZ8m-ws,https://www.youtube.com/watch?v=CtQhWZ8m-ws,忍者 周杰伦 (歌词版),GM Lyric,UC8wXsgv4k9fGAo8LwE-KwPQ,159,,,,361990,周杰伦 官方 MV | 周杰伦 歌词版,2026-07-31T14:06:15.904475+00:00
nxHfkimtJYk,https://www.youtube.com/watch?v=nxHfkimtJYk,悉尼周杰伦演唱会2024-点歌部分,王浩在澳洲,UCDnNpKhcopGx4bFo1_PwkWw,2905,,,,8747,周杰伦 演唱会,2026-07-31T14:06:15.904475+00:00
LtsS028GlUk,https://www.youtube.com/watch?v=LtsS028GlUk,愛琴海-周杰倫 歌詞字幕版,MuSiC CC,UClubo5-ur2kvH2fanAbkvig,217,,,,6528,周杰伦 歌词版,2026-07-31T14:06:15.904475+00:00
IPSwenEHmRc,https://www.youtube.com/watch?v=IPSwenEHmRc,懒芽芽 ~ 祝你暴富暴瘦暴桃花『 祝你有钱有前程，祝你排位都超神，祝你身边都有爱的人 』【流行歌曲/TikTok/抖音歌曲/動態歌詞/Pinyin Lyrics】,JXS Studio,UC2_YTIxxYTZozGkg1vwSKFg,153,,,,117908,周杰伦 Sony Music Taiwan,2026-07-31T14:06:15.904475+00:00
6fUXJPNtk2c,https://www.youtube.com/watch?v=6fUXJPNtk2c,我不该动情 Wo Bu Gai Dong Qing Male | Mandarin Karaoke No Vocal,Xing Ok,UCHYLeAarWDOF_IUy_sILvAQ,209,,,,885,周杰伦 官方 MV | 周杰伦 歌曲,2026-07-31T14:06:15.904475+00:00
mJSFEziwcAA,https://www.youtube.com/watch?v=mJSFEziwcAA,我不配   周杰伦   歌词动态版 (高音质),Rich Lyrics,UCfIXUQd-VrPkrXSS1YS_Nsw,285,,,,8870,周杰伦 高音质,2026-07-31T14:06:15.904475+00:00
OmPQk7pgM1c,https://www.youtube.com/watch?v=OmPQk7pgM1c,我不配 周杰伦 (歌词版),GM Lyric,UC8wXsgv4k9fGAo8LwE-KwPQ,289,,,,4741956,Jay Chou Official MV | 周杰伦 Official Music Video | 周杰伦 完整版 | 周杰伦 官方 MV | 周杰伦 杰威尔音乐 | 周杰伦 歌曲 | 周杰伦 歌词版,2026-07-31T14:06:15.904475+00:00
fU-s-fsZH0M,https://www.youtube.com/watch?v=fU-s-fsZH0M,我不配 周杰伦 JayChou [歌词版],may w,UC3Ha2DKB06sjW0nxVrnfQoA,289,,,,1581036,周杰伦 歌词版,2026-07-31T14:06:15.904475+00:00
Xc-Xv4iiSTs,https://www.youtube.com/watch?v=Xc-Xv4iiSTs,我在元宇宙看了一场周杰伦演唱会！,星际空间马尔斯,UC2PcH77VuLj8c_GvAUAbuqQ,283,,,,1595,周杰伦 演唱会,2026-07-31T14:06:15.904475+00:00
zHPFNsNYX6E,https://www.youtube.com/watch?v=zHPFNsNYX6E,我想我是太过依赖#周杰伦演唱会#你听得到#周杰伦,好彩頭,UCTo3E6hcYi95nsmqFqw1jJA,34,,,,9,周杰伦 演唱会,2026-07-31T14:06:15.904475+00:00
W3bX8hgL_RA,https://www.youtube.com/watch?v=W3bX8hgL_RA,我是如此相信 周杰伦  (歌词版),GM Lyric,UC8wXsgv4k9fGAo8LwE-KwPQ,267,,,,3369372,周杰伦 Official Music Video | 周杰伦 完整版 | 周杰伦 官方 MV | 周杰伦 杰威尔音乐 | 周杰伦 歌曲 | 周杰伦 歌词版 | 周杰伦 高音质,2026-07-31T14:06:15.904475+00:00
wC-PGZ7Qt1o,https://www.youtube.com/watch?v=wC-PGZ7Qt1o,我的地盘 周杰伦 (歌词版),GM Lyric,UC8wXsgv4k9fGAo8LwE-KwPQ,243,,,,176057,周杰伦 官方 MV | 周杰伦 歌词版,2026-07-31T14:06:15.904475+00:00
kIz0Pzyec4E,https://www.youtube.com/watch?v=kIz0Pzyec4E,我的美国老丈人是个摇滚巨星，看看他年轻的时候，有多受欢迎？Father-in-law was a rock star.,田纳西Jay和Ari,UCopIKx5uChMfIZ8x4ZJNamw,295,,,,223188,周杰伦 Official Music Video | 周杰伦 歌曲,2026-07-31T14:06:15.904475+00:00
w_0cQhZxNaM,https://www.youtube.com/watch?v=w_0cQhZxNaM,我花了八年时间学会了周杰伦在《花海》里的“破音”唱法【附海岛唱腔教学】,阿健在写歌吗,UCYBFBFoWNbr80WvOW9bRJJA,354,,,,132025,周杰伦 现场 Live,2026-07-31T14:06:15.904475+00:00
XFLyMsEzakU,https://www.youtube.com/watch?v=XFLyMsEzakU,我落泪 情绪零碎 | 周杰伦 嘉年华 世界巡回演唱会 马来西亚站 | 2023,Anderson,UCWyRVvVbH-SDKBqh8_m1icA,234,,,,37007,周杰伦 演唱会 | 周杰伦 现场 Live,2026-07-31T14:06:15.904475+00:00
E633OGjZzN4,https://www.youtube.com/watch?v=E633OGjZzN4,我落泪 情绪零碎 周杰伦 (歌词版),GM Lyric,UC8wXsgv4k9fGAo8LwE-KwPQ,259,,,,7912175,Jay Chou Official MV | 周杰伦 Official Music Video | 周杰伦 完整版 | 周杰伦 官方 MV | 周杰伦 杰威尔音乐 | 周杰伦 歌曲 | 周杰伦 歌词版 | 周杰伦 高音质,2026-07-31T14:06:15.904475+00:00
32h7gbTLgNI,https://www.youtube.com/watch?v=32h7gbTLgNI,我落淚情緒零碎 (現場高音質字幕版) 2024周杰倫嘉年華世界巡迴演唱會 #JayChou #周杰倫演唱會 #JAY #2024/12/0台北大巨蛋,wallace0935 瓦樂斯,UCzjz7J5kKUHSzbxbUpbjDNA,218,,,,1712,周杰伦 高音质,2026-07-31T14:06:15.904475+00:00
bgBg1lemkVE,https://www.youtube.com/watch?v=bgBg1lemkVE,我要夏天 周杰伦 & 杨瑞代 (歌词版),GM Lyric,UC8wXsgv4k9fGAo8LwE-KwPQ,220,,,,56873,周杰伦 歌词版,2026-07-31T14:06:15.904475+00:00
Pj2yO5XZdOQ,https://www.youtube.com/watch?v=Pj2yO5XZdOQ,戰鬥才女 瑞秋普蕾頓 Rachel Platten / 能量爆發大碟《浴火重生》宣傳廣告,台灣索尼音樂 Sony Music Taiwan,UCFtUq0ml-coWmD70Pt_urRA,31,,,,8915,周杰伦 Sony Music Taiwan,2026-07-31T14:06:15.904475+00:00
ekkOp3vsqA8,https://www.youtube.com/watch?v=ekkOp3vsqA8,戴愛玲 Princess Ai & A-Lin 《我不離開》Official Music Video,戴愛玲 Princess Ai,UCBYALHUQro_Svk1rFUrWmXg,262,,,,14785811,周杰伦 Sony Music Taiwan,2026-07-31T14:06:15.904475+00:00
AFyHQOGNgtk,https://www.youtube.com/watch?v=AFyHQOGNgtk,戴愛玲 Princess Ai《暫時愛著我 One More Second》Official Music Video,戴愛玲 Princess Ai,UCBYALHUQro_Svk1rFUrWmXg,331,,,,1099728,周杰伦 Sony Music Taiwan,2026-07-31T14:06:15.904475+00:00
UCx5IrGehKs,https://www.youtube.com/watch?v=UCx5IrGehKs,戴愛玲Princess Ai 《愛永遠》Official Music Video,台灣索尼音樂 Sony Music Taiwan,UCFtUq0ml-coWmD70Pt_urRA,233,,,,31551,周杰伦 Sony Music Taiwan,2026-07-31T14:06:15.904475+00:00
9j7hOWimS7o,https://www.youtube.com/watch?v=9j7hOWimS7o,戴愛玲Princess Ai 《我不離開》姊妹祝福-鍾麗緹 Christy Chung,戴愛玲 Princess Ai,UCBYALHUQro_Svk1rFUrWmXg,27,,,,6150,周杰伦 Sony Music Taiwan,2026-07-31T14:06:15.904475+00:00
0qTIO1VGsJ0,https://www.youtube.com/watch?v=0qTIO1VGsJ0,戴愛玲Princess Ai 《累格》Official Music Video,台灣索尼音樂 Sony Music Taiwan,UCFtUq0ml-coWmD70Pt_urRA,332,,,,1591841,周杰伦 Sony Music Taiwan,2026-07-31T14:06:15.904475+00:00
9Wezpe_w2BQ,https://www.youtube.com/watch?v=9Wezpe_w2BQ,戴愛玲Princess Ai 《跳痛》Official Music Video,台灣索尼音樂 Sony Music Taiwan,UCFtUq0ml-coWmD70Pt_urRA,278,,,,456955,周杰伦 Sony Music Taiwan,2026-07-31T14:06:15.904475+00:00
5W-wuYGxRzo,https://www.youtube.com/watch?v=5W-wuYGxRzo,戴愛玲Princess Ai 《離騷》Official Music Video,台灣索尼音樂 Sony Music Taiwan,UCFtUq0ml-coWmD70Pt_urRA,286,,,,189686,周杰伦 Sony Music Taiwan,2026-07-31T14:06:15.904475+00:00
v0phvwAOPEE,https://www.youtube.com/watch?v=v0phvwAOPEE,手写的从前 - 周杰伦 《歌词拼音》【 我看着你的脸 轻刷著和弦情人节卡片 手写的永远 】,music soul,UC_BsrDO66pYSRWQE1w98W3w,298,,,,7457,周杰伦 歌词版,2026-07-31T14:06:15.904475+00:00
5dA-pWs8-dA,https://www.youtube.com/watch?v=5dA-pWs8-dA,手写的从前 周杰伦 (歌词版),GM Lyric,UC8wXsgv4k9fGAo8LwE-KwPQ,298,,,,1879508,周杰伦 官方 MV | 周杰伦 歌词版,2026-07-31T14:06:15.904475+00:00
t6yzQ_OQD9w,https://www.youtube.com/watch?v=t6yzQ_OQD9w,手寫的從前,周杰倫 Jay Chou,UC8CU5nVhCQIdAGrFFp4loOQ,298,,,,12459702,周杰伦 JVR Music,2026-07-31T14:06:15.904475+00:00
iHz3ElYzooE,https://www.youtube.com/watch?v=iHz3ElYzooE,手寫的從前 - 周杰倫  |【 高音質】【動態歌詞】|  我看著你的臉 輕刷著和弦  情人節卡片 手寫的永遠,Digital Artistry Channel,UCFE8xpPWLiq7IrDz5IHc8Sg,298,,,,4130,周杰伦 高音质,2026-07-31T14:06:15.904475+00:00
DvAuwtp7BwY,https://www.youtube.com/watch?v=DvAuwtp7BwY,手心的蔷薇 林俊杰 & 邓紫棋 (歌词版),GM Lyric,UC8wXsgv4k9fGAo8LwE-KwPQ,281,,,,4793635,周杰伦 歌词版,2026-07-31T14:06:15.904475+00:00
lywhlKvfkQw,https://www.youtube.com/watch?v=lywhlKvfkQw,手语 周杰伦 完整版 十二新作,MRdowsonzl,UC9R0N_WHiSlrWQh9VFBH9dQ,289,,,,171812,周杰伦 完整版,2026-07-31T14:06:15.904475+00:00
Tenvp4-ckrI,https://www.youtube.com/watch?v=Tenvp4-ckrI,扬声多媒体 + 杰威尔音乐 (2015-Now),Enrico Coco,UC_ZvyIanO2if6f7bADET7Kg,129,,,,85,周杰伦 杰威尔音乐,2026-07-31T14:06:15.904475+00:00
wukVNyIrtMc,https://www.youtube.com/watch?v=wukVNyIrtMc,承桓 - 我會等『我會等枯樹生出芽 開出新的花，等著陽光刺破黑暗 第一縷朝霞。』【高音質|動態歌詞】♫ I will wait,4K Music Make,UCiQKucVFHucBp11xTdROjlw,204,,,,36408243,周杰伦 4K MV,2026-07-31T14:06:15.904475+00:00
-xPYpST0Pys,https://www.youtube.com/watch?v=-xPYpST0Pys,承认吧！你没看懂他的MV：周杰伦《枫》 | ZIBO,ZIBO资博,UCuYcbG44ydXpQPfV2X0UhYw,443,,,,143911,周杰伦 1080P MV,2026-07-31T14:06:15.904475+00:00
rA_T9Q_cjDM,https://www.youtube.com/watch?v=rA_T9Q_cjDM,拉霸樂團 Slot Machine X SONY MUSIC 西洋粉絲團,台灣索尼音樂 Sony Music Taiwan,UCFtUq0ml-coWmD70Pt_urRA,28,,,,1454,周杰伦 Sony Music Taiwan,2026-07-31T14:06:15.904475+00:00
VhGtgcp9btw,https://www.youtube.com/watch?v=VhGtgcp9btw,指尖漫过温柔 _ 钢琴曲《挡不住的思念》 _ 晕染心底万千绪、《假如爱有天意》、《寂静之声》、《星空》,睦芯钢琴,UCRB7yR8EpHM5EL7OGc1p1pQ,1726,,,,83,周杰伦 歌曲,2026-07-31T14:06:15.904475+00:00
UCuYWnRkvQc,https://www.youtube.com/watch?v=UCuYWnRkvQc,探索周杰伦的音乐世界《叶惠美》,"周杰伦的旋律""Jay Chou Melodies""",UCE-xSb8LB_MJX4oZ8AH9vZQ,2890,,,,13,周杰伦 杰威尔音乐,2026-07-31T14:06:15.904475+00:00
Y5OFpRXepXc,https://www.youtube.com/watch?v=Y5OFpRXepXc,搁浅   周杰伦   歌词动态版 (高音质),Rich Lyrics,UCfIXUQd-VrPkrXSS1YS_Nsw,237,,,,4825,周杰伦 高音质,2026-07-31T14:06:15.904475+00:00
a0nWfHnwdfw,https://www.youtube.com/watch?v=a0nWfHnwdfw,搁浅  周杰伦4k MV,小南瓜東,UCjczjnwRjo4aRfTDfjexv6g,266,,,,22,周杰伦 4K MV,2026-07-31T14:06:15.904475+00:00
_2uRI_C7m1E,https://www.youtube.com/watch?v=_2uRI_C7m1E,搁浅 周杰伦 (歌词版),GM Lyric,UC8wXsgv4k9fGAo8LwE-KwPQ,239,,,,7922307,周杰伦 完整版 | 周杰伦 官方 MV,2026-07-31T14:06:15.904475+00:00
9kAJypysndA,https://www.youtube.com/watch?v=9kAJypysndA,搁浅-周杰伦- 『超高无损音质』【动态歌词Lyrics】,1k音乐流行歌曲 music,UCYmgdGvzSCycXOX-bUU0-kA,262,,,,2082,周杰伦 高音质,2026-07-31T14:06:15.904475+00:00
G-MFg5SqaBc,https://www.youtube.com/watch?v=G-MFg5SqaBc,搁浅-周杰伦嘉年华世界巡回演唱会#深圳站,煜,UCnhUKf3YNAJ_SF-rEHfK-jA,213,,,,171254,周杰伦 杰威尔音乐 | 周杰伦 演唱会,2026-07-31T14:06:15.904475+00:00
HMVajben9ic,https://www.youtube.com/watch?v=HMVajben9ic,搶下三張金曲獎門票 周杰倫遺憾這首歌沒入圍,維基傳媒,UCQZvLuSQCLi0wvlffExowPg,113,,,,2725,周杰伦 Sony Music Taiwan,2026-07-31T14:06:15.904475+00:00
Kec43PcGg7I,https://www.youtube.com/watch?v=Kec43PcGg7I,摯友 - A-Lin (Cover by Eric周興哲),周興哲 Eric Chou,UC7S48XRADBqamQbgLxpBFcQ,161,,,,10265144,周杰伦 Sony Music Taiwan,2026-07-31T14:06:15.904475+00:00
XFGbwiHWovI,https://www.youtube.com/watch?v=XFGbwiHWovI,擱淺,周杰倫 Jay Chou,UC8CU5nVhCQIdAGrFFp4loOQ,262,,,,6116479,周杰伦 1080P MV | 周杰伦 演唱会 | 周杰伦 现场 Live,2026-07-31T14:06:15.904475+00:00
dFjKQOqKC_A,https://www.youtube.com/watch?v=dFjKQOqKC_A,断了的弦   周杰伦   歌词动态版   高音质,Rich Lyrics,UCfIXUQd-VrPkrXSS1YS_Nsw,292,,,,1044,周杰伦 高音质,2026-07-31T14:06:15.904475+00:00
2c8DCq3ghZg,https://www.youtube.com/watch?v=2c8DCq3ghZg,断了的弦 周杰伦 (歌词版),GM Lyric,UC8wXsgv4k9fGAo8LwE-KwPQ,298,,,,1470636,周杰伦 官方 MV | 周杰伦 歌词版,2026-07-31T14:06:15.904475+00:00
7zsIoHm46rc,https://www.youtube.com/watch?v=7zsIoHm46rc,"新古典鋼琴家 Alexis Ffrench 《亞歷克西斯・弗倫奇 - 真實》""TRUTH""  新專輯 feat. 美聲天后里歐娜·路易斯 (Leona Lewis)跨刀助陣〈One Look〉",台灣索尼音樂 Sony Music Taiwan,UCFtUq0ml-coWmD70Pt_urRA,201,,,,4001,周杰伦 Sony Music Taiwan,2026-07-31T14:06:15.904475+00:00
aCFF1z0xCww,https://www.youtube.com/watch?v=aCFF1z0xCww,新还珠格格插曲《你是风儿我是沙》,Andy Youku,UCP-x3Q74BJSaAjXW7IIou7g,234,,,,163004,Jay Chou Official MV | 周杰伦 1080P MV | 周杰伦 Official Music Video | 周杰伦 lyric video | 周杰伦 完整版 | 周杰伦 官方 MV | 周杰伦 歌词版,2026-07-31T14:06:15.904475+00:00
F2uX6ByoW7A,https://www.youtube.com/watch?v=F2uX6ByoW7A,方文山電影同名主題曲【聽見下雨的聲音】完整MV 演唱:魏如昀 / 詞:方文山 / 曲:周杰倫,杰威爾音樂 JVR Music Official,UC3_xz4QncNGOgHZcLt5xfyg,276,,,,128468015,Jay Chou Official MV | 周杰伦 JVR Music | 周杰伦 Official Music Video | 周杰伦 杰威尔音乐,2026-07-31T14:06:15.904475+00:00
rn9oqcE9HOw,https://www.youtube.com/watch?v=rn9oqcE9HOw,无广告+歌词版《珊瑚海》周杰伦 & 梁心颐 （转身离开 分手说不出...)【1小时无限循环】,LOHx STUDIO,UCDpP2z-I37gvgrfqH9NZbwA,3817,,,,8416,周杰伦 歌词版,2026-07-31T14:06:15.904475+00:00
_rf38qM0gvk,https://www.youtube.com/watch?v=_rf38qM0gvk,无广告|No Ad|周杰伦|七里香专辑|2004专辑|Jay Chou Ye Hui Mei Full Album|周杰伦精选|Jay Chou Collection,随听音乐盒,UCfabdtgGfBq0fuiuHMVSg9w,2557,,,,608,周杰伦 专辑,2026-07-31T14:06:15.904475+00:00
lI1sqFFQeSc,https://www.youtube.com/watch?v=lI1sqFFQeSc,无广告|No Ad|周杰伦|范特西专辑|2001专辑|Jay Chou Ye Hui Mei Full Album|周杰伦精选|Jay Chou Collection,随听音乐盒,UCfabdtgGfBq0fuiuHMVSg9w,2401,,,,35960,周杰伦 专辑,2026-07-31T14:06:15.904475+00:00
lkWkmqh9CTc,https://www.youtube.com/watch?v=lkWkmqh9CTc,无广告版 搁浅 - 周杰伦 （我只能永远读着对白，读着我给你的伤害）歌词版一小时循环播放！！！,LOHx STUDIO,UCDpP2z-I37gvgrfqH9NZbwA,3814,,,,11964,周杰伦 歌词版,2026-07-31T14:06:15.904475+00:00
xzQ-xKaPtg4,https://www.youtube.com/watch?v=xzQ-xKaPtg4,日本大廠推4K HDR新手機 邀周杰倫代言－民視新聞,民視新聞網 Formosa TV News network,UC2VmWn8dAqkzlQqvy02E1PA,36,,,,614,周杰伦 4K MV,2026-07-31T14:06:15.904475+00:00
k_6zEVHuilA,https://www.youtube.com/watch?v=k_6zEVHuilA,时光机  - 周杰伦  -《魔杰座 专辑》,Jay周杰伦歌迷音乐站,UCCisvQ18_oqS5kbpmvxLa7g,313,,,,27,周杰伦 杰威尔音乐,2026-07-31T14:06:15.904475+00:00
3Txz5pQvCsc,https://www.youtube.com/watch?v=3Txz5pQvCsc,时光机 周杰伦 (歌词版),GM Lyric,UC8wXsgv4k9fGAo8LwE-KwPQ,313,,,,304196,周杰伦 Official Music Video | 周杰伦 官方 MV | 周杰伦 歌词版,2026-07-31T14:06:15.904475+00:00
y0yXSmw4jLU,https://www.youtube.com/watch?v=y0yXSmw4jLU,时光机mv-周杰伦（官方版本）,Choo Johanes,UCeQZeZ9ws7a9UAlPTXwG38A,121,,,,13262,周杰伦 1080P MV,2026-07-31T14:06:15.904475+00:00
eO69pRwY0do,https://www.youtube.com/watch?v=eO69pRwY0do,时差搁浅,Release - Topic,UCFN5IQJHTaWblThZzWr8N5w,218,,,,28,周杰伦 专辑,2026-07-31T14:06:15.904475+00:00
9kBJGerCWfU,https://www.youtube.com/watch?v=9kBJGerCWfU,明明就   周杰伦   歌词动态版 (高音质),Rich Lyrics,UCfIXUQd-VrPkrXSS1YS_Nsw,255,,,,787,周杰伦 高音质,2026-07-31T14:06:15.904475+00:00
w-pahKf7nAM,https://www.youtube.com/watch?v=w-pahKf7nAM,明明就 周杰伦 (歌词版),GM Lyric,UC8wXsgv4k9fGAo8LwE-KwPQ,259,,,,3813339,周杰伦 Official Music Video | 周杰伦 完整版 | 周杰伦 官方 MV | 周杰伦 歌词版,2026-07-31T14:06:15.904475+00:00
q0ApI6Dkzic,https://www.youtube.com/watch?v=q0ApI6Dkzic,明明就 周杰伦 歌词 伴奏 简体字,Lyrics_SC,UCPHWopJlLutZPqze7QiB-2g,256,,,,7204,周杰伦 官方 MV,2026-07-31T14:06:15.904475+00:00
_ZKEf6VCkmQ,https://www.youtube.com/watch?v=_ZKEf6VCkmQ,明明就(Live)-【超高无损音质】周杰伦魔天伦演唱会 - With English Translation,Rosa Music Channel,UCtbLz-d7T1zwWuD9utOoQZA,253,,,,472,周杰伦 高音质,2026-07-31T14:06:15.904475+00:00
jsn_1Uzirfo,https://www.youtube.com/watch?v=jsn_1Uzirfo,星光一姊 凱莉克萊森 / 屏息以待,台灣索尼音樂 Sony Music Taiwan,UCFtUq0ml-coWmD70Pt_urRA,252,,,,11937,周杰伦 Sony Music Taiwan,2026-07-31T14:06:15.904475+00:00
ma6ug3RVHyw,https://www.youtube.com/watch?v=ma6ug3RVHyw,星晴 周杰伦 (歌词版),GM Lyric,UC8wXsgv4k9fGAo8LwE-KwPQ,260,,,,1961932,周杰伦 Official Music Video | 周杰伦 官方 MV | 周杰伦 杰威尔音乐 | 周杰伦 歌曲 | 周杰伦 歌词版,2026-07-31T14:06:15.904475+00:00
KAv487FYVmc,https://www.youtube.com/watch?v=KAv487FYVmc,星晴+回到過去+最後的戰役+愛我別走,周杰倫 Jay Chou,UC8CU5nVhCQIdAGrFFp4loOQ,763,,,,578638,周杰伦 演唱会 | 周杰伦 现场 Live,2026-07-31T14:06:15.904475+00:00
hyHjO79Pw74,https://www.youtube.com/watch?v=hyHjO79Pw74,星曜榜二季度大戰曝光！劉宇寧狂攬四項大獎，真實數據拆解含金量,五洲星播报,UC1LyJyhhCEKTtMA1d5fwDKw,1175,,,,20,Jay Chou Official MV | 周杰伦 Official Music Video | 周杰伦 专辑 | 周杰伦 完整版 | 周杰伦 官方 MV | 周杰伦 歌曲 | 周杰伦 歌词版 | 周杰伦 演唱会 | 周杰伦 现场 Live,2026-07-31T14:06:15.904475+00:00
lT6PsoqdTsg,https://www.youtube.com/watch?v=lT6PsoqdTsg,晴天,周杰倫 Jay Chou,UC8CU5nVhCQIdAGrFFp4loOQ,300,,,,659165,周杰伦 JVR Music,2026-07-31T14:06:15.904475+00:00
9OHhtlfuoBw,https://www.youtube.com/watch?v=9OHhtlfuoBw,晴天 - 周杰伦【动态歌词 Lyric】 抖音神曲2020高音质「好不容易又能再多爱一天 但故事的最后你好像还是说了吧...」,MusicRadio,UC36arPKTrZzcHiVUwqdr84Q,270,,,,1729,周杰伦 高音质,2026-07-31T14:06:15.904475+00:00
3-DteAHyRnI,https://www.youtube.com/watch?v=3-DteAHyRnI,晴天 周杰伦 (歌词版),GM Lyric,UC8wXsgv4k9fGAo8LwE-KwPQ,270,,,,10925920,周杰伦 Official Music Video | 周杰伦 完整版 | 周杰伦 官方 MV | 周杰伦 歌曲 | 周杰伦 歌词版 | 周杰伦 现场 Live,2026-07-31T14:06:15.904475+00:00
-MR5sBF7njQ,https://www.youtube.com/watch?v=-MR5sBF7njQ,晴天 周杰倫｜動態鼓譜完整版,鼓手魷魚kEN動態鼓譜,UCIV18d5l4xImvB8GO26CkFA,268,,,,15097,周杰伦 完整版,2026-07-31T14:06:15.904475+00:00
rizX4oW2BpA,https://www.youtube.com/watch?v=rizX4oW2BpA,晴天-周杰伦- 『超高无损音质』【动态歌词Lyrics】,1k音乐流行歌曲 music,UCYmgdGvzSCycXOX-bUU0-kA,278,,,,889,周杰伦 高音质,2026-07-31T14:06:15.904475+00:00
V1H616wjd3A,https://www.youtube.com/watch?v=V1H616wjd3A,晴天｜抒情R&B｜深情对唱｜消失的下雨天我好想再淋一遍,格雷乐团-Grey and 艾尔-EL,,255,,,,77919,周杰伦 官方 MV | 周杰伦 歌曲,2026-07-31T14:06:15.904475+00:00
orNZqMeoukU,https://www.youtube.com/watch?v=orNZqMeoukU,暗号 周杰伦 (歌词版),GM Lyric,UC8wXsgv4k9fGAo8LwE-KwPQ,270,,,,1441743,周杰伦 Official Music Video | 周杰伦 官方 MV | 周杰伦 杰威尔音乐 | 周杰伦 歌曲 | 周杰伦 歌词版 | 周杰伦 高音质,2026-07-31T14:06:15.904475+00:00
xuf7X7rF0AU,https://www.youtube.com/watch?v=xuf7X7rF0AU,暗号-周杰伦 （字幕歌词）30分钟循环版 周董最难音乐之一,爱单曲循环,UC6Uuk7JQZv5YNDgrhnxxX-g,1631,,,,6321,周杰伦 歌词版,2026-07-31T14:06:15.904475+00:00
K4-moGIhFzQ,https://www.youtube.com/watch?v=K4-moGIhFzQ,最伟大的作品 周杰伦 (歌词版),GM Lyric,UC8wXsgv4k9fGAo8LwE-KwPQ,245,,,,81263,周杰伦 歌词版,2026-07-31T14:06:15.904475+00:00
cn3vRMmE8Fo,https://www.youtube.com/watch?v=cn3vRMmE8Fo,最偉大的作品  (2022專輯) Jay Chou Greatest Works of Art Full Album | 周杰倫好聽的12首歌 Best Songs Of Jay Chou,杰威爾歌詞MV頻道JVR Lyric MV,UCsMWXIFViw8KxCl1i7X8deA,2643,,,,1379538,周杰伦 专辑,2026-07-31T14:06:15.904475+00:00
IxQYw6VSZiA,https://www.youtube.com/watch?v=IxQYw6VSZiA,最偉大的作品（鋼琴完整版）Greatest Works of Art 周杰倫,MF Piano,UCZ0fKF-wQNtHHww6Eb0GxWQ,295,,,,51034,周杰伦 完整版,2026-07-31T14:06:15.904475+00:00
Xr2kt8E1bn0,https://www.youtube.com/watch?v=Xr2kt8E1bn0,最初、希望、夢想(HD畫質),Alex-Yen,UCzmsEXer_F7UCdj6knfosuw,677,,,,1863,周杰伦 Official Music Video | 周杰伦 完整版 | 周杰伦 官方 MV,2026-07-31T14:06:15.904475+00:00
5XRbgo1aNuA,https://www.youtube.com/watch?v=5XRbgo1aNuA,最后的战役 周杰伦 (歌词版),GM Lyric,UC8wXsgv4k9fGAo8LwE-KwPQ,252,,,,606914,周杰伦 官方 MV | 周杰伦 歌词版,2026-07-31T14:06:15.904475+00:00
DRvqeQG07eM,https://www.youtube.com/watch?v=DRvqeQG07eM,最强大脑 第四季 20170113   完整版 “大魔王”周杰伦全程刁难选手，“水哥”王昱珩出山,最强大脑 第4季,UCKaFQkDrepNl03ZEj1BWfWg,5902,,,,76578,周杰伦 完整版,2026-07-31T14:06:15.904475+00:00
9VWx9uXpYpA,https://www.youtube.com/watch?v=9VWx9uXpYpA,最新现场！周杰伦呼和浩特演唱会《蒲公英的约定》#jay #周杰伦 #周杰倫 #jaychou,Kilun,UCVB2mC4FyicvsjfQJLbyuxw,98,,,,1612,周杰伦 现场 Live,2026-07-31T14:06:15.904475+00:00
gvV0Lzfj6F8,https://www.youtube.com/watch?v=gvV0Lzfj6F8,最新現場！周杰倫 嘉年華世界巡迴演唱會 悉尼站 原key軌跡+23年生涯回顧,Kilun,UCVB2mC4FyicvsjfQJLbyuxw,149,,,,5697,周杰伦 现场 Live,2026-07-31T14:06:15.904475+00:00
vEXcSC--SjI,https://www.youtube.com/watch?v=vEXcSC--SjI,最新現場！周杰倫【2023嘉年華演唱會曼谷站】開不了口 Live,麥摳 Michael,UCLf0AUU5JC04GnZkS5vS-Vw,269,,,,40321,周杰伦 现场 Live,2026-07-31T14:06:15.904475+00:00
prIMRYcCOdo,https://www.youtube.com/watch?v=prIMRYcCOdo,最新現場！周杰倫【2024嘉年華演唱會雪梨站】我不配+我落淚情緒零碎 Live,麥摳 Michael,UCLf0AUU5JC04GnZkS5vS-Vw,402,,,,41022,周杰伦 现场 Live,2026-07-31T14:06:15.904475+00:00
DLgk3CuZe8s,https://www.youtube.com/watch?v=DLgk3CuZe8s,最新現場！周杰倫【2024嘉年華演唱會雪梨站】最長的電影 Live,麥摳 Michael,UCLf0AUU5JC04GnZkS5vS-Vw,237,,,,26464,周杰伦 现场 Live,2026-07-31T14:06:15.904475+00:00
wOV-XnWHml0,https://www.youtube.com/watch?v=wOV-XnWHml0,最新現場！周杰倫【2024嘉年華演唱會雪梨站】花海 Live,麥摳 Michael,UCLf0AUU5JC04GnZkS5vS-Vw,260,,,,15776,周杰伦 现场 Live,2026-07-31T14:06:15.904475+00:00
ZaniTf2J-3g,https://www.youtube.com/watch?v=ZaniTf2J-3g,最新現場！周杰倫【2024嘉年華演唱會雪梨站】軌跡 Live,麥摳 Michael,UCLf0AUU5JC04GnZkS5vS-Vw,171,,,,8914,周杰伦 现场 Live,2026-07-31T14:06:15.904475+00:00
ZDnkvHmiTh0,https://www.youtube.com/watch?v=ZDnkvHmiTh0,最新現場！周杰倫【嘉年華世界巡迴演唱會】楓+安靜 Live,麥摳 Michael,UCLf0AUU5JC04GnZkS5vS-Vw,278,,,,5087,周杰伦 现场 Live,2026-07-31T14:06:15.904475+00:00
IKfC_U_rSV4,https://www.youtube.com/watch?v=IKfC_U_rSV4,最新現場！超高音質！周杰倫《嘉年華演唱會》開不了口,麥摳 Michael,UCLf0AUU5JC04GnZkS5vS-Vw,287,,,,8578,周杰伦 高音质,2026-07-31T14:06:15.904475+00:00
CFYcRKoX8PU,https://www.youtube.com/watch?v=CFYcRKoX8PU,最罕見的現場~周杰倫【楓】進化史 2007 - 2022,Jay fans ,UCYgxlrItTzIeMPsOd52uXow,312,,,,26810,周杰伦 现场 Live,2026-07-31T14:06:15.904475+00:00
9UaPz-eKnHU,https://www.youtube.com/watch?v=9UaPz-eKnHU,最長的電影 (The Longest Movie)  -   Jay Chou [Official MV],MALINEE SIRICHOM,UCohB6ZOo8oqeE9URjZVNhnA,332,,,,1411,Jay Chou Official MV,2026-07-31T14:06:15.904475+00:00
DvBd4R5A3ko,https://www.youtube.com/watch?v=DvBd4R5A3ko,最长的电影 周杰伦 (歌词版),GM Lyric,UC8wXsgv4k9fGAo8LwE-KwPQ,236,,,,6660367,周杰伦 Official Music Video | 周杰伦 官方 MV | 周杰伦 杰威尔音乐 | 周杰伦 歌曲 | 周杰伦 歌词版,2026-07-31T14:06:15.904475+00:00
mFtVAXW-BWA,https://www.youtube.com/watch?v=mFtVAXW-BWA,最长的电影 周杰伦 JayChou [歌词版],may w,UC3Ha2DKB06sjW0nxVrnfQoA,237,,,,71656,周杰伦 歌词版,2026-07-31T14:06:15.904475+00:00
aUJ4D0Bs_s8,https://www.youtube.com/watch?v=aUJ4D0Bs_s8,未來5年普通人賺錢路：跟著國家重點，新能源、無人機與養老,二手财阀1,UC3-cSIeHKlvskzINE7KN57Q,605,,,,0,周杰伦 演唱会,2026-07-31T14:06:15.904475+00:00
N1qkNG-OluE,https://www.youtube.com/watch?v=N1qkNG-OluE,本草綱目(live)- 周杰倫2007世界巡迴演唱會,LF SHOW 07,UCRAiaENSdwnXrx8YqzPD8aQ,281,,,,57819,周杰伦 现场 Live,2026-07-31T14:06:15.904475+00:00
kslpIcDzq0o,https://www.youtube.com/watch?v=kslpIcDzq0o,本草纲目 周杰伦 (歌词版),GM Lyric,UC8wXsgv4k9fGAo8LwE-KwPQ,210,,,,1404734,周杰伦 官方 MV | 周杰伦 歌词版,2026-07-31T14:06:15.904475+00:00
7h-oE3jdHyI,https://www.youtube.com/watch?v=7h-oE3jdHyI,朱俐靜 Miu Chu《來日方長 Tomorrow Never Dies》Official Music Video,台灣索尼音樂 Sony Music Taiwan,UCFtUq0ml-coWmD70Pt_urRA,307,,,,392712,周杰伦 Sony Music Taiwan,2026-07-31T14:06:15.904475+00:00
PwesB2UcEmU,https://www.youtube.com/watch?v=PwesB2UcEmU,杀疯了！周杰伦新专辑第二首歌《淘金小镇》曝光！#说唱 #嘻哈音樂 #周杰伦 #太阳之子,嘻笑堂,UCsVgrOKQ-gXuRWZqb5yNu4g,128,,,,9145,周杰伦 专辑 | 周杰伦 歌曲,2026-07-31T14:06:15.904475+00:00
TuiL681_ifo,https://www.youtube.com/watch?v=TuiL681_ifo,李榮浩 Ronghao Li - 不將就 Stubborn Love [ 歌詞 Lyrics ],TWKchannel,UC7l7H6Gce8eieoN2_e1Bc3w,309,,,,5157238,周杰伦 lyric video,2026-07-31T14:06:15.904475+00:00
5RlEWndW0bE,https://www.youtube.com/watch?v=5RlEWndW0bE,李榮浩 Ronghao Li《戀人 Lovers》Official Music Video,李榮浩 Ronghao Li,UCbGkxRgcnFTNNh3FDJOoJHA,277,,,,5067043,周杰伦 4K MV,2026-07-31T14:06:15.904475+00:00
DO64GE04GBo,https://www.youtube.com/watch?v=DO64GE04GBo,李榮浩/周杰倫 - 默（Live）『我被愛判處終身孤寂，不還手 不放手，筆下畫不完的圓，心間填不滿的緣，是你。』【動態歌詞MV】,BLUE MUSIC,UCpR5JmRWGixoWEUQNVu-ImA,134,,,,55507,周杰伦 完整版,2026-07-31T14:06:15.904475+00:00
BsvIwqyiaJw,https://www.youtube.com/watch?v=BsvIwqyiaJw,李毓芬Tia Lee《是我不夠好Not Good Enough》Official Music Video HD,Passion Sisters【宏將多利安娛樂股份有限公司】,UCk_RS_pT9PVosFxZT51Q0vg,220,,,,72079667,周杰伦 Sony Music Taiwan,2026-07-31T14:06:15.904475+00:00
61-cf1Q8tG4,https://www.youtube.com/watch?v=61-cf1Q8tG4,李煒 WELL LEE《只是懷舊》Official MV (HD),台灣索尼音樂 Sony Music Taiwan,UCFtUq0ml-coWmD70Pt_urRA,365,,,,136623,周杰伦 Sony Music Taiwan,2026-07-31T14:06:15.904475+00:00
Dxzx_R8TZeA,https://www.youtube.com/watch?v=Dxzx_R8TZeA,李荣浩与蔡子伊李楚楚合唱《北斗星》 #中国好声音 #Music #live 中国好声音2022决赛,音樂安利站 Beats Music,UCg8X_V_36V9hVbzwb6Mnzpw,299,,,,80920,周杰伦 现场 Live,2026-07-31T14:06:15.904475+00:00
bZKn741eRpI,https://www.youtube.com/watch?v=bZKn741eRpI,李荣浩周杰伦隔空合唱《默》 2021中国好声音,华语音乐,UCgr9rvgolHN25rOzfVqytlg,130,,,,359337,周杰伦 现场 Live,2026-07-31T14:06:15.904475+00:00
RmHKUvIKVcc,https://www.youtube.com/watch?v=RmHKUvIKVcc,李雲迪演奏李斯特鋼琴曲《鐘》實力就在手指之間,我视音乐 - I SEE,UCGqOhfbduCYeCsSckB8cD9Q,289,,,,2066653,周杰伦 Sony Music Taiwan,2026-07-31T14:06:15.904475+00:00
FHEnBfWCB8c,https://www.youtube.com/watch?v=FHEnBfWCB8c,来呼和浩特看周杰伦演唱会，这些事儿不知道就太遗憾了#周杰伦,Emotional Stories,UCXoK1jDKqlFmcyq3L5UaVpw,137,,,,1262,周杰伦 演唱会,2026-07-31T14:06:15.904475+00:00
OD_ONhK8pnE,https://www.youtube.com/watch?v=OD_ONhK8pnE,杨宗纬 - 洋葱『如果你愿意一层一层』【動態歌詞Lyrics】,NS Music Channel,UCkNhjqht4hboREwdi32S9dQ,280,,,,1538022,周杰伦 Sony Music Taiwan,2026-07-31T14:06:15.904475+00:00
5UF2cZ_460k,https://www.youtube.com/watch?v=5UF2cZ_460k,杭州雨夜，周杰伦演唱会，情懷終究敗給了敷衍,每日娛樂說HOTT,UCNOKnnVGC4pU8ygrnQHnwpw,188,,,,57,周杰伦 演唱会,2026-07-31T14:06:15.904475+00:00
biSB9_Z3VUw,https://www.youtube.com/watch?v=biSB9_Z3VUw,杰倫心目中的完美cover-蔡健雅(愛情廢柴X說好不哭),周杰倫 Jay Chou,UC8CU5nVhCQIdAGrFFp4loOQ,188,,,,2845205,Jay Chou Official MV | 周杰伦 Official Music Video | 周杰伦 官方 MV,2026-07-31T14:06:15.904475+00:00
e-QeybRrEdo,https://www.youtube.com/watch?v=e-QeybRrEdo,"杰威爾官方版JVR Official MV: 周杰倫""超跑女神""完整版 Jay Chou""超跑女神""MV",LeeXiaolong97,UCwoZukU-7vYIGs_ytBdq3dg,153,,,,3634,周杰伦 杰威尔音乐,2026-07-31T14:06:15.904475+00:00
YLQ_Meu-nAg,https://www.youtube.com/watch?v=YLQ_Meu-nAg,杰威爾終於出官攝了！周杰倫X陳銳合作《最偉大的作品》《青花瓷》,Kilun,UCVB2mC4FyicvsjfQJLbyuxw,235,,,,971,周杰伦 杰威尔音乐,2026-07-31T14:06:15.904475+00:00
2SiTb-mP4b8,https://www.youtube.com/watch?v=2SiTb-mP4b8,杰威爾音樂總經理楊峻榮很早就想講的一段話,周杰倫 Jay Chou,UC8CU5nVhCQIdAGrFFp4loOQ,38,,,,65231,Jay Chou Official MV | 周杰伦 Official Music Video | 周杰伦 lyric video | 周杰伦 专辑 | 周杰伦 官方 MV,2026-07-31T14:06:15.904475+00:00
XAa8eDe48TI,https://www.youtube.com/watch?v=XAa8eDe48TI,東風破,周杰倫 Jay Chou,UC8CU5nVhCQIdAGrFFp4loOQ,316,,,,5587046,周杰伦 高音质,2026-07-31T14:06:15.904475+00:00
OpXH9sbaHxQ,https://www.youtube.com/watch?v=OpXH9sbaHxQ,极致音画杰伦被带帽子回顾 周杰伦《自导自演》MV+花絮 Jay Chou跨时代专辑 SeedVR2修复 台版DVD Mora Hires无损音频MV花絮,Infinite_Galaxy,UCIwN7rVewqNKoGZBuL403HA,438,,,,0,周杰伦 杰威尔音乐,2026-07-31T14:06:15.904475+00:00
LWV-f6dMN3Q,https://www.youtube.com/watch?v=LWV-f6dMN3Q,林俊傑 JJ Lin - 修煉愛情 Practice Love (華納official 高畫質HD官方完整版MV),JJ Lin林俊傑,UCd91HSXKhsIv8PIjNrDByHQ,354,,,,162466151,Jay Chou Official MV | 周杰伦 Official Music Video | 周杰伦 lyric video | 周杰伦 歌曲,2026-07-31T14:06:15.904475+00:00
TRt4Y6c0ql0,https://www.youtube.com/watch?v=TRt4Y6c0ql0,林俊傑 JJ Lin - 可惜沒如果 ( 歌詞/lyrics),Chen RacheL,UCll9m4NmMwWwVujaM_snDbQ,302,,,,46858719,周杰伦 lyric video,2026-07-31T14:06:15.904475+00:00
vsBf_0gDxSM,https://www.youtube.com/watch?v=vsBf_0gDxSM,林俊傑 JJ Lin - 可惜沒如果 If Only (華納 Official 高畫質 HD 官方劇情版 MV),JJ Lin林俊傑,UCd91HSXKhsIv8PIjNrDByHQ,725,,,,74161239,Jay Chou Official MV | 周杰伦 4K MV,2026-07-31T14:06:15.904475+00:00
onYP5u0b3yw,https://www.youtube.com/watch?v=onYP5u0b3yw,林俊傑 JJ Lin - 手心的薔薇 Beautiful feat. G.E.M. 鄧紫棋 (華納 Official 高畫質 HD 官方完整版 MV),JJ Lin林俊傑,UCd91HSXKhsIv8PIjNrDByHQ,285,,,,86538520,周杰伦 完整版,2026-07-31T14:06:15.904475+00:00
D-_kqJX5HC0,https://www.youtube.com/watch?v=D-_kqJX5HC0,林俊傑 JJ Lin /   韋禮安 WeiBird 《如果可以》 Red Scarf - JJ20 FINAL LAP 台北現場版 Live in Taipei,JJ Lin林俊傑,UCd91HSXKhsIv8PIjNrDByHQ,272,,,,5341334,周杰伦 4K MV,2026-07-31T14:06:15.904475+00:00
bLP75qXcvtg,https://www.youtube.com/watch?v=bLP75qXcvtg,林俊傑 JJ Lin /  張信哲Jeff Chang《過火》Over The Edge JJ20 FINAL LAP 北京現場版 Live in Beijing,JJ Lin林俊傑,UCd91HSXKhsIv8PIjNrDByHQ,309,,,,3308497,周杰伦 4K MV,2026-07-31T14:06:15.904475+00:00
cmVLp6Z0Ui4,https://www.youtube.com/watch?v=cmVLp6Z0Ui4,林俊傑 JJ Lin / 周杰倫 Jay Chou - 《可惜沒如果》 If Only / 《說好不哭》 Won't Cry - JJ20 現場版 Live in Taipei,JJ Lin林俊傑,UCd91HSXKhsIv8PIjNrDByHQ,184,,,,1107741,周杰伦 演唱会 | 周杰伦 现场 Live,2026-07-31T14:06:15.904475+00:00
mNQwhIx_0CM,https://www.youtube.com/watch?v=mNQwhIx_0CM,林俊傑 JJ Lin《交換餘生 No Turning Back》Official Music Video,JJ Lin林俊傑,UCd91HSXKhsIv8PIjNrDByHQ,373,,,,22927685,周杰伦 1080P MV,2026-07-31T14:06:15.904475+00:00
Uryat2AcFV0,https://www.youtube.com/watch?v=Uryat2AcFV0,林俊傑 JJ Lin《將故事寫成我們》歌詞(lyrics),mc stop,UCXaqR2w2lWb3IYreQqHogiw,337,,,,2552204,周杰伦 lyric video,2026-07-31T14:06:15.904475+00:00
rQj5maIZUKE,https://www.youtube.com/watch?v=rQj5maIZUKE,林俊傑 JJ Lin【高音質精選音樂歌單】HD 高清官方歌詞版精選集,太合音樂 Taihe Music-精選,UCAWnuGH5fKJKM-DiWrdbgJA,3920,,,,2323578,周杰伦 高音质,2026-07-31T14:06:15.904475+00:00
g6nXcI7miDI,https://www.youtube.com/watch?v=g6nXcI7miDI,林俊傑 JJ Lin｜必聽經典20首情歌MV TOP20 Video #串燒 #無間斷 #完整聆聽 #那些你很冒險的夢 #修煉愛情 #學不會 #不為誰而做的歌 #偉大的渺小 #手心的薔薇 #可惜沒如果,Timeless Music,UCJCg4enuciH7IlFIBaJ_NEQ,6033,,,,2769294,周杰伦 歌曲,2026-07-31T14:06:15.904475+00:00
hPrDHWyBMrQ,https://www.youtube.com/watch?v=hPrDHWyBMrQ,林俊杰 JJ Lin 《修炼爱情 Practice Love》歌词版 Lyrics,Sam Chord,UCvWvZBKbuXXyPNJigmo2GhA,296,,,,250846,周杰伦 lyric video,2026-07-31T14:06:15.904475+00:00
NiHF-cwto_A,https://www.youtube.com/watch?v=NiHF-cwto_A,林俊杰《输了你赢了世界又如何》 轻轻松松飙高音 绝对不可错过的神级live现场！《梦想的声音2》EP4 | 纯享 ZJSTV,浙江卫视音乐频道 ZJSTV Music Channel - 欢迎订阅 -,UCp8cPvx_Od76EL66vvCnhRA,282,,,,135190933,周杰伦 4K MV | 周杰伦 lyric video | 周杰伦 歌曲 | 周杰伦 现场 Live,2026-07-31T14:06:15.904475+00:00
7a3tgG0mwE0,https://www.youtube.com/watch?v=7a3tgG0mwE0,林彥俊 Evan Lin -《對手 Competitor》Official Music Video,台灣索尼音樂 Sony Music Taiwan,UCFtUq0ml-coWmD70Pt_urRA,269,,,,2266542,周杰伦 Sony Music Taiwan,2026-07-31T14:06:15.904475+00:00
4oK-2rpomEw,https://www.youtube.com/watch?v=4oK-2rpomEw,林樂偉 Ludwig Lim《 怎麼感受怎麼愛 Feel Love 》Official Music Video,台灣索尼音樂 Sony Music Taiwan,UCFtUq0ml-coWmD70Pt_urRA,239,,,,38139,周杰伦 Sony Music Taiwan,2026-07-31T14:06:15.904475+00:00
C12-p5eXPEw,https://www.youtube.com/watch?v=C12-p5eXPEw,枫 周杰伦 (歌词版),GM Lyric,UC8wXsgv4k9fGAo8LwE-KwPQ,278,,,,4500368,周杰伦 Official Music Video | 周杰伦 官方 MV | 周杰伦 杰威尔音乐 | 周杰伦 歌曲 | 周杰伦 歌词版 | 周杰伦 现场 Live,2026-07-31T14:06:15.904475+00:00
jTTN0mh3h6A,https://www.youtube.com/watch?v=jTTN0mh3h6A,枫 周杰伦 （高音質）,只放高音質,UC-D1cC9d7GZ3y4H1-QyWt6A,280,,,,9,周杰伦 高音质,2026-07-31T14:06:15.904475+00:00
dvRVthmM_aQ,https://www.youtube.com/watch?v=dvRVthmM_aQ,枫-周杰伦- 『超高无损音質』【動態歌詞Lyrics】,NG SHIM THONG Moe,UC9OEnGZO5gFNj_gR48rS3YA,287,,,,167,周杰伦 高音质,2026-07-31T14:06:15.904475+00:00
kgDL9p0w2-k,https://www.youtube.com/watch?v=kgDL9p0w2-k,柯有綸 Alan Kuo - 零,alankuoVEVO,UCSbtzyW8qjWp7njxkEqBqJw,279,,,,18933312,周杰伦 Sony Music Taiwan,2026-07-31T14:06:15.904475+00:00
Ru-Eoqwig2U,https://www.youtube.com/watch?v=Ru-Eoqwig2U,梦幻诛仙,汪苏泷Silence Wang,UCUp_dd5uCWWejCV6DCtTnVA,246,,,,24898,Jay Chou Official MV | 周杰伦 Official Music Video | 周杰伦 lyric video | 周杰伦 完整版 | 周杰伦 官方 MV | 周杰伦 歌词版 | 周杰伦 高音质,2026-07-31T14:06:15.904475+00:00
XdUOY8du2RE,https://www.youtube.com/watch?v=XdUOY8du2RE,梦幻诛仙 (伴奏版),汪苏泷Silence Wang,UCUp_dd5uCWWejCV6DCtTnVA,246,,,,244,周杰伦 Official Music Video | 周杰伦 完整版 | 周杰伦 官方 MV | 周杰伦 歌词版,2026-07-31T14:06:15.904475+00:00
z6w5AAQoKhE,https://www.youtube.com/watch?v=z6w5AAQoKhE,楊丞琳 Rainie Yang - In Your Eyes,Rainie Yang's Official Channel楊丞琳官方專屬頻道,UC_fW_2QuZldcT3FhCYQ_2vw,269,,,,3970869,周杰伦 Sony Music Taiwan,2026-07-31T14:06:15.904475+00:00
s9hGDIpwfXw,https://www.youtube.com/watch?v=s9hGDIpwfXw,楊丞琳 Rainie Yang - 匿名的好友,Rainie Yang's Official Channel楊丞琳官方專屬頻道,UC_fW_2QuZldcT3FhCYQ_2vw,259,,,,18347780,周杰伦 Sony Music Taiwan,2026-07-31T14:06:15.904475+00:00
oec9R5ypf-o,https://www.youtube.com/watch?v=oec9R5ypf-o,楊丞琳 Rainie Yang - 雨愛,Rainie Yang's Official Channel楊丞琳官方專屬頻道,UC_fW_2QuZldcT3FhCYQ_2vw,283,,,,39615317,周杰伦 Sony Music Taiwan,2026-07-31T14:06:15.904475+00:00
Jt4DYNmqQjI,https://www.youtube.com/watch?v=Jt4DYNmqQjI,楓(R&B)/ Haohao |原唱：周杰倫｜『緩緩飄落的楓葉像思念我點燃燭火溫暖歲末的秋天 』,Haohao Music,UCS1rY6GQrAyZU2jkVgZyrMA,306,,,,1035691,周杰伦 完整版 | 周杰伦 官方 MV | 周杰伦 歌曲 | 周杰伦 歌词版,2026-07-31T14:06:15.904475+00:00
qM5fhkJ_p-s,https://www.youtube.com/watch?v=qM5fhkJ_p-s,橋本裕太Yuta Hashimoto /  飄呀飄呀,台灣索尼音樂 Sony Music Taiwan,UCFtUq0ml-coWmD70Pt_urRA,287,,,,22845,周杰伦 Sony Music Taiwan,2026-07-31T14:06:15.904475+00:00
EEIOsjBLF5s,https://www.youtube.com/watch?v=EEIOsjBLF5s,歌神张学友来看周杰伦演唱会-即兴创作-精彩片段-超清值得收藏,Huiqi,UCB2oR9Em00uEojqI6FCjzZA,314,,,,4133,周杰伦 演唱会,2026-07-31T14:06:15.904475+00:00
rt6aZkgtzVw,https://www.youtube.com/watch?v=rt6aZkgtzVw,歌迷点歌 心雨 I 周杰伦嘉年华演唱会2024 🇲🇾,MR.JAY_HOBBY CHANNEL,UCf6R-gY9R86ljnxXGKfYYuQ,237,,,,1979,周杰伦 演唱会 | 周杰伦 现场 Live,2026-07-31T14:06:15.904475+00:00
GNsVfc-RzLw,https://www.youtube.com/watch?v=GNsVfc-RzLw,止战之殇 周杰伦 (歌词版),GM Lyric,UC8wXsgv4k9fGAo8LwE-KwPQ,275,,,,612829,周杰伦 歌词版,2026-07-31T14:06:15.904475+00:00
BVxOHpsMDww,https://www.youtube.com/watch?v=BVxOHpsMDww,止战之殇 周杰伦2004无与伦比演唱会 完整版 特效字幕 4K,CatLikeMusic,UCd57lhXWETP6ivvQ42Zs5Ww,282,,,,14507,周杰伦 4K MV | 周杰伦 完整版,2026-07-31T14:06:15.904475+00:00
nQ8i6Xm7_v8,https://www.youtube.com/watch?v=nQ8i6Xm7_v8,正式發行【周杰倫的床邊故事 Jay Chou's Bedtime Stories】Album Release,周杰倫 Jay Chou,UC8CU5nVhCQIdAGrFFp4loOQ,26,,,,77800,Jay Chou Official MV | 周杰伦 Official Music Video | 周杰伦 完整版 | 周杰伦 官方 MV,2026-07-31T14:06:15.904475+00:00
5JH9fy6bLKc,https://www.youtube.com/watch?v=5JH9fy6bLKc,正片FULL【2018中国好声音】EP7卫视版：周杰伦vs哈林 战队PK赛 导师成语轰炸继续 宿涵黄稔钦憋大招  Sing！China 20180831第七集卫视版 官方超清,中国好声音官方频道SING!CHINA Official Channel,UCTmSp0HNi-NVxFinOsp1O4g,5672,,,,2458900,周杰伦 完整版,2026-07-31T14:06:15.904475+00:00
oFhqZtBtz2Y,https://www.youtube.com/watch?v=oFhqZtBtz2Y,歷史mv改編作業 (龍捲風_周杰倫),CZ Cai,UCdbpUbwHEHPaQOr5B2O0s4g,249,,,,165,周杰伦 1080P MV,2026-07-31T14:06:15.904475+00:00
Sf3hl5xWDmE,https://www.youtube.com/watch?v=Sf3hl5xWDmE,殺瘋了！三件套齊全的開不了口！周杰倫嘉年華悉尼演唱會,Kilun,UCVB2mC4FyicvsjfQJLbyuxw,264,,,,5913,周杰伦 现场 Live,2026-07-31T14:06:15.904475+00:00
peKyk89tnlM,https://www.youtube.com/watch?v=peKyk89tnlM,毛不易 - 無名的人 (《雄獅少年》電影主題曲) 『當家鄉入冬的時候 列車到站以後，小時候的風再吹過。』【動態歌詞MV】,EHP MUSIC,UC7udh_Jc0kzEICUOQJrkF1A,283,,,,7159884,周杰伦 Sony Music Taiwan,2026-07-31T14:06:15.904475+00:00
K5nGMep_Gac,https://www.youtube.com/watch?v=K5nGMep_Gac,水炎 [male voice],Tiger8king520,UC5s3M8H8fpwLvmxdusKGhfw,337,,,,0,周杰伦 官方 MV,2026-07-31T14:06:15.904475+00:00
JrHoCjYvTS4,https://www.youtube.com/watch?v=JrHoCjYvTS4,江南 林俊杰 (歌词版),GM Lyric,UC8wXsgv4k9fGAo8LwE-KwPQ,268,,,,5526203,周杰伦 歌词版,2026-07-31T14:06:15.904475+00:00
jAcWBiKb9C0,https://www.youtube.com/watch?v=jAcWBiKb9C0,江美琪【回到開始的地方】Live Recording 幕後直擊 直播挑戰篇,台灣索尼音樂 Sony Music Taiwan,UCFtUq0ml-coWmD70Pt_urRA,453,,,,2621,周杰伦 Sony Music Taiwan,2026-07-31T14:06:15.904475+00:00
X2cABZGLqyc,https://www.youtube.com/watch?v=X2cABZGLqyc,江蕙 周杰倫 菊花台 （完整版） 嘉年华 台北大巨蛋演唱会 2024,BJ,UCAc-vY8aHf4aI6tI72ctWCg,234,,,,3125,周杰伦 完整版,2026-07-31T14:06:15.904475+00:00
Er_KZ9gaD3Q,https://www.youtube.com/watch?v=Er_KZ9gaD3Q,汤姆张：周杰伦演唱会点歌环节，我如愿以偿了｜20241012,汤姆张,UC6dNzNSM6xvk2zQhYp-vpBQ,380,,,,2552,周杰伦 演唱会,2026-07-31T14:06:15.904475+00:00
OtEJ6LGCW-U,https://www.youtube.com/watch?v=OtEJ6LGCW-U,汪蘇瀧 - 有點甜(Official MV),TheSilenceW,UCi2Vg1s92_LdAFfSXCJ6tpw,229,,,,171139072,Jay Chou Official MV,2026-07-31T14:06:15.904475+00:00
xfpzxixurx4,https://www.youtube.com/watch?v=xfpzxixurx4,汪蘇瀧 -《有點甜》Cover (ft. 林逸欣 Shara Lin)【Sam Lin】,Sam Lin,UCo8MDVxK7vZywaz93EoVk3w,178,,,,30388522,周杰伦 Sony Music Taiwan,2026-07-31T14:06:15.904475+00:00
WgOtTaAYtKU,https://www.youtube.com/watch?v=WgOtTaAYtKU,派偉俊 Patrick Brasca & 陳華 Hua Chen【你沒等我去的舊金山 Unsent】Official MV,派偉俊 Patrick Brasca,UCG7BUAJKT3T_YctUf9fNXvQ,226,,,,5724115,周杰伦 JVR Music,2026-07-31T14:06:15.904475+00:00
hi96x9sqzD4,https://www.youtube.com/watch?v=hi96x9sqzD4,派偉俊 Patrick Brasca【去年下的那場雪 Last Winter】Official MV,派偉俊 Patrick Brasca,UCG7BUAJKT3T_YctUf9fNXvQ,261,,,,5245,周杰伦 JVR Music | 周杰伦 Official Music Video | 周杰伦 lyric video | 周杰伦 杰威尔音乐,2026-07-31T14:06:15.904475+00:00
mgQOxbXHjUA,https://www.youtube.com/watch?v=mgQOxbXHjUA,派偉俊Patrick Brasca & 周杰倫Jay Chou - Six Degrees (Official Lyric Video),派偉俊 Patrick Brasca,UCG7BUAJKT3T_YctUf9fNXvQ,195,,,,371963,周杰伦 JVR Music | 周杰伦 Official Music Video,2026-07-31T14:06:15.904475+00:00
iJPfSSpnR8g,https://www.youtube.com/watch?v=iJPfSSpnR8g,派偉俊Patrick Brasca x @周杰倫 Jay Chou【Try】(Kung Fu Panda 3 Worldwide Theme Song) Official MV,派偉俊 Patrick Brasca,UCG7BUAJKT3T_YctUf9fNXvQ,238,,,,10279119,Jay Chou Official MV | 周杰伦 JVR Music | 周杰伦 Official Music Video | 周杰伦 官方 MV | 周杰伦 杰威尔音乐 | 周杰伦 歌曲,2026-07-31T14:06:15.904475+00:00
yplp5-F1cgg,https://www.youtube.com/watch?v=yplp5-F1cgg,流浪诗人 周杰伦 & 杨瑞代 (歌词版),GM Lyric,UC8wXsgv4k9fGAo8LwE-KwPQ,170,,,,53951,周杰伦 歌词版,2026-07-31T14:06:15.904475+00:00
NTMzhp1oQYc,https://www.youtube.com/watch?v=NTMzhp1oQYc,流行巨星麥可的一生之敵，卻被年輕一代所遺忘？80年代的超級巨星，與資本抗爭、封殺串流平台，極致的音樂天才，王子究竟是誰？｜Prince｜OMIO_BEN,OMIO BEN,UChNqKKo9tAbj3v2hCkcPFOQ,902,,,,91070,周杰伦 Sony Music Taiwan,2026-07-31T14:06:15.904475+00:00
x7z-2UeNY-I,https://www.youtube.com/watch?v=x7z-2UeNY-I,流行樂之王 麥可傑克森 Michael Jackson /《超脫 Xscape》電視廣告,台灣索尼音樂 Sony Music Taiwan,UCFtUq0ml-coWmD70Pt_urRA,31,,,,71566,周杰伦 Sony Music Taiwan,2026-07-31T14:06:15.904475+00:00
UB8ul4sGu6I,https://www.youtube.com/watch?v=UB8ul4sGu6I,济南见完上海见嘿嘿周杰伦演唱会周杰伦嘉年华世界巡回演唱会济南美食济南旅游攻略婚后生活,小章要自律,UCi4iIx_vEu5N0cPBb0cGrzg,295,,,,11,周杰伦 演唱会,2026-07-31T14:06:15.904475+00:00
ckKo8_KPauo,https://www.youtube.com/watch?v=ckKo8_KPauo,浪漫手机   周杰伦   歌词动态   高音质,Rich Lyrics,UCfIXUQd-VrPkrXSS1YS_Nsw,239,,,,3116,周杰伦 高音质,2026-07-31T14:06:15.904475+00:00
Rl9dCzTfYyw,https://www.youtube.com/watch?v=Rl9dCzTfYyw,浪漫手机 周杰伦 (歌词版),GM Lyric,UC8wXsgv4k9fGAo8LwE-KwPQ,241,,,,2544124,周杰伦 Official Music Video | 周杰伦 完整版 | 周杰伦 官方 MV | 周杰伦 杰威尔音乐 | 周杰伦 歌曲 | 周杰伦 歌词版,2026-07-31T14:06:15.904475+00:00
utNAtU7edlI,https://www.youtube.com/watch?v=utNAtU7edlI,浪漫爱 (Live),陈卓璇 - Topic,UCYWKslp_RdwaiBSs50VNMGA,233,,,,37691,周杰伦 完整版 | 周杰伦 歌曲,2026-07-31T14:06:15.904475+00:00
GkqPT0xiRbU,https://www.youtube.com/watch?v=GkqPT0xiRbU,浪漫爱 (Live|伴奏),陈卓璇 - Topic,UCYWKslp_RdwaiBSs50VNMGA,233,,,,234,周杰伦 歌曲,2026-07-31T14:06:15.904475+00:00
ipJv-Rt28h8,https://www.youtube.com/watch?v=ipJv-Rt28h8,浪花兄弟 The Drifters【你是我的OK繃 You're My Bandaid】Official MV,杰威爾音樂 JVR Music Official,UC3_xz4QncNGOgHZcLt5xfyg,286,,,,7895012,周杰伦 杰威尔音乐,2026-07-31T14:06:15.904475+00:00
BBhwuMuYUA8,https://www.youtube.com/watch?v=BBhwuMuYUA8,淘汰 + 夏天的風 + 熱帶雨林 + 如果你也聽說 + 我愛的人 -  周杰伦 [嘉年华 世界巡回演唱会 新加坡 JAY CHOU CARNIVAL WORLD TOUR Singapore],gabriellovesmusic,UCtYpxVt0W8FOxhydf8O4jFg,400,,,,150252,周杰伦 演唱会,2026-07-31T14:06:15.904475+00:00
xMIiiBp0kG8,https://www.youtube.com/watch?v=xMIiiBp0kG8,游鴻明 Chris Yu - 第一千個晝夜,chrisyuVEVO,UC4J6-5Ad3WH8qYmmfQYbLnQ,331,,,,666754,周杰伦 Sony Music Taiwan,2026-07-31T14:06:15.904475+00:00
ldDmB-zbK4I,https://www.youtube.com/watch?v=ldDmB-zbK4I,湖南衛視娛樂急先鋒Part 1,周杰倫 Jay Chou,UC8CU5nVhCQIdAGrFFp4loOQ,180,,,,13507,Jay Chou Official MV | 周杰伦 官方 MV | 周杰伦 歌曲,2026-07-31T14:06:15.904475+00:00
QMUek6YtTsA,https://www.youtube.com/watch?v=QMUek6YtTsA,湖南衛視娛樂急先鋒Part 2,周杰倫 Jay Chou,UC8CU5nVhCQIdAGrFFp4loOQ,156,,,,8204,Jay Chou Official MV | 周杰伦 Official Music Video | 周杰伦 lyric video | 周杰伦 官方 MV | 周杰伦 歌曲,2026-07-31T14:06:15.904475+00:00
sFhXUUUOSZ0,https://www.youtube.com/watch?v=sFhXUUUOSZ0,湖南衛視娛樂急先鋒Part 3,周杰倫 Jay Chou,UC8CU5nVhCQIdAGrFFp4loOQ,65,,,,8475,Jay Chou Official MV | 周杰伦 Official Music Video | 周杰伦 官方 MV | 周杰伦 杰威尔音乐 | 周杰伦 歌曲,2026-07-31T14:06:15.904475+00:00
EIQlWo-E8PM,https://www.youtube.com/watch?v=EIQlWo-E8PM,湘女多情,周杰倫 Jay Chou,UC8CU5nVhCQIdAGrFFp4loOQ,239,,,,2431163,周杰伦 JVR Music | 周杰伦 专辑 | 周杰伦 杰威尔音乐 | 周杰伦 歌曲 | 周杰伦 歌词版,2026-07-31T14:06:15.904475+00:00
DIkbHpE5x-I,https://www.youtube.com/watch?v=DIkbHpE5x-I,溫嵐   傻瓜 無損音樂FLAC 歌詞LYRICS 純享,MusicDelta,UCpVAtVVC24ZuYIRvoxcSvxQ,277,,,,1922152,周杰伦 lyric video,2026-07-31T14:06:15.904475+00:00
BHoubJMuN4s,https://www.youtube.com/watch?v=BHoubJMuN4s,溫嵐 周杰倫   屋頂 無損音樂FLAC 歌詞LYRICS 純享,MusicDelta,UCpVAtVVC24ZuYIRvoxcSvxQ,319,,,,387131,周杰伦 歌词版,2026-07-31T14:06:15.904475+00:00
Uj8RJwvXqTU,https://www.youtube.com/watch?v=Uj8RJwvXqTU,溫昇豪 首張個人EP 第一主打『 何苦』MV(官方HD),台灣索尼音樂 Sony Music Taiwan,UCFtUq0ml-coWmD70Pt_urRA,288,,,,1100612,周杰伦 Sony Music Taiwan,2026-07-31T14:06:15.904475+00:00
Q-5NqMztEtI,https://www.youtube.com/watch?v=Q-5NqMztEtI,炸裂開場！周杰倫【2007世界巡迴演唱會】黃金甲 Live,麥摳 Michael,UCLf0AUU5JC04GnZkS5vS-Vw,196,,,,40634,周杰伦 演唱会 | 周杰伦 现场 Live,2026-07-31T14:06:15.904475+00:00
WqN-zGDV2uw,https://www.youtube.com/watch?v=WqN-zGDV2uw,烟花易冷 周杰伦 (歌词版),GM Lyric,UC8wXsgv4k9fGAo8LwE-KwPQ,264,,,,2913538,周杰伦 Official Music Video | 周杰伦 完整版 | 周杰伦 官方 MV | 周杰伦 杰威尔音乐 | 周杰伦 歌曲 | 周杰伦 歌词版,2026-07-31T14:06:15.904475+00:00
73e3dY-K8T8,https://www.youtube.com/watch?v=73e3dY-K8T8,無廣告版 音樂 👍【周杰倫 鋼琴音樂精選】 👍500首美妙的鋼琴流行曲🎵最愛的懷念好歌  🎹 經典 鋼琴曲 | 好聽的 流行曲 💖 鋼琴曲 精選 |  fantastic music,心靈舒壓Relax音樂,UCeqaPJJboQzlKFHoxuNO--Q,9040,,,,992978,周杰伦 歌曲 | 周杰伦 歌词版 | 周杰伦 高音质,2026-07-31T14:06:15.904475+00:00
qZ4yLMP9eN0,https://www.youtube.com/watch?v=qZ4yLMP9eN0,熊仔 Kumachan -【星座學家 Dear Astrologist】(feat. 9m88) MV 幕後花絮,熊仔,UCSAZdUcsKr4AC5c65iA4RlA,227,,,,31417,周杰伦 Sony Music Taiwan,2026-07-31T14:06:15.904475+00:00
xmIc3kLfAZE,https://www.youtube.com/watch?v=xmIc3kLfAZE,熊猫人- 周杰伦 (完整版) + 歌词,tOpsOulz,UCr8ZJcLzZztZt9Gkn5NKL6w,161,,,,89505,周杰伦 完整版,2026-07-31T14:06:15.904475+00:00
DxBypNRCMYc,https://www.youtube.com/watch?v=DxBypNRCMYc,爆了！狂魔哥观看锐评周杰伦新专辑《太阳之子》MV，表示像动漫主题曲不如去看鸣潮pv,SY刘斗江传煤,UCwnrOoyyWjK3cUtqIYWB_-g,913,,,,5,周杰伦 专辑,2026-07-31T14:06:15.904475+00:00
HlBFPaXMF-E,https://www.youtube.com/watch?v=HlBFPaXMF-E,爱你没差 周杰伦【歌词版】,MZ Lyric,UCGnEI2I9khNDxywnuKli2sg,279,,,,604894,周杰伦 官方 MV | 周杰伦 歌曲 | 周杰伦 歌词版,2026-07-31T14:06:15.904475+00:00
eMnrvmxxlsk,https://www.youtube.com/watch?v=eMnrvmxxlsk,爱在西元前 周杰伦 (歌词版),GM Lyric,UC8wXsgv4k9fGAo8LwE-KwPQ,235,,,,2175404,周杰伦 Official Music Video | 周杰伦 官方 MV | 周杰伦 杰威尔音乐 | 周杰伦 歌曲 | 周杰伦 歌词版,2026-07-31T14:06:15.904475+00:00
VbUp08oj84E,https://www.youtube.com/watch?v=VbUp08oj84E,爱在西元前（Love before AD）  周杰伦（Jay Chou）  拼音歌词（Pinyin Lyrics）,Micro Vid,UCkbEalf1axufxJdZxPs6Yjw,235,,,,1320,周杰伦 官方 MV | 周杰伦 歌词版,2026-07-31T14:06:15.904475+00:00
yqSCGK6ESWg,https://www.youtube.com/watch?v=yqSCGK6ESWg,爱情废柴 周杰伦 (歌词版),GM Lyric,UC8wXsgv4k9fGAo8LwE-KwPQ,286,,,,989647,周杰伦 官方 MV | 周杰伦 歌词版,2026-07-31T14:06:15.904475+00:00
mKPbRIBCSHY,https://www.youtube.com/watch?v=mKPbRIBCSHY,爷爷泡的茶 周杰伦 (歌词版),GM Lyric,UC8wXsgv4k9fGAo8LwE-KwPQ,239,,,,408291,周杰伦 官方 MV | 周杰伦 歌曲 | 周杰伦 歌词版,2026-07-31T14:06:15.904475+00:00
OrivaS-5eec,https://www.youtube.com/watch?v=OrivaS-5eec,牛仔很忙 周杰伦 (歌词版),GM Lyric,UC8wXsgv4k9fGAo8LwE-KwPQ,169,,,,425498,周杰伦 官方 MV | 周杰伦 歌词版,2026-07-31T14:06:15.904475+00:00
VrevpWO4dh8,https://www.youtube.com/watch?v=VrevpWO4dh8,牛仔很忙MV-周杰倫,sony5202000,UCmbwC85xokebnN4z-ROeTtA,121,,,,10541,周杰伦 1080P MV,2026-07-31T14:06:15.904475+00:00
iD0UgwQzKcU,https://www.youtube.com/watch?v=iD0UgwQzKcU,特別嘉賓‘’動力火車‘’＆周杰倫《黑色幽默、忠孝東路走九遍、重傷的汗水》#周杰倫#動力火車#嘉年華#台北#大巨蛋#taiwan#taiwan廣志,taiwan廣志,UCM641-9u4kWi4mfnO6l7V-g,520,,,,410884,周杰伦 现场 Live,2026-07-31T14:06:15.904475+00:00
ZBoIN3ZNm3s,https://www.youtube.com/watch?v=ZBoIN3ZNm3s,狀態滿分！！！ 周杰伦嘉年华演唱会 马来西亚站 2023.1.15 Jaychou live in Malaysia 2023,music live video,UCPFz0Ln8lQEs0ge1zkA8E8w,7860,,,,10069,周杰伦 现场 Live,2026-07-31T14:06:15.904475+00:00
o5a5FuKdbzU,https://www.youtube.com/watch?v=o5a5FuKdbzU,王傑 Dave Wang - Top20  經典必聽串燒MV (4K修復) #一場遊戲一場夢 #忘了你忘了我 #你是我胸口永遠的痛 #是否我真的一無所有 #安妮 #英雄淚 #心痛 #孤星 #情願不自由,Timeless Music,UCJCg4enuciH7IlFIBaJ_NEQ,5412,,,,827237,周杰伦 4K MV | 周杰伦 歌曲,2026-07-31T14:06:15.904475+00:00
ULcmgv837MQ,https://www.youtube.com/watch?v=ULcmgv837MQ,王力宏 Leehom Wang - Forever Love (Clean Version),王力宏 Wang Leehom,UCu2FqeCJmyxVEHS2PfZz8sw,301,,,,17714326,周杰伦 Sony Music Taiwan,2026-07-31T14:06:15.904475+00:00
PihQffGOL54,https://www.youtube.com/watch?v=PihQffGOL54,王力宏 Leehom Wang - 一首簡單的歌,王力宏 Wang Leehom,UCu2FqeCJmyxVEHS2PfZz8sw,245,,,,8904018,周杰伦 Sony Music Taiwan,2026-07-31T14:06:15.904475+00:00
AYOacfFq2fU,https://www.youtube.com/watch?v=AYOacfFq2fU,王力宏 Leehom Wang - 你是我心內的一首歌,王力宏 Wang Leehom,UCu2FqeCJmyxVEHS2PfZz8sw,179,,,,6662661,周杰伦 Sony Music Taiwan,2026-07-31T14:06:15.904475+00:00
sU_ByeHJtw8,https://www.youtube.com/watch?v=sU_ByeHJtw8,王力宏 Leehom Wang - 依然愛你,王力宏 Wang Leehom,UCu2FqeCJmyxVEHS2PfZz8sw,263,,,,17742975,周杰伦 Sony Music Taiwan,2026-07-31T14:06:15.904475+00:00
P7Qv4AV_StM,https://www.youtube.com/watch?v=P7Qv4AV_StM,王力宏 Leehom Wang - 唯一,王力宏 Wang Leehom,UCu2FqeCJmyxVEHS2PfZz8sw,261,,,,14630176,周杰伦 Sony Music Taiwan,2026-07-31T14:06:15.904475+00:00
w41gqTFYh08,https://www.youtube.com/watch?v=w41gqTFYh08,王力宏 Leehom Wang - 心跳,王力宏 Wang Leehom,UCu2FqeCJmyxVEHS2PfZz8sw,260,,,,19038940,周杰伦 Sony Music Taiwan,2026-07-31T14:06:15.904475+00:00
fNnQqokjv_0,https://www.youtube.com/watch?v=fNnQqokjv_0,王力宏 Leehom Wang - 愛的就是你,王力宏 Wang Leehom,UCu2FqeCJmyxVEHS2PfZz8sw,286,,,,9792437,周杰伦 Sony Music Taiwan,2026-07-31T14:06:15.904475+00:00
JdpNT5yRbwg,https://www.youtube.com/watch?v=JdpNT5yRbwg,王力宏 Leehom Wang - 愛錯,王力宏 Wang Leehom,UCu2FqeCJmyxVEHS2PfZz8sw,243,,,,11580717,周杰伦 4K MV | 周杰伦 Sony Music Taiwan,2026-07-31T14:06:15.904475+00:00
FpPDwP0NWnw,https://www.youtube.com/watch?v=FpPDwP0NWnw,王力宏 Leehom Wang - 我們的歌,王力宏 Wang Leehom,UCu2FqeCJmyxVEHS2PfZz8sw,271,,,,7434590,周杰伦 Sony Music Taiwan,2026-07-31T14:06:15.904475+00:00
shEgB9KmmK0,https://www.youtube.com/watch?v=shEgB9KmmK0,王力宏 Leehom Wang《兩個人不等於我們》官方 MV,台灣索尼音樂 Sony Music Taiwan,UCFtUq0ml-coWmD70Pt_urRA,218,,,,29707,周杰伦 Sony Music Taiwan,2026-07-31T14:06:15.904475+00:00
R2V9sHAlLuQ,https://www.youtube.com/watch?v=R2V9sHAlLuQ,玖壹壹(Nine one one) - 來個蹦蹦‭ ‬Ft‭. ‬Ella‭ ‬陳嘉樺 Like Boom Boom Ft. Ella 官方MV首播,玖壹壹,UCIYA4KPaldLA535gazqX66A,272,,,,70894916,周杰伦 Sony Music Taiwan,2026-07-31T14:06:15.904475+00:00
XYf5a9tqFj0,https://www.youtube.com/watch?v=XYf5a9tqFj0,环球旅行之泰国曼谷｜抢到周杰伦演唱会内场票｜体验第一次吃鳄鱼！！！泰国旅行｜曼谷旅居,退休旅居夫妻希楠花,UCz6p4vnZPLXAoe5VLkO4ESQ,1066,,,,32,周杰伦 演唱会,2026-07-31T14:06:15.904475+00:00
i6iMsVfCTZQ,https://www.youtube.com/watch?v=i6iMsVfCTZQ,珊瑚海   周杰伦   歌词动态版   (高音质),Rich Lyrics,UCfIXUQd-VrPkrXSS1YS_Nsw,252,,,,1439,周杰伦 高音质,2026-07-31T14:06:15.904475+00:00
YwIBaKHvxhI,https://www.youtube.com/watch?v=YwIBaKHvxhI,珊瑚海 周杰伦 & 梁心颐 (歌词版),GM Lyric,UC8wXsgv4k9fGAo8LwE-KwPQ,256,,,,5520032,周杰伦 Official Music Video | 周杰伦 官方 MV | 周杰伦 杰威尔音乐 | 周杰伦 歌曲 | 周杰伦 歌词版,2026-07-31T14:06:15.904475+00:00
WAH24AkyyTI,https://www.youtube.com/watch?v=WAH24AkyyTI,珊瑚海 超级歌会现场版  周杰倫,Law Jackie,UC-PsXRuEgLRRTpggDR-9zYA,265,,,,56992,周杰伦 现场 Live,2026-07-31T14:06:15.904475+00:00
CxQN_j40wWM,https://www.youtube.com/watch?v=CxQN_j40wWM,琴傷,周杰倫 Jay Chou,UC8CU5nVhCQIdAGrFFp4loOQ,200,,,,326500,周杰伦 JVR Music,2026-07-31T14:06:15.904475+00:00
7xO07cAONWY,https://www.youtube.com/watch?v=7xO07cAONWY,瓦解,周杰倫 Jay Chou,UC8CU5nVhCQIdAGrFFp4loOQ,218,,,,2051605,周杰伦 JVR Music | 周杰伦 演唱会 | 周杰伦 现场 Live | 周杰伦 高音质,2026-07-31T14:06:15.904475+00:00
h0qYPIlE9us,https://www.youtube.com/watch?v=h0qYPIlE9us,甜甜的 周杰伦 (歌词版),GM Lyric,UC8wXsgv4k9fGAo8LwE-KwPQ,242,,,,572525,周杰伦 官方 MV | 周杰伦 歌曲,2026-07-31T14:06:15.904475+00:00
95BmskwUDFE,https://www.youtube.com/watch?v=95BmskwUDFE,用周杰伦15张专辑及歌曲来说明编程里的数组，字典,huang tuo,UCwg33qlfmGgNK-zYPH1RkeA,1011,,,,2,周杰伦 专辑,2026-07-31T14:06:15.904475+00:00
fOuPVyhG3u0,https://www.youtube.com/watch?v=fOuPVyhG3u0,田燚 Tian Yi《日光裡的一切 Dizzy Sunlight》feat. 祁紫檀 Official Music Video,台灣索尼音樂 Sony Music Taiwan,UCFtUq0ml-coWmD70Pt_urRA,213,,,,26075,周杰伦 Sony Music Taiwan,2026-07-31T14:06:15.904475+00:00
RtH0BAbUalk,https://www.youtube.com/watch?v=RtH0BAbUalk,田馥甄  Hebe Tien《無人知曉 Untold》Official Music Video,Hebe Tien's Official Channel田馥甄官方專屬頻道,UCWASjJ7q476ZgxT9oWBSclg,423,,,,15211940,周杰伦 Official Music Video,2026-07-31T14:06:15.904475+00:00
CFTZSSJyy7A,https://www.youtube.com/watch?v=CFTZSSJyy7A,田馥甄 Hebe Tien [ 小幸運 官方Live版 A Little Happiness] LIVE Version (如果 田馥甄巡迴演唱會),華研國際,UCCsUQXwhDj4iVlhG4VCq6Kg,267,,,,13674122,周杰伦 4K MV | 周杰伦 现场 Live,2026-07-31T14:06:15.904475+00:00
o2zUZmUmwUg,https://www.youtube.com/watch?v=o2zUZmUmwUg,田馥甄 Hebe Tien《諷刺的情書 The Irony of Love》Official Music Video,Hebe Tien's Official Channel田馥甄官方專屬頻道,UCWASjJ7q476ZgxT9oWBSclg,301,,,,5810580,周杰伦 Sony Music Taiwan,2026-07-31T14:06:15.904475+00:00
yytPiKw5L-M,https://www.youtube.com/watch?v=yytPiKw5L-M,电影感爆棚《遗》MV高清首发📽️：如果“遗憾”有声音，那一定是这首歌……💔🥀｜2026年全网都在找的宝藏抒情神曲·歌词句句刺骨·听一遍虐心一遍！【极致音质沉浸式听歌】,Ai音诗坦,UC9Qmq0E83xR_Ua5xWgugAaQ,205,,,,41,周杰伦 官方 MV | 周杰伦 歌词版,2026-07-31T14:06:15.904475+00:00
pVKMfCaAdrc,https://www.youtube.com/watch?v=pVKMfCaAdrc,男粉丝带已逝的兄弟去周杰伦演唱会，与杰伦合唱《搁浅》送给他，泪崩了！,面具侠,UCxbKD_ZUBNUOUYR6an5d4OA,426,,,,232130,周杰伦 演唱会,2026-07-31T14:06:15.904475+00:00
ORe4f7wIoiQ,https://www.youtube.com/watch?v=ORe4f7wIoiQ,画沙 周杰伦 & 袁咏琳 (歌词版),GM Lyric,UC8wXsgv4k9fGAo8LwE-KwPQ,274,,,,393569,周杰伦 歌词版,2026-07-31T14:06:15.904475+00:00
LGCiym1zgKI,https://www.youtube.com/watch?v=LGCiym1zgKI,疗伤烧肉粽 Liao Shang Shao Rou Zong (Healing Dumplings) - 周杰倫 Jay Chou 惊叹号,voldemortwillkillu,UCMnpJ88UdU7-1oWA3K_nGOw,186,,,,7322,周杰伦 Sony Music Taiwan,2026-07-31T14:06:15.904475+00:00
vKFAgmBWMDA,https://www.youtube.com/watch?v=vKFAgmBWMDA,瘋宅 時空之翼 3D立體環繞音樂,瘋宅音樂,UClbTYtbSRIGuc9IzZVtBoug,241,,,,180,周杰伦 Official Music Video | 周杰伦 lyric video | 周杰伦 官方 MV | 周杰伦 高音质,2026-07-31T14:06:15.904475+00:00
dOUSwjY4eGk,https://www.youtube.com/watch?v=dOUSwjY4eGk,瘋宅 極地戰甲 3D環繞音樂,瘋宅音樂,UClbTYtbSRIGuc9IzZVtBoug,138,,,,177,周杰伦 lyric video | 周杰伦 官方 MV | 周杰伦 歌词版 | 周杰伦 高音质,2026-07-31T14:06:15.904475+00:00
YI4PoIMn0nE,https://www.youtube.com/watch?v=YI4PoIMn0nE,癡情玫瑰花 UNDER LOVER-玖壹壹,大禾國際傳媒【Channel 1】 Harvest International Media,UCarVvgTvrtnFz2uw9Z674hw,283,,,,31238652,周杰伦 Sony Music Taiwan,2026-07-31T14:06:15.904475+00:00
MpECiskwizY,https://www.youtube.com/watch?v=MpECiskwizY,白色风车 周杰伦 (歌词版),GM Lyric,UC8wXsgv4k9fGAo8LwE-KwPQ,271,,,,1307476,周杰伦 Official Music Video | 周杰伦 官方 MV | 周杰伦 歌曲 | 周杰伦 歌词版 | 周杰伦 高音质,2026-07-31T14:06:15.904475+00:00
BTP-gIysp-Y,https://www.youtube.com/watch?v=BTP-gIysp-Y,盘点周杰伦专辑中传唱度高(火)的歌曲,𝘾𝙋𝙒𝙎𝙌,UCCZtTpZLLlHzBzidbNI4rpw,864,,,,279,周杰伦 专辑,2026-07-31T14:06:15.904475+00:00
-GJ6zPuFVrA,https://www.youtube.com/watch?v=-GJ6zPuFVrA,盘点周杰伦十大封神前奏，每一首都能吊打如今的乐坛，你都听过吗 #周杰伦 #歌曲前奏 #夜曲 #七里香,油条Music,UCWeSsWkw1jfQBK0HlLw5hiQ,179,,,,808,周杰伦 歌曲,2026-07-31T14:06:15.904475+00:00
NNdEQeuqQ6U,https://www.youtube.com/watch?v=NNdEQeuqQ6U,盘点：周杰伦音乐专辑《七里香》10首歌曲，你最喜欢哪一首？【九听音乐盘点】,九听音乐盘点,UCEDxG1VNxWFJYFYuVKV8YFg,172,,,,52,周杰伦 专辑,2026-07-31T14:06:15.904475+00:00
v04DzjzSb5w,https://www.youtube.com/watch?v=v04DzjzSb5w,盧巧音 Candy Lo feat. 王力宏 Leehom Wang - 好心分手,CandyLoVEVO,UCrYlzVdZHSI2qil1ULCl1Tg,180,,,,24835532,周杰伦 Sony Music Taiwan,2026-07-31T14:06:15.904475+00:00
HQ_mU73VhEQ,https://www.youtube.com/watch?v=HQ_mU73VhEQ,盧廣仲 Crowd Lu 【幾分之幾 You Complete Me】 Official Music Video （花甲大人轉男孩電影主題曲）,添翼音樂 TEAM EAR MUSIC,UC9-SkdRRsaABoNvYiacFh_w,231,,,,94921812,周杰伦 lyric video,2026-07-31T14:06:15.904475+00:00
i5YRIjxyJP8,https://www.youtube.com/watch?v=i5YRIjxyJP8,盧廣仲 Crowd Lu【太陽與地球 Sun & Earth】Official Video,添翼音樂 TEAM EAR MUSIC,UC9-SkdRRsaABoNvYiacFh_w,263,,,,22862147,周杰伦 Sony Music Taiwan,2026-07-31T14:06:15.904475+00:00
6bzCRPMErVc,https://www.youtube.com/watch?v=6bzCRPMErVc,盲猜【 周杰倫 | 金魚換酒 非官方MV 】Jay Chou 銀甲彈箏用 金魚換酒來,贾逸可YK,UCObasfYJx4AatxlJsTUZ1rw,177,,,,89401,Jay Chou Official MV | 周杰伦 官方 MV,2026-07-31T14:06:15.904475+00:00
3KN3W6E_U9Y,https://www.youtube.com/watch?v=3KN3W6E_U9Y,盲猜【周杰倫 | 奧菲利亞 Ophelia 非官方MV】靈魂被彎曲 誰是誰的皇,贾逸可YK,UCObasfYJx4AatxlJsTUZ1rw,147,,,,23341,周杰伦 官方 MV,2026-07-31T14:06:15.904475+00:00
VxKZ9LdCu58,https://www.youtube.com/watch?v=VxKZ9LdCu58,盲猜周杰伦新专辑《太阳之子》旋律钢琴版  Jay Chou 'Children of the Sun' Original Piano Cover,AJ🎵MUSIC,UCsh1-sRUjk0l3DG49aIgUlg,71,,,,44,周杰伦 专辑,2026-07-31T14:06:15.904475+00:00
_H1BePzAWto,https://www.youtube.com/watch?v=_H1BePzAWto,直擊CORTIS巴黎一日遊：James只吃甜點不吃正餐？只會一句法文？製作第二張專輯全員愛上巴西莓果碗、全員都是古著控｜24 Hours With｜Vogue Taiwan,VOGUE Taiwan,UCKl0gSq0JOcdzXTrS4gk2cg,608,,,,14619,Jay Chou Official MV,2026-07-31T14:06:15.904475+00:00
4CkFqmV1qOk,https://www.youtube.com/watch?v=4CkFqmV1qOk,看板時光機｜周杰倫登看板人物開播集! 31歲的周董在他心目中最”屌”的人物是這位  2010年 看板人物｜方念華 (完整版) #周杰倫,TVBS看板人物,UCy088ydktTfMsEDk3DjyoGg,2948,,,,12726,周杰伦 完整版,2026-07-31T14:06:15.904475+00:00
Ajgl8qqo0T8,https://www.youtube.com/watch?v=Ajgl8qqo0T8,看这群小朋友用杯子敲出儿时的《稻香》,吉岛音乐,UCuXI2L7dXBmiPxiX5vlp4-Q,132,,,,24212829,周杰伦 歌曲 | 周杰伦 歌词版,2026-07-31T14:06:15.904475+00:00
sMgQ3yY3Vng,https://www.youtube.com/watch?v=sMgQ3yY3Vng,真.4K重制】周杰伦《印第安老斑鸠》MV「这首歌已经26岁喽！」HiRes无损音质 爷青回！,Justin offıcıall,UCCKiMC2Z-0hkL6DtIIzZEcQ,232,,,,11,周杰伦 4K MV,2026-07-31T14:06:15.904475+00:00
1flfBl1obRY,https://www.youtube.com/watch?v=1flfBl1obRY,真·4K60FPS 周杰倫 2007年世界巡迴演唱會 《菊花台》,Kilun,UCVB2mC4FyicvsjfQJLbyuxw,290,,,,40139,周杰伦 演唱会 | 周杰伦 现场 Live,2026-07-31T14:06:15.904475+00:00
MIa0DE-TfBM,https://www.youtube.com/watch?v=MIa0DE-TfBM,真實事件改編 默劇大師暨二戰英雄？！傑西艾森柏格化身馬歇馬叟【無聲救援】Resistance 電影預告 3月27日(五) 千驚萬險,GaragePlay 車庫娛樂,UCyNixargb5VhzNV2URJRubA,145,,,,25609,周杰伦 杰威尔音乐,2026-07-31T14:06:15.904475+00:00
Y3aFfKM6-70,https://www.youtube.com/watch?v=Y3aFfKM6-70,祝我生日快樂 - 周杰倫&溫嵐,HIHISIULOVE,UCgkJupWaeKEBNcuOgtkuSww,255,,,,1118134,周杰伦 现场 Live,2026-07-31T14:06:15.904475+00:00
JUIiX9rmtXI,https://www.youtube.com/watch?v=JUIiX9rmtXI,神仙假音回归！ 周杰倫 嘉年華演唱會 2022 新加坡 live in Singapore day 2  开不了口,music live video,UCPFz0Ln8lQEs0ge1zkA8E8w,301,,,,37169,周杰伦 现场 Live,2026-07-31T14:06:15.904475+00:00
7fOzPwj7jQc,https://www.youtube.com/watch?v=7fOzPwj7jQc,神级对唱！周杰伦、温岚《祝我生日快乐》磁带试听,I am a little star,UC_sv0SD3s6TpzM5uD4jMgJg,265,,,,4337,周杰伦 杰威尔音乐,2026-07-31T14:06:15.904475+00:00
xrW8DNf8SZI,https://www.youtube.com/watch?v=xrW8DNf8SZI,稻香 Dao Xiang - 周杰倫 Jay Chou (Cover by 悠然YOU) ｜回到最初的美好 🌾,AMAO Music,UC-EbgMsUGWnlQUkiX6DUjwQ,176,,,,300608,周杰伦 歌词版,2026-07-31T14:06:15.904475+00:00
nk7tnvrRyfE,https://www.youtube.com/watch?v=nk7tnvrRyfE,稻香 周杰伦 (歌词版),GM Lyric,UC8wXsgv4k9fGAo8LwE-KwPQ,224,,,,3254329,周杰伦 1080P MV | 周杰伦 Official Music Video | 周杰伦 完整版 | 周杰伦 官方 MV | 周杰伦 歌曲 | 周杰伦 高音质,2026-07-31T14:06:15.904475+00:00
yPRnD5Shj80,https://www.youtube.com/watch?v=yPRnD5Shj80,稻香 周杰倫 | 動態歌詞 Lyrics | MV畫面【小春與豬排】電影 | 公視【人生劇展】劉冠廷 感受家的味道,三寶の音樂MV頻道,UCHoFczoA9QZaZfFrMSaPsMQ,225,,,,278,周杰伦 1080P MV,2026-07-31T14:06:15.904475+00:00
5A7SKr27_ZU,https://www.youtube.com/watch?v=5A7SKr27_ZU,稻香 完整版 周杰伦,goku123re,UCQ5G1l-J_6-_85fYLkjDgvQ,226,,,,6758,周杰伦 完整版,2026-07-31T14:06:15.904475+00:00
IUmE9ITRf68,https://www.youtube.com/watch?v=IUmE9ITRf68,稻香-周杰伦- 『超高无损音质』【动态歌词Lyrics】,1k音乐流行歌曲 music,UCYmgdGvzSCycXOX-bUU0-kA,224,,,,1581,周杰伦 高音质,2026-07-31T14:06:15.904475+00:00
22ligixYk_s,https://www.youtube.com/watch?v=22ligixYk_s,稻香-周杰倫（超好听钢琴编曲）,MrPianoMinion,UCy_0TEUFD1uMW09VCQ41qKA,221,,,,16369,周杰伦 Official Music Video,2026-07-31T14:06:15.904475+00:00
GAC2_TbnBqw,https://www.youtube.com/watch?v=GAC2_TbnBqw,窮小伙婚禮現場被當眾羞辱和公雞拜堂，他強忍惡氣完成儀式，誰料植物人妻子醒來後送上千億彩禮助他騰飛！#drama #反轉 #窮小夥逆襲,深空劇場SkyDrama,UCj9FuR2C9H6n1s5bHNF6a2A,3735,,,,83461,周杰伦 现场 Live,2026-07-31T14:06:15.904475+00:00
AadYIGTADRA,https://www.youtube.com/watch?v=AadYIGTADRA,竟然还能听到现场版的《世界末日》｜ 周杰伦悉尼演唱会,Terry z,UCNqfjQNphQI0n8l3FFqUzGg,122,,,,3294,周杰伦 现场 Live,2026-07-31T14:06:15.904475+00:00
w_z1MuN6hF8,https://www.youtube.com/watch?v=w_z1MuN6hF8,笑顏系女孩【郭曉曉】／ Follow Me (中文完整版MV) 6/10全家便利商店開始預購,台灣索尼音樂 Sony Music Taiwan,UCFtUq0ml-coWmD70Pt_urRA,229,,,,246793,周杰伦 Sony Music Taiwan,2026-07-31T14:06:15.904475+00:00
zHMpKI4o1xk,https://www.youtube.com/watch?v=zHMpKI4o1xk,笑顏系女孩【郭曉曉】／第二主打《笑顏》(中文完整版MV),台灣索尼音樂 Sony Music Taiwan,UCFtUq0ml-coWmD70Pt_urRA,271,,,,830381,周杰伦 Sony Music Taiwan,2026-07-31T14:06:15.904475+00:00
m_3axJPR1Rw,https://www.youtube.com/watch?v=m_3axJPR1Rw,第10集 周杰伦魔杰座专辑歌曲热度排名，这张专辑数据好高啊#周杰伦#魔杰座#稻香#兰亭序#华语乐坛巅峰 7476085962733292841,有夕,UCJ6hYkPfSTBi852_kusKU5w,355,,,,34,周杰伦 专辑,2026-07-31T14:06:15.904475+00:00
8FRcj_aKeKw,https://www.youtube.com/watch?v=8FRcj_aKeKw,第11集 周杰伦惊叹号专辑歌曲热度排名，职业生涯最低分是否合理？#周杰伦#音乐#华语乐坛#周杰伦专辑#内容启发搜索 7471628141920914725,有夕,UCJ6hYkPfSTBi852_kusKU5w,349,,,,8,周杰伦 专辑,2026-07-31T14:06:15.904475+00:00
k17hnnsg8jU,https://www.youtube.com/watch?v=k17hnnsg8jU,第13集 周杰伦哎呦不错哦专辑歌曲热度排名，你觉得这张专辑怎么样呢？#周杰伦#手写的从前#华语乐坛#经典歌曲#内容启发搜索 7492410522554338596,有夕,UCJ6hYkPfSTBi852_kusKU5w,333,,,,2,周杰伦 专辑,2026-07-31T14:06:15.904475+00:00
eDssvGX_ass,https://www.youtube.com/watch?v=eDssvGX_ass,第15集 周杰伦《最伟大的作品》专辑歌曲热度排名，你期待他的新专辑吗？#周杰伦#最伟大的作品#说好不哭#华语乐坛巅峰#内容启发搜索 7506512840019217705,有夕,UCJ6hYkPfSTBi852_kusKU5w,353,,,,1,周杰伦 专辑,2026-07-31T14:06:15.904475+00:00
8Ah3aS-VJ7c,https://www.youtube.com/watch?v=8Ah3aS-VJ7c,第1集 周杰伦首张专辑Jay歌曲热度排名，你是在这张专辑入坑的吗？#周杰伦#反方向的钟#周杰伦专辑#经典老歌#华语乐坛 7474227240792804644,有夕,UCJ6hYkPfSTBi852_kusKU5w,306,,,,2,周杰伦 专辑,2026-07-31T14:06:15.904475+00:00
FSg4_O9lbz0,https://www.youtube.com/watch?v=FSg4_O9lbz0,第24屆金曲獎【憲哥唱歌真好聽!!】,綜藝大熱門 Hot Door Night,UCkELMMBdy4gPj6ooQwYJ-yg,646,,,,9594081,周杰伦 现场 Live,2026-07-31T14:06:15.904475+00:00
TTZs0CDB2I8,https://www.youtube.com/watch?v=TTZs0CDB2I8,第2集 周杰伦范特西专辑歌曲热度排名，你觉得这是周董的巅峰之作吗？#周杰伦#范特西#华语乐坛天花板#爱在西元前#经典歌曲 7479793052815576360,有夕,UCJ6hYkPfSTBi852_kusKU5w,328,,,,1,周杰伦 专辑,2026-07-31T14:06:15.904475+00:00
2ZVgOro7ZOw,https://www.youtube.com/watch?v=2ZVgOro7ZOw,第3集 周杰伦八度空间专辑歌曲热度排名，哪一首是你心中的神作？#华语乐坛#周杰伦#音乐#经典歌曲#上热门 7456790069580516619,有夕,UCJ6hYkPfSTBi852_kusKU5w,343,,,,3,周杰伦 专辑,2026-07-31T14:06:15.904475+00:00
UNBIvvXHQxg,https://www.youtube.com/watch?v=UNBIvvXHQxg,第4集 周杰伦叶惠美专辑歌曲热度排名，第一名毫无争议#周杰伦#叶惠美#周杰伦晴天#以父之名#周杰伦专辑 7449017967905459506,有夕,UCJ6hYkPfSTBi852_kusKU5w,334,,,,2,周杰伦 专辑,2026-07-31T14:06:15.904475+00:00
V2mFkhz6Jzo,https://www.youtube.com/watch?v=V2mFkhz6Jzo,第8集 周杰伦跨时代专辑歌曲热度排名，你能猜中前三名吗？#周杰伦#周杰伦经典歌曲#烟花易冷#华语乐坛#周杰伦音乐 7463094398994238754,有夕,UCJ6hYkPfSTBi852_kusKU5w,341,,,,9,周杰伦 专辑,2026-07-31T14:06:15.904475+00:00
53BBZLNW97E,https://www.youtube.com/watch?v=53BBZLNW97E,第9集 我很忙专辑歌曲热度排名，周杰伦自立门户后的首张专辑#周杰伦#我很忙#青花瓷#华语乐坛天花板#内容启发搜索 7451973015669148964,有夕,UCJ6hYkPfSTBi852_kusKU5w,331,,,,12,周杰伦 专辑,2026-07-31T14:06:15.904475+00:00
cE0NMhDmffI,https://www.youtube.com/watch?v=cE0NMhDmffI,第一次看周杰伦现场大马演唱会/ 周杰伦嘉年华世界巡回演唱会2023@jaychou,nicky man,UCVqG0_NyVeLXFebU8hKEccg,946,,,,806,周杰伦 现场 Live,2026-07-31T14:06:15.904475+00:00
vGCJ7qVjKsg,https://www.youtube.com/watch?v=vGCJ7qVjKsg,第一集：周杰伦首张专辑《JAY》设计解读,RECONNECT,UCfFN8Jplx_sD-cWZJNUG8TA,468,,,,59,周杰伦 专辑,2026-07-31T14:06:15.904475+00:00
ncwwzS5JwYs,https://www.youtube.com/watch?v=ncwwzS5JwYs,第七期 7 31 第一条,WOW综艺Time,UCsn5BkGOcBuCz2fHTs2q8GQ,4195,,,,1,周杰伦 专辑 | 周杰伦 完整版 | 周杰伦 官方 MV | 周杰伦 歌曲 | 周杰伦 歌词版 | 周杰伦 演唱会,2026-07-31T14:06:15.904475+00:00
natt2dlViY4,https://www.youtube.com/watch?v=natt2dlViY4,第九期 7 31 第三条,WOW综艺Time,UCsn5BkGOcBuCz2fHTs2q8GQ,4730,,,,0,周杰伦 专辑 | 周杰伦 官方 MV | 周杰伦 歌曲 | 周杰伦 演唱会,2026-07-31T14:06:15.904475+00:00
xaCpn31gBe4,https://www.youtube.com/watch?v=xaCpn31gBe4,等了3年的周杰伦演唱会！带你回忆周杰伦的每一首歌～我把整场演唱会搬来我的vlog啦！第二次看周杰伦～此生无憾❤️ // EEDASHIU JAYCHOU 20 CARNIVAL WORLDTOUR,EEDASHIU,UCpaPc7hA3T2A9KR1kgKfj3Q,2533,,,,2503,周杰伦 演唱会,2026-07-31T14:06:15.904475+00:00
fBPHtLkM08g,https://www.youtube.com/watch?v=fBPHtLkM08g,等你下课   周杰伦   歌词动态版   (高音质),Rich Lyrics,UCfIXUQd-VrPkrXSS1YS_Nsw,271,,,,5695,周杰伦 高音质,2026-07-31T14:06:15.904475+00:00
pA-9XCwGmbM,https://www.youtube.com/watch?v=pA-9XCwGmbM,等你下课 周杰伦 LIVE HD Malaysia 地表最强演唱会2 （完整版）杰伦说马来西亚歌迷很棒哟！,Angie香格里拉,UCLls2NghT8IOM3DFfeGwO_w,276,,,,23962,周杰伦 演唱会,2026-07-31T14:06:15.904475+00:00
HwbFORsR9b8,https://www.youtube.com/watch?v=HwbFORsR9b8,简单爱 周杰伦 (歌词版),GM Lyric,UC8wXsgv4k9fGAo8LwE-KwPQ,272,,,,3436061,周杰伦 Official Music Video | 周杰伦 完整版 | 周杰伦 官方 MV | 周杰伦 杰威尔音乐 | 周杰伦 歌词版,2026-07-31T14:06:15.904475+00:00
bQX6CP-bEmg,https://www.youtube.com/watch?v=bQX6CP-bEmg,算什么男人 What Kind of Man - 周杰伦 Jay Chou(歌词版)【你算什么男人 算什么男人 还爱着她 却不敢叫她再等】,TNT Music Channel,UC7huCbaEGjwBL1qHIUXgAIg,285,,,,12037,周杰伦 歌词版,2026-07-31T14:06:15.904475+00:00
D_voGvQJjGw,https://www.youtube.com/watch?v=D_voGvQJjGw,算什么男人 周杰伦 (歌词版),GM Lyric,UC8wXsgv4k9fGAo8LwE-KwPQ,289,,,,755100,周杰伦 官方 MV | 周杰伦 歌词版,2026-07-31T14:06:15.904475+00:00
3AvDgg2uXMQ,https://www.youtube.com/watch?v=3AvDgg2uXMQ,算什么男人 周杰伦 歌词版,Soundwave Station,UCJtVvJwNTfg3I9EfAHUN1hg,289,,,,463,周杰伦 歌词版,2026-07-31T14:06:15.904475+00:00
UTXSo-1fNgE,https://www.youtube.com/watch?v=UTXSo-1fNgE,算什麼男人 Jay Chou 周杰倫 Guitar Tutorial | What Kind of Man,JTTechie,UC3TPS68v_aoH5EJLZuAjZ4w,404,,,,2871,Jay Chou Official MV,2026-07-31T14:06:15.904475+00:00
vGbHkCS9ofU,https://www.youtube.com/watch?v=vGbHkCS9ofU,米兰的小铁匠 周杰伦 (歌词版),GM Lyric,UC8wXsgv4k9fGAo8LwE-KwPQ,239,,,,104975,周杰伦 歌词版,2026-07-31T14:06:15.904475+00:00
Okl3k2zrI0E,https://www.youtube.com/watch?v=Okl3k2zrI0E,米津玄師『Flamingo/TEENAGE RIOT』發行廣告,台灣索尼音樂 Sony Music Taiwan,UCFtUq0ml-coWmD70Pt_urRA,16,,,,144741,周杰伦 Sony Music Taiwan,2026-07-31T14:06:15.904475+00:00
uCopAlZPJ3M,https://www.youtube.com/watch?v=uCopAlZPJ3M,粉色海洋 | R&B (男女),王子-R&B新歌,UC5ceKx-FXSOYaey95xOc2JQ,176,,,,202,周杰伦 专辑,2026-07-31T14:06:15.904475+00:00
OEn_-EbEDXk,https://www.youtube.com/watch?v=OEn_-EbEDXk,粉色海洋 周杰伦 (歌词版),GM Lyric,UC8wXsgv4k9fGAo8LwE-KwPQ,187,,,,62722,周杰伦 歌词版,2026-07-31T14:06:15.904475+00:00
n2kRnavEPQs,https://www.youtube.com/watch?v=n2kRnavEPQs,精彩合集 周杰伦《嘉年华》世界巡迴演唱会马来西亚站 2023 Jay Chou Carnival World Tour Malaysia,Discover Life,UC27jMXUuPSZzD-2386DsCOw,1878,,,,271,周杰伦 演唱会,2026-07-31T14:06:15.904475+00:00
KgE9DzZz3mM,https://www.youtube.com/watch?v=KgE9DzZz3mM,紅塵客棧 - 周杰伦 [嘉年华 世界巡回演唱会 新加坡 JAY CHOU CARNIVAL WORLD TOUR Singapore],gabriellovesmusic,UCtYpxVt0W8FOxhydf8O4jFg,259,,,,753,周杰伦 演唱会,2026-07-31T14:06:15.904475+00:00
CiIU6mB0624,https://www.youtube.com/watch?v=CiIU6mB0624,終於等到周杰倫,周杰倫 Jay Chou,UC8CU5nVhCQIdAGrFFp4loOQ,11,,,,1015113,周杰伦 Official Music Video | 周杰伦 lyric video | 周杰伦 完整版 | 周杰伦 官方 MV | 周杰伦 歌曲 | 周杰伦 歌词版 | 周杰伦 高音质,2026-07-31T14:06:15.904475+00:00
K02KNlAN1yE,https://www.youtube.com/watch?v=K02KNlAN1yE,給我一首歌的時間 Jay Chou 周杰倫 Jolin Tsai 蔡依林 Live Concert 1080p HD 高清,voldemortwillkillu,UCMnpJ88UdU7-1oWA3K_nGOw,301,,,,639532,周杰伦 1080P MV,2026-07-31T14:06:15.904475+00:00
ZQeRiaXIWpM,https://www.youtube.com/watch?v=ZQeRiaXIWpM,繽紛花博演唱會 - 周杰倫 Jay Chou - 好久不見 現場Live演唱版,a777141,UCWSRnzgAomhZHtj7Q6Q2wsQ,233,,,,33720,周杰伦 演唱会 | 周杰伦 现场 Live,2026-07-31T14:06:15.904475+00:00
mQstYKoZ5O8,https://www.youtube.com/watch?v=mQstYKoZ5O8,續寫 - 單依純 (Cover by 周興哲),周興哲 Eric Chou,UC7S48XRADBqamQbgLxpBFcQ,221,,,,10622188,周杰伦 Sony Music Taiwan,2026-07-31T14:06:15.904475+00:00
MnQhI-J_LBY,https://www.youtube.com/watch?v=MnQhI-J_LBY,红尘客栈 - 周杰伦（歌词/Letra) 🎶红尘客栈风似刀 骤雨落 宿命敲🎶,XiaoYu.,UCH48bTIgd53QF9dnuj_G9Gw,275,,,,2998,周杰伦 官方 MV,2026-07-31T14:06:15.904475+00:00
DsiZWeTBYfg,https://www.youtube.com/watch?v=DsiZWeTBYfg,红尘客栈 周杰伦 (歌词版),GM Lyric,UC8wXsgv4k9fGAo8LwE-KwPQ,276,,,,2432638,周杰伦 Official Music Video | 周杰伦 完整版 | 周杰伦 官方 MV | 周杰伦 杰威尔音乐 | 周杰伦 歌曲 | 周杰伦 歌词版,2026-07-31T14:06:15.904475+00:00
akSzzPmToLQ,https://www.youtube.com/watch?v=akSzzPmToLQ,红模仿 周杰伦 (歌词版),GM Lyric,UC8wXsgv4k9fGAo8LwE-KwPQ,186,,,,129303,周杰伦 歌词版,2026-07-31T14:06:15.904475+00:00
mfNV6ThfdHo,https://www.youtube.com/watch?v=mfNV6ThfdHo,红颜如霜 周杰伦 (歌词版),GM Lyric,UC8wXsgv4k9fGAo8LwE-KwPQ,258,,,,103182,周杰伦 官方 MV | 周杰伦 歌词版,2026-07-31T14:06:15.904475+00:00
hvaPG7mzlKg,https://www.youtube.com/watch?v=hvaPG7mzlKg,纽约地铁Demo 完整版 周杰伦,杰倫時代 源碼采集高清晰視頻,UC5rnjWViwECnd3BSnGzSwqQ,212,,,,12954,周杰伦 完整版,2026-07-31T14:06:15.904475+00:00
S_BOX03Cgtc,https://www.youtube.com/watch?v=S_BOX03Cgtc,经典老歌 《哎呦，不错哦》周杰伦专辑 抖音神曲 经典老歌,music girl,UCCNDHB3Wpw0j_7eBpDTA87A,2773,,,,206,周杰伦 专辑,2026-07-31T14:06:15.904475+00:00
mgb8v90-g6k,https://www.youtube.com/watch?v=mgb8v90-g6k,经典老歌 麦芽糖 - 周杰伦「十一月的萧邦」音乐,music girl,UCCNDHB3Wpw0j_7eBpDTA87A,257,,,,216,周杰伦 专辑,2026-07-31T14:06:15.904475+00:00
giZu291ISRg,https://www.youtube.com/watch?v=giZu291ISRg,给我一首歌的时间 周杰伦 (歌词版),GM Lyric,UC8wXsgv4k9fGAo8LwE-KwPQ,254,,,,2466055,周杰伦 Official Music Video | 周杰伦 完整版 | 周杰伦 官方 MV | 周杰伦 歌曲 | 周杰伦 歌词版 | 周杰伦 高音质,2026-07-31T14:06:15.904475+00:00
gAUHbAD4Zwk,https://www.youtube.com/watch?v=gAUHbAD4Zwk,网红想红想疯了吗？强行“偷”反战歌曲魔改跳“擦边”，网友：脸都不要了！,悦耳音乐酱,UCqWNOHjgfL8ADEdXGznzwUw,493,,,,2503,周杰伦 歌曲,2026-07-31T14:06:15.904475+00:00
j-OIFk-h2T0,https://www.youtube.com/watch?v=j-OIFk-h2T0,网购周杰伦演唱会门票被骗 开包变成平安符,SMG上海电视台官方频道 SMG Shanghai TV Official Channel,UCahKjkez9olNwcpc5pZwzvg,61,,,,153,周杰伦 演唱会,2026-07-31T14:06:15.904475+00:00
HqC11VArDmI,https://www.youtube.com/watch?v=HqC11VArDmI,羅茲 Rhodes / 輕閉雙眼 Close Your Eyes (HD中字MV),台灣索尼音樂 Sony Music Taiwan,UCFtUq0ml-coWmD70Pt_urRA,225,,,,120033,周杰伦 Sony Music Taiwan,2026-07-31T14:06:15.904475+00:00
SA3msa9qHKI,https://www.youtube.com/watch?v=SA3msa9qHKI,美女总裁没想到随手救下的穷小子竟是顶级鉴宝大师，帮她拿下百亿订单！横扫古玩圈，执掌顶级拍卖行，全球豪门跪求他出山！【掌眼】,硬霸短剧IMBADrama,UCR8L1-5z5fI-0X3wFHKfUkg,7554,,,,5375,周杰伦 Official Music Video | 周杰伦 完整版 | 周杰伦 杰威尔音乐 | 周杰伦 现场 Live,2026-07-31T14:06:15.904475+00:00
PqsIXZfsDj4,https://www.youtube.com/watch?v=PqsIXZfsDj4,群星合唱《愛從未離開 Love Never Left》Official Music Video,台灣索尼音樂 Sony Music Taiwan,UCFtUq0ml-coWmD70Pt_urRA,276,,,,60489,周杰伦 Sony Music Taiwan,2026-07-31T14:06:15.904475+00:00
hyf1uDm9XC4,https://www.youtube.com/watch?v=hyf1uDm9XC4,"老板 - 不甘心又难继续 | Lao Ban - Jika aku bisa mengulang semuanya, aku lebih memilih kita tak pernah bertemu",TuneBox Id,UCyGm8Y1J-m2YRss3yKBgecA,270,,,,286,周杰伦 官方 MV | 周杰伦 歌曲,2026-07-31T14:06:15.904475+00:00
D9HPxcbV-2k,https://www.youtube.com/watch?v=D9HPxcbV-2k,聖徒,周杰倫 Jay Chou,UC8CU5nVhCQIdAGrFFp4loOQ,176,,,,1474239,周杰伦 JVR Music | 周杰伦 专辑 | 周杰伦 杰威尔音乐,2026-07-31T14:06:15.904475+00:00
mMTDepBhu2M,https://www.youtube.com/watch?v=mMTDepBhu2M,聽見下雨的聲音   周杰伦   歌词动态版 (高音质),Rich Lyrics,UCfIXUQd-VrPkrXSS1YS_Nsw,276,,,,1371,周杰伦 高音质,2026-07-31T14:06:15.904475+00:00
EMe_r_ZMjj0,https://www.youtube.com/watch?v=EMe_r_ZMjj0,背对背拥抱 林俊杰 (歌词版),GM Lyric,UC8wXsgv4k9fGAo8LwE-KwPQ,239,,,,11127107,周杰伦 歌曲 | 周杰伦 歌词版,2026-07-31T14:06:15.904475+00:00
KqjgLbKZ1h0,https://www.youtube.com/watch?v=KqjgLbKZ1h0,胡夏 Xia Hu - Those Bygone Years 那些年,HuXia胡夏,UC_o5BdZ_8-0_BbVPFvjHmdQ,369,,,,120839644,Jay Chou Official MV | 周杰伦 1080P MV | 周杰伦 4K MV | 周杰伦 Sony Music Taiwan,2026-07-31T14:06:15.904475+00:00
cPzRKdO1ejw,https://www.youtube.com/watch?v=cPzRKdO1ejw,自制一张周杰伦最强专辑 #周杰伦 #周杰伦新专辑 #经典歌曲,帝诺漫语,UC7zhjPLxEuDteESaix_XGBg,867,,,,1141,周杰伦 专辑,2026-07-31T14:06:15.904475+00:00
whJAya7VXq8,https://www.youtube.com/watch?v=whJAya7VXq8,自製MV好久不見(生日快樂!!)　　原唱:周杰倫.mp4,祐星劉,UCoJQ26z1QIPqqvdBrxYmeqA,251,,,,3420,周杰伦 1080P MV,2026-07-31T14:06:15.904475+00:00
NspI2ykTHd0,https://www.youtube.com/watch?v=NspI2ykTHd0,色情塗鴉／Melissa (中文字幕短版) 動畫《鋼之鍊金術師》片頭曲,台灣索尼音樂 Sony Music Taiwan,UCFtUq0ml-coWmD70Pt_urRA,122,,,,64347,周杰伦 Sony Music Taiwan,2026-07-31T14:06:15.904475+00:00
RM7odm3Yuqw,https://www.youtube.com/watch?v=RM7odm3Yuqw,艾怡良 Eve Ai & Eric周興哲 合唱《我不知道愛是什麼》,台灣索尼音樂 Sony Music Taiwan,UCFtUq0ml-coWmD70Pt_urRA,37,,,,14905,周杰伦 Sony Music Taiwan,2026-07-31T14:06:15.904475+00:00
pomhLDRl7_A,https://www.youtube.com/watch?v=pomhLDRl7_A,芮恩Rui En - 討厭 Official Music Video,阿爾發音樂,UCirguiAzkqU24_-h1zafCcA,254,,,,974211,周杰伦 4K MV,2026-07-31T14:06:15.904475+00:00
_9g-0J-1JPA,https://www.youtube.com/watch?v=_9g-0J-1JPA,花 海  (周杰倫) (高畫質 高音質),黃國典 (江夏 電腦資訊),UCPv7DpOXUGdiESx3Xiku19Q,265,,,,10977,周杰伦 高音质,2026-07-31T14:06:15.904475+00:00
5NRKNynEfc0,https://www.youtube.com/watch?v=5NRKNynEfc0,花海 - 周杰伦 Jay Chou「不要你离开 回忆花不开 请你等重来 我在等待重来」,YL音乐 - Music Channel,UCbWc96alEgRl55kTJRyqj_g,266,,,,328435,周杰伦 官方 MV,2026-07-31T14:06:15.904475+00:00
9jySdO2lIv4,https://www.youtube.com/watch?v=9jySdO2lIv4,花海 周杰伦 (歌词版),GM Lyric,UC8wXsgv4k9fGAo8LwE-KwPQ,265,,,,6233026,周杰伦 Official Music Video | 周杰伦 专辑 | 周杰伦 完整版 | 周杰伦 官方 MV | 周杰伦 杰威尔音乐 | 周杰伦 歌曲 | 周杰伦 歌词版,2026-07-31T14:06:15.904475+00:00
_okG66NfGQU,https://www.youtube.com/watch?v=_okG66NfGQU,苏有朋-周杰伦演唱会❤️20230908 #苏有朋 #alecsu #suyoupeng #蘇有朋,shenshen,UCMZiqgrwDFjxJwwFGraKsUg,273,,,,5493,周杰伦 演唱会,2026-07-31T14:06:15.904475+00:00
GmuXtyY_DYs,https://www.youtube.com/watch?v=GmuXtyY_DYs,莫文蔚 Karen Mok - 《愛無所畏 Love Knows No Fear》 Official MV,莫文蔚 Karen Mok,UC4j-tiYqQB4fNbKugcr9-gQ,329,,,,68983,周杰伦 Sony Music Taiwan,2026-07-31T14:06:15.904475+00:00
Ygjm5LwCGmw,https://www.youtube.com/watch?v=Ygjm5LwCGmw,莫文蔚 Karen Mok - 我明白他 Official MV,台灣索尼音樂 Sony Music Taiwan,UCFtUq0ml-coWmD70Pt_urRA,245,,,,5684,周杰伦 Sony Music Taiwan,2026-07-31T14:06:15.904475+00:00
DeHGwTsublI,https://www.youtube.com/watch?v=DeHGwTsublI,莫文蔚 Karen Mok - 開箱《The Voyage》豪華版專輯,莫文蔚 Karen Mok,UC4j-tiYqQB4fNbKugcr9-gQ,201,,,,4953,周杰伦 Sony Music Taiwan,2026-07-31T14:06:15.904475+00:00
G0j_D_tTRpE,https://www.youtube.com/watch?v=G0j_D_tTRpE,莫文蔚 Karen Mok「呼吸有害」CD + Cassette 慈善限量 Boxset 本人開箱,莫文蔚 Karen Mok,UC4j-tiYqQB4fNbKugcr9-gQ,82,,,,23447,周杰伦 Sony Music Taiwan,2026-07-31T14:06:15.904475+00:00
Jv4tirGup-Q,https://www.youtube.com/watch?v=Jv4tirGup-Q,菊花台 juhuatai 周杰伦 Jay Chou 【Pinyin+Lyrics+Karaoke 歌词伴奏 升key版】（菊花残满地伤...你的笑容已泛黄...花落人断肠...我心事静静躺…）,Kala Lyrics  歌词伴奏,UCaSJQ_wPWQ4HHjGN4g38jbQ,297,,,,12396,周杰伦 lyric video,2026-07-31T14:06:15.904475+00:00
HPBtJVsLEag,https://www.youtube.com/watch?v=HPBtJVsLEag,菊花台 周杰伦 (歌词版),GM Lyric,UC8wXsgv4k9fGAo8LwE-KwPQ,294,,,,1344291,周杰伦 Official Music Video | 周杰伦 完整版 | 周杰伦 官方 MV | 周杰伦 杰威尔音乐 | 周杰伦 歌曲,2026-07-31T14:06:15.904475+00:00
W_IeOJMqk30,https://www.youtube.com/watch?v=W_IeOJMqk30,菊花台｜用最冷静的口吻唱最深的绝望#菊花台#周杰伦#hifi#戴上耳机#经典老歌#听哭了的歌#宝藏歌曲#单曲循环#治愈系音乐#深情,音乐频道,UC-n1fdxJLRpx0lKqO3NNmbA,294,,,,1,周杰伦 歌曲,2026-07-31T14:06:15.904475+00:00
Qj6SnA0Fgf8,https://www.youtube.com/watch?v=Qj6SnA0Fgf8,蒲公英的約定,周杰倫 Jay Chou,UC8CU5nVhCQIdAGrFFp4loOQ,253,,,,1406509,周杰伦 JVR Music | 周杰伦 演唱会 | 周杰伦 现场 Live,2026-07-31T14:06:15.904475+00:00
-LFDz3wBkjE,https://www.youtube.com/watch?v=-LFDz3wBkjE,蒲公英的約定 | 周杰倫 Jay Chou | 簡單鋼琴入門,EZ Piano Studio | 簡單鋼琴,UCAnrQ0GBYJ5wresbyi9zrcQ,136,,,,466874,周杰伦 Official Music Video | 周杰伦 完整版 | 周杰伦 歌曲,2026-07-31T14:06:15.904475+00:00
DlPJx6UUEro,https://www.youtube.com/watch?v=DlPJx6UUEro,蒲公英的約定 周杰倫  鋼琴教學 簡易單手版,彈琴咯 White Piano,UC9e2zOlm4lbmiB8OWNyWh9A,407,,,,235190,周杰伦 完整版,2026-07-31T14:06:15.904475+00:00
TaJ61ifjKmo,https://www.youtube.com/watch?v=TaJ61ifjKmo,蒲公英的约定,RosaXing Music Official,UC_3CNKT8qStBcb91CevpJKQ,209,,,,1,周杰伦 专辑,2026-07-31T14:06:15.904475+00:00
A0bwkSzsgj4,https://www.youtube.com/watch?v=A0bwkSzsgj4,蒲公英的约定   周杰伦   歌词动态版 (高音质),Rich Lyrics,UCfIXUQd-VrPkrXSS1YS_Nsw,246,,,,2380,周杰伦 高音质,2026-07-31T14:06:15.904475+00:00
SmaHHH_3Wq8,https://www.youtube.com/watch?v=SmaHHH_3Wq8,蒲公英的约定 周杰伦 (歌词版),GM Lyric,UC8wXsgv4k9fGAo8LwE-KwPQ,246,,,,12805001,周杰伦 Official Music Video | 周杰伦 完整版 | 周杰伦 官方 MV | 周杰伦 杰威尔音乐 | 周杰伦 歌曲 | 周杰伦 歌词版 | 周杰伦 现场 Live | 周杰伦 高音质,2026-07-31T14:06:15.904475+00:00
G2qjQHv6s7Q,https://www.youtube.com/watch?v=G2qjQHv6s7Q,蒲公英的约定（A Dandelion's Promise）  周杰伦（Jay Chou）  歌词版（Pinyin Lyrics）,Micro Vid,UCkbEalf1axufxJdZxPs6Yjw,245,,,,7086,周杰伦 杰威尔音乐 | 周杰伦 歌词版,2026-07-31T14:06:15.904475+00:00
VfocTJUwkMM,https://www.youtube.com/watch?v=VfocTJUwkMM,蔡依林 Jolin Tsai - Love Love Love,JOLIN 蔡依林,UCZxdOVXIBEnJUQkhZgeOTTg,228,,,,16089402,周杰伦 Sony Music Taiwan,2026-07-31T14:06:15.904475+00:00
cB7DIIG0ykk,https://www.youtube.com/watch?v=cB7DIIG0ykk,蔡依林 Jolin Tsai - 倒帶,JOLIN 蔡依林,UCZxdOVXIBEnJUQkhZgeOTTg,265,,,,22480274,周杰伦 Sony Music Taiwan,2026-07-31T14:06:15.904475+00:00
hmyEkTioX5E,https://www.youtube.com/watch?v=hmyEkTioX5E,蔡依林 Jolin Tsai - 天空,JOLIN 蔡依林,UCZxdOVXIBEnJUQkhZgeOTTg,347,,,,20973748,周杰伦 Sony Music Taiwan,2026-07-31T14:06:15.904475+00:00
nwcHdFQ-fq8,https://www.youtube.com/watch?v=nwcHdFQ-fq8,蔡依林 Jolin Tsai - 就是愛,JOLIN 蔡依林,UCZxdOVXIBEnJUQkhZgeOTTg,257,,,,8410767,周杰伦 Sony Music Taiwan,2026-07-31T14:06:15.904475+00:00
RrWPq4bLsP0,https://www.youtube.com/watch?v=RrWPq4bLsP0,蔡依林 Jolin Tsai - 布拉格廣場,JOLIN 蔡依林,UCZxdOVXIBEnJUQkhZgeOTTg,292,,,,10797946,周杰伦 4K MV | 周杰伦 Sony Music Taiwan,2026-07-31T14:06:15.904475+00:00
foxsrMe50mY,https://www.youtube.com/watch?v=foxsrMe50mY,蔡依林 Jolin Tsai - 檸檬草的味道,JOLIN 蔡依林,UCZxdOVXIBEnJUQkhZgeOTTg,268,,,,7446898,周杰伦 Sony Music Taiwan,2026-07-31T14:06:15.904475+00:00
yq1aPXj9oGg,https://www.youtube.com/watch?v=yq1aPXj9oGg,蔡依林 Jolin Tsai - 海盜,JOLIN 蔡依林,UCZxdOVXIBEnJUQkhZgeOTTg,277,,,,1765323,周杰伦 Sony Music Taiwan,2026-07-31T14:06:15.904475+00:00
B94n5Lbj4aw,https://www.youtube.com/watch?v=B94n5Lbj4aw,蔡依林 Jolin Tsai - 看我七十二變,JOLIN 蔡依林,UCZxdOVXIBEnJUQkhZgeOTTg,225,,,,15719997,周杰伦 Sony Music Taiwan,2026-07-31T14:06:15.904475+00:00
cOBQgUZnceg,https://www.youtube.com/watch?v=cOBQgUZnceg,蔡依林 Jolin Tsai - 說愛你,JOLIN 蔡依林,UCZxdOVXIBEnJUQkhZgeOTTg,229,,,,43116319,周杰伦 Sony Music Taiwan,2026-07-31T14:06:15.904475+00:00
1Xh9lX5JEyg,https://www.youtube.com/watch?v=1Xh9lX5JEyg,蔡依林 Jolin Tsai - 騎士精神,JOLIN 蔡依林,UCZxdOVXIBEnJUQkhZgeOTTg,258,,,,3944110,周杰伦 Sony Music Taiwan,2026-07-31T14:06:15.904475+00:00
9qWmKr80HgA,https://www.youtube.com/watch?v=9qWmKr80HgA,蔡依林 Jolin Tsai X 田馥甄 Hebe《刻在我心底的名字 Your Name Engraved Herein》Official Live Music Video,JOLIN 蔡依林,UCZxdOVXIBEnJUQkhZgeOTTg,312,,,,39324351,周杰伦 4K MV | 周杰伦 现场 Live,2026-07-31T14:06:15.904475+00:00
UwsOovh-_Yg,https://www.youtube.com/watch?v=UwsOovh-_Yg,蔡依林 Jolin Tsai X 茄子蛋 EggPlantEgg《浪流連 Waves Wandering》Official Live Video,JOLIN 蔡依林,UCZxdOVXIBEnJUQkhZgeOTTg,260,,,,9603308,周杰伦 Sony Music Taiwan,2026-07-31T14:06:15.904475+00:00
LbiWaeLdqeA,https://www.youtube.com/watch?v=LbiWaeLdqeA,蔡依林 Jolin Tsai X 韋禮安 WeiBird《如果可以 Red Scarf》Official Live Music Video,JOLIN 蔡依林,UCZxdOVXIBEnJUQkhZgeOTTg,274,,,,14132670,周杰伦 Sony Music Taiwan | 周杰伦 现场 Live,2026-07-31T14:06:15.904475+00:00
K2rNQ0RxwVQ,https://www.youtube.com/watch?v=K2rNQ0RxwVQ,蔡依林 Jolin Tsai X 頑童MJ116「辣台妹 / Play 我呸 / 幹大事」Official Live Video,JOLIN 蔡依林,UCZxdOVXIBEnJUQkhZgeOTTg,284,,,,10314681,周杰伦 4K MV | 周杰伦 Sony Music Taiwan,2026-07-31T14:06:15.904475+00:00
5mNrRVp-SBc,https://www.youtube.com/watch?v=5mNrRVp-SBc,"蔡依林 Jolin Tsai “Untitled” Official MV - (""Marry My Dead Body"" Theme Song)",JOLIN 蔡依林,UCZxdOVXIBEnJUQkhZgeOTTg,319,,,,11747857,周杰伦 Sony Music Taiwan,2026-07-31T14:06:15.904475+00:00
KXMQ1eWq7qs,https://www.youtube.com/watch?v=KXMQ1eWq7qs,蔡依林 Jolin Tsai《Miss Trouble》Official Live Music Video,JOLIN 蔡依林,UCZxdOVXIBEnJUQkhZgeOTTg,197,,,,3033961,周杰伦 Sony Music Taiwan,2026-07-31T14:06:15.904475+00:00
zvfIgf9oa_0,https://www.youtube.com/watch?v=zvfIgf9oa_0,蔡依林 Jolin Tsai《Mr.Q》(feat.徐熙娣 小S) Official Live MV,JOLIN 蔡依林,UCZxdOVXIBEnJUQkhZgeOTTg,147,,,,2884115,周杰伦 Sony Music Taiwan,2026-07-31T14:06:15.904475+00:00
RuBY0foFvNM,https://www.youtube.com/watch?v=RuBY0foFvNM,蔡依林 Jolin Tsai《Ugly Beauty專輯簽名握手沒有擁抱會》台北場,JOLIN 蔡依林,UCZxdOVXIBEnJUQkhZgeOTTg,4981,,,was_live,102325,周杰伦 Sony Music Taiwan,2026-07-31T14:06:15.904475+00:00
P7nx2sgSWx4,https://www.youtube.com/watch?v=P7nx2sgSWx4,蔡依林 Jolin Tsai《你也有今天 Karma》MV 幕後花絮,JOLIN 蔡依林,UCZxdOVXIBEnJUQkhZgeOTTg,269,,,,324597,周杰伦 Sony Music Taiwan,2026-07-31T14:06:15.904475+00:00
4ISSR4tVUug,https://www.youtube.com/watch?v=4ISSR4tVUug,蔡依林 Jolin Tsai《倒帶》(feat.吳青峰) Official Live Music Video,JOLIN 蔡依林,UCZxdOVXIBEnJUQkhZgeOTTg,164,,,,8696902,周杰伦 4K MV | 周杰伦 Sony Music Taiwan | 周杰伦 现场 Live,2026-07-31T14:06:15.904475+00:00
vjRiJtF9WFg,https://www.youtube.com/watch?v=vjRiJtF9WFg,蔡依林 Jolin Tsai《倒帶》(Official Video Karaoke),金曲年代GOLDEN ERA,UCMZNSG_3ka6q34wKSw8uDsg,267,,,,230512,周杰伦 Sony Music Taiwan,2026-07-31T14:06:15.904475+00:00
iKf5UJG1SSU,https://www.youtube.com/watch?v=iKf5UJG1SSU,蔡依林 Jolin Tsai《心引力》 (feat.王俊凱) Official Live Music Video,JOLIN 蔡依林,UCZxdOVXIBEnJUQkhZgeOTTg,254,,,,1311443,周杰伦 Sony Music Taiwan,2026-07-31T14:06:15.904475+00:00
Aq6KNRyvm-Y,https://www.youtube.com/watch?v=Aq6KNRyvm-Y,蔡依林 Jolin Tsai《說愛你》(feat.G.E.M.鄧紫棋) Official Live Music Video,JOLIN 蔡依林,UCZxdOVXIBEnJUQkhZgeOTTg,213,,,,34374278,周杰伦 4K MV | 周杰伦 Sony Music Taiwan | 周杰伦 现场 Live,2026-07-31T14:06:15.904475+00:00
7HtTH4fkQsA,https://www.youtube.com/watch?v=7HtTH4fkQsA,蔡依林 Jolin Tsai「我知道你很難過 + 以後別做朋友」Official Live Video,JOLIN 蔡依林,UCZxdOVXIBEnJUQkhZgeOTTg,229,,,,9840964,周杰伦 Sony Music Taiwan | 周杰伦 现场 Live,2026-07-31T14:06:15.904475+00:00
BFToRID90oQ,https://www.youtube.com/watch?v=BFToRID90oQ,蔡琴 -《12月22 》Official Music Video,台灣索尼音樂 Sony Music Taiwan,UCFtUq0ml-coWmD70Pt_urRA,258,,,,225827,周杰伦 Sony Music Taiwan,2026-07-31T14:06:15.904475+00:00
cvHIfiucqVM,https://www.youtube.com/watch?v=cvHIfiucqVM,蕭閎仁《小小流浪狗》Official Music Video,台灣索尼音樂 Sony Music Taiwan,UCFtUq0ml-coWmD70Pt_urRA,316,,,,8226,周杰伦 Sony Music Taiwan,2026-07-31T14:06:15.904475+00:00
RCksopKbV7k,https://www.youtube.com/watch?v=RCksopKbV7k,蕭閎仁《惦惦...好嗎?》Official Music Video,台灣索尼音樂 Sony Music Taiwan,UCFtUq0ml-coWmD70Pt_urRA,211,,,,350770,周杰伦 Sony Music Taiwan,2026-07-31T14:06:15.904475+00:00
R1I_mm6rksU,https://www.youtube.com/watch?v=R1I_mm6rksU,藤蘿科技-2010周杰倫演唱會,tendriltech,UCIuVl40Sfs97z4h4PB9KjfA,127,,,,327,周杰伦 Sony Music Taiwan,2026-07-31T14:06:15.904475+00:00
ii3aOWJj1e4,https://www.youtube.com/watch?v=ii3aOWJj1e4,蘇珊波爾2011最新專輯《星光守護》電視廣告,台灣索尼音樂 Sony Music Taiwan,UCFtUq0ml-coWmD70Pt_urRA,31,,,,1362,周杰伦 Sony Music Taiwan,2026-07-31T14:06:15.904475+00:00
UucRB4Ex1Xk,https://www.youtube.com/watch?v=UucRB4Ex1Xk,蘇運瑩《冥明》Official Music Video,台灣索尼音樂 Sony Music Taiwan,UCFtUq0ml-coWmD70Pt_urRA,249,,,,2106463,周杰伦 Sony Music Taiwan,2026-07-31T14:06:15.904475+00:00
_HRhi2O5prw,https://www.youtube.com/watch?v=_HRhi2O5prw,蛇舞 周杰伦 & Lara (歌词版),GM Lyric,UC8wXsgv4k9fGAo8LwE-KwPQ,175,,,,81557,周杰伦 歌词版,2026-07-31T14:06:15.904475+00:00
I19yH9biaIc,https://www.youtube.com/watch?v=I19yH9biaIc,蛇舞（MV超清完整版）-周杰伦+Lara,Choo Johanes,UCeQZeZ9ws7a9UAlPTXwG38A,121,,,,34594,周杰伦 1080P MV,2026-07-31T14:06:15.904475+00:00
jeDawg4yu8M,https://www.youtube.com/watch?v=jeDawg4yu8M,蜗牛 周杰伦 (歌词版),GM Lyric,UC8wXsgv4k9fGAo8LwE-KwPQ,239,,,,486261,周杰伦 1080P MV | 周杰伦 官方 MV | 周杰伦 歌词版,2026-07-31T14:06:15.904475+00:00
TCAheXpKc8Q,https://www.youtube.com/watch?v=TCAheXpKc8Q,蜗牛 周杰伦 歌词版,Soundwave Station,UCJtVvJwNTfg3I9EfAHUN1hg,239,,,,508,周杰伦 歌词版,2026-07-31T14:06:15.904475+00:00
CHiLE_jFB7M,https://www.youtube.com/watch?v=CHiLE_jFB7M,蝸牛 周杰倫 歌詞,Songs & Lyrics,UCeG39KeQCcUZBGO0K-ttCXw,184,,,,668463,周杰伦 1080P MV,2026-07-31T14:06:15.904475+00:00
ySg8vHLCWVI,https://www.youtube.com/watch?v=ySg8vHLCWVI,蝸牛與黃鸝鳥,YinShia - Topic,UCS3RXMM-u4vgKnoAR_HAUbw,106,,,,1292,周杰伦 完整版 | 周杰伦 歌词版 | 周杰伦 高音质,2026-07-31T14:06:15.904475+00:00
vnbYV4GgCxU,https://www.youtube.com/watch?v=vnbYV4GgCxU,蝸牛（Snail）「我要一步一步往上爬  周杰伦.....小小的天 有大大的梦想」（Jay Chou）  拼音歌词（Pinyin Lyrics）,Micro Vid,UCkbEalf1axufxJdZxPs6Yjw,198,,,,5306,周杰伦 歌词版,2026-07-31T14:06:15.904475+00:00
Hdaw7VzYBEA,https://www.youtube.com/watch?v=Hdaw7VzYBEA,街头！达文西和十四姐合唱周杰伦的《珊瑚海》“海鸟跟鱼相爱，只是一场意外”,长沙街唱,UC7feqBDVp33rnSFzamTKP_g,238,,,,918961,周杰伦 现场 Live,2026-07-31T14:06:15.904475+00:00
V2IXmvHNaHA,https://www.youtube.com/watch?v=V2IXmvHNaHA,被风吹过的夏天 林俊杰 & 金莎 (歌词版),GM Lyric,UC8wXsgv4k9fGAo8LwE-KwPQ,256,,,,2572288,周杰伦 歌词版,2026-07-31T14:06:15.904475+00:00
QoXDQa9L12A,https://www.youtube.com/watch?v=QoXDQa9L12A,西西里,周杰倫 Jay Chou,UC8CU5nVhCQIdAGrFFp4loOQ,230,,,,3070361,周杰伦 JVR Music | 周杰伦 专辑 | 周杰伦 杰威尔音乐 | 周杰伦 歌曲 | 周杰伦 歌词版,2026-07-31T14:06:15.904475+00:00
NyuApWsaago,https://www.youtube.com/watch?v=NyuApWsaago,西西里 — 周杰伦 MV ,求进李哥会员群,UCz9gU8xa8QsyyQ5i_Qp9Uvg,230,,,,6786,周杰伦 官方 MV,2026-07-31T14:06:15.904475+00:00
Twb3JopOLSY,https://www.youtube.com/watch?v=Twb3JopOLSY,言承旭 Jerry Yan - 我會很愛妳,JerryYanVEVO,UCYaVUYqZiTO-mOQ9P6CUh4w,214,,,,3566111,周杰伦 Sony Music Taiwan,2026-07-31T14:06:15.904475+00:00
w67uUbBX3J8,https://www.youtube.com/watch?v=w67uUbBX3J8,詹小櫟 Zhan Xiaoli《天真的預言 》 Official Music Video,台灣索尼音樂 Sony Music Taiwan,UCFtUq0ml-coWmD70Pt_urRA,245,,,,9366,周杰伦 Sony Music Taiwan,2026-07-31T14:06:15.904475+00:00
f8rBXcRHmWo,https://www.youtube.com/watch?v=f8rBXcRHmWo,說好的幸福呢+淘汰+青花瓷,周杰倫 Jay Chou,UC8CU5nVhCQIdAGrFFp4loOQ,225,,,,1011397,周杰伦 演唱会,2026-07-31T14:06:15.904475+00:00
gzwdNXnxGFo,https://www.youtube.com/watch?v=gzwdNXnxGFo,謝賢生前采訪淚目：“張柏芝比我親兒子還親！#謝賢 #謝霆鋒 #張柏芝,星聞獵人,UChjQ9pX9g5T3B353XkMSVoA,2769,,,,71,周杰伦 完整版 | 周杰伦 演唱会,2026-07-31T14:06:15.904475+00:00
sR0YlSJCtr4,https://www.youtube.com/watch?v=sR0YlSJCtr4,让我拥抱真正的你,Tiger69king520,UC7TVNhZAOkUn5goDHvfwqVA,252,,,,3,周杰伦 官方 MV,2026-07-31T14:06:15.904475+00:00
xiYPPy1Xxc8,https://www.youtube.com/watch?v=xiYPPy1Xxc8,说了再见 周杰伦 (歌词版),GM Lyric,UC8wXsgv4k9fGAo8LwE-KwPQ,283,,,,3694366,周杰伦 专辑 | 周杰伦 完整版 | 周杰伦 官方 MV | 周杰伦 歌曲 | 周杰伦 高音质,2026-07-31T14:06:15.904475+00:00
ZtkXJa2GaWQ,https://www.youtube.com/watch?v=ZtkXJa2GaWQ,说好不哭 周杰伦 & 阿信 (歌词版),GM Lyric,UC8wXsgv4k9fGAo8LwE-KwPQ,232,,,,776187,周杰伦 官方 MV | 周杰伦 歌词版,2026-07-31T14:06:15.904475+00:00
Vk9zyAgouuE,https://www.youtube.com/watch?v=Vk9zyAgouuE,说好的幸福呢   周杰伦   歌词动态版 (高音质),Rich Lyrics,UCfIXUQd-VrPkrXSS1YS_Nsw,253,,,,1803,周杰伦 高音质,2026-07-31T14:06:15.904475+00:00
r4lVNviCDss,https://www.youtube.com/watch?v=r4lVNviCDss,说好的幸福呢 周杰伦 (歌词版),GM Lyric,UC8wXsgv4k9fGAo8LwE-KwPQ,257,,,,5376828,周杰伦 Official Music Video | 周杰伦 官方 MV | 周杰伦 杰威尔音乐 | 周杰伦 歌曲 | 周杰伦 歌词版 | 周杰伦 高音质,2026-07-31T14:06:15.904475+00:00
MsgggGMd5TQ,https://www.youtube.com/watch?v=MsgggGMd5TQ,说好的幸福呢 周杰伦 【歌词版】,MZ Lyric,UCGnEI2I9khNDxywnuKli2sg,257,,,,3044,周杰伦 官方 MV | 周杰伦 歌词版,2026-07-31T14:06:15.904475+00:00
sem0sv4Bm9E,https://www.youtube.com/watch?v=sem0sv4Bm9E,谁又在欺负猪？孔雪儿唱周杰伦歌曲！发如雪、七里香跑调了！,娱心悦目,UCbpeNvQa76CR7LLIFxWFp2Q,178,,,,246,周杰伦 歌曲,2026-07-31T14:06:15.904475+00:00
wcj_gHb6QAI,https://www.youtube.com/watch?v=wcj_gHb6QAI,貓咪呀 - 退後（原唱：周杰倫）『離開你以後，並沒有更自由。』【動態歌詞Lyrics】,EHPMusicChannel,UC345x_D7DgK5313D3ftM_EQ,261,,,,5708940,周杰伦 歌词版,2026-07-31T14:06:15.904475+00:00
X9-AVYHvcdc,https://www.youtube.com/watch?v=X9-AVYHvcdc,賴銘偉 Yuming Lai【伊是阮老爸 My Dad 】Official Music Video,滾石唱片 ROCK RECORDS,UCPcF3KTqhD67ADkukx_OeDg,382,,,,12092780,周杰伦 Sony Music Taiwan,2026-07-31T14:06:15.904475+00:00
fPiIIWSv8Tg,https://www.youtube.com/watch?v=fPiIIWSv8Tg,质疑 IU 权威？现场反应让人看呆了 #IU #李知恩 #韩国 #挑战 #演唱会,來小品,UCs_bSAmXSnv4CZLcjXFMbkA,259,,,,6,周杰伦 演唱会 | 周杰伦 现场 Live,2026-07-31T14:06:15.904475+00:00
VcgIFbclhK8,https://www.youtube.com/watch?v=VcgIFbclhK8,走進《龍族前傳》幕後片場：紅堡規模太震撼，手工雕刻模型、手繪黑水灣景色，延續《權力遊戲》背景打造王座廳｜打開名人豪宅｜Vogue Taiwan,VOGUE Taiwan,UCKl0gSq0JOcdzXTrS4gk2cg,966,,,,14753,周杰伦 现场 Live,2026-07-31T14:06:15.904475+00:00
VThjB8szk8I,https://www.youtube.com/watch?v=VThjB8szk8I,赵薇 趙薇，Zhao Wei ，Vicki Zhao《情深深雨蒙蒙》4K高清小字幕双融合版 ，歌曲前半部分是我们平常听到的版本，后半部分是人声合唱版，双版融合更加荡气回肠，,Hongyu Li,UCUgdCMwm9nKRU0jUWpL__fw,283,,,,89,Jay Chou Official MV | 周杰伦 4K MV | 周杰伦 Official Music Video | 周杰伦 专辑 | 周杰伦 官方 MV | 周杰伦 歌词版 | 周杰伦 演唱会 | 周杰伦 现场 Live,2026-07-31T14:06:15.904475+00:00
pugvvBAWMzU,https://www.youtube.com/watch?v=pugvvBAWMzU,超人不会飞 周杰伦 (歌词版),GM Lyric,UC8wXsgv4k9fGAo8LwE-KwPQ,300,,,,913413,周杰伦 官方 MV | 周杰伦 歌词版,2026-07-31T14:06:15.904475+00:00
Axt_1BVYnII,https://www.youtube.com/watch?v=Axt_1BVYnII,超時代演唱會嘉賓花絮2,周杰倫 Jay Chou,UC8CU5nVhCQIdAGrFFp4loOQ,22,,,,31911,Jay Chou Official MV | 周杰伦 Official Music Video | 周杰伦 官方 MV | 周杰伦 歌曲,2026-07-31T14:06:15.904475+00:00
kVLdFLxk-i0,https://www.youtube.com/watch?v=kVLdFLxk-i0,超有Feel的法語完整版周杰倫|Jay Chou《 Mojito》 ，激情拉丁碰撞法語法語香頌|(FULL French Cover w/ rap) Mojito,法兰西的小法师,UC6CtclxFmxprmYuImT-E-mA,183,,,,459777,周杰伦 完整版,2026-07-31T14:06:15.904475+00:00
4KQN_OjvP0U,https://www.youtube.com/watch?v=4KQN_OjvP0U,超神的《開不了口》三件套！ 周杰倫太原嘉年華演唱會Day3,Kilun,UCVB2mC4FyicvsjfQJLbyuxw,270,,,,5407,周杰伦 现场 Live,2026-07-31T14:06:15.904475+00:00
3thdZ_lyFsQ,https://www.youtube.com/watch?v=3thdZ_lyFsQ,超跑女神 Chao Pao Nv Shen (The Goddess of Race) - 周杰倫 Jay Chou 惊叹号,voldemortwillkillu,UCMnpJ88UdU7-1oWA3K_nGOw,155,,,,8344,周杰伦 Sony Music Taiwan,2026-07-31T14:06:15.904475+00:00
AbyzA3Ioj8E,https://www.youtube.com/watch?v=AbyzA3Ioj8E,超高音質《楓》+原key《安靜》！周杰倫悉尼嘉年華演唱會,Kilun,UCVB2mC4FyicvsjfQJLbyuxw,251,,,,18623,周杰伦 演唱会 | 周杰伦 现场 Live,2026-07-31T14:06:15.904475+00:00
ztAgcxHDxcU,https://www.youtube.com/watch?v=ztAgcxHDxcU,跨时代 周杰伦 (歌词版),GM Lyric,UC8wXsgv4k9fGAo8LwE-KwPQ,195,,,,130810,周杰伦 官方 MV | 周杰伦 歌词版,2026-07-31T14:06:15.904475+00:00
v8wBGTyc24E,https://www.youtube.com/watch?v=v8wBGTyc24E,"車銀優 (Cha Eun Woo) - 'Don't Cry, My Love' 官方中字",台灣索尼音樂 Sony Music Taiwan,UCFtUq0ml-coWmD70Pt_urRA,230,,,,49290,周杰伦 Sony Music Taiwan,2026-07-31T14:06:15.904475+00:00
UzCzFpuiCWo,https://www.youtube.com/watch?v=UzCzFpuiCWo,軌跡,周杰倫 Jay Chou,UC8CU5nVhCQIdAGrFFp4loOQ,395,,,,2467570,周杰伦 演唱会 | 周杰伦 现场 Live,2026-07-31T14:06:15.904475+00:00
lPHt6FCAf04,https://www.youtube.com/watch?v=lPHt6FCAf04,轨跡 周杰伦 (歌词版),GM Lyric,UC8wXsgv4k9fGAo8LwE-KwPQ,327,,,,3365084,周杰伦 官方 MV | 周杰伦 歌词版,2026-07-31T14:06:15.904475+00:00
4A3C51tkVGU,https://www.youtube.com/watch?v=4A3C51tkVGU,轨迹   周杰伦   歌词动态版   高音质,Rich Lyrics,UCfIXUQd-VrPkrXSS1YS_Nsw,323,,,,1102,周杰伦 高音质,2026-07-31T14:06:15.904475+00:00
qbygHr9eikQ,https://www.youtube.com/watch?v=qbygHr9eikQ,过誉？盲从？大家期待周杰伦专辑时，到底在期待什么,娛樂小菠蘿,UCkL-79OpqSu2jvySpYjY1hQ,177,,,,24,周杰伦 专辑,2026-07-31T14:06:15.904475+00:00
1gYMd43Ipqc,https://www.youtube.com/watch?v=1gYMd43Ipqc,还会再陪你很多个四年#周杰伦演唱会 #周杰伦,冬冬和37,UCgRNox-u6Wg36CDIBS9C5HQ,1539,,,,1154,周杰伦 演唱会,2026-07-31T14:06:15.904475+00:00
6dEwWTvbE54,https://www.youtube.com/watch?v=6dEwWTvbE54,还在流浪 周杰伦 (歌词版),GM Lyric,UC8wXsgv4k9fGAo8LwE-KwPQ,266,,,,84433,周杰伦 官方 MV | 周杰伦 歌词版,2026-07-31T14:06:15.904475+00:00
BszRRQtoyFA,https://www.youtube.com/watch?v=BszRRQtoyFA,这世界的热闹 出自孤单#周杰伦 #周杰伦新专辑# vs “人群太吵了 想去有风的地方感受,Lex Kuwiriya,UC4InYi48Dw6QJ2vCdVa41XA,7,,,,1,周杰伦 专辑,2026-07-31T14:06:15.904475+00:00
63uzigtlCbY,https://www.youtube.com/watch?v=63uzigtlCbY,这个男人仅凭三张专辑，让周杰伦林俊杰做他的小弟，却在巅峰时销声匿迹#林俊杰 #音乐 #阿杜 #人物故事 #娱乐评论大赏,山谷回音馆,UCEf5P1KeXJjRhx2c9z4ksqQ,251,,,,28,周杰伦 专辑,2026-07-31T14:06:15.904475+00:00
V-kJLSA35Es,https://www.youtube.com/watch?v=V-kJLSA35Es,这就是实力！张惠妹在周杰伦演唱会无耳返唱《连名带姓》｜综艺我最顶,综艺我最顶,UC0jxKoS7k5CHU0hTC4jXKDg,921,,,,878,周杰伦 演唱会,2026-07-31T14:06:15.904475+00:00
Sz2ddZRhg7U,https://www.youtube.com/watch?v=Sz2ddZRhg7U,这是杰伦最骄傲的一首歌 祝福我们的祖国繁荣昌盛#周杰伦  vs 也许时间是一种解药，也是我现在正服下的,Ngocqui Cao,UCfZQpTQBxUtUATJ14ZmA5Tw,17,,,,17,周杰伦 杰威尔音乐,2026-07-31T14:06:15.904475+00:00
gC4lzmE7ryQ,https://www.youtube.com/watch?v=gC4lzmE7ryQ,这样听演唱会，也是别有一番情趣周杰伦周杰伦演唱会告白气球,王腾飞冲冲冲,UCoeFkRmRrCW5OMVOYYr_fww,238,,,,51,周杰伦 演唱会,2026-07-31T14:06:15.904475+00:00
E8VUmK4H8Bc,https://www.youtube.com/watch?v=E8VUmK4H8Bc,迷迭香 周杰伦 (歌词版),GM Lyric,UC8wXsgv4k9fGAo8LwE-KwPQ,252,,,,244185,周杰伦 官方 MV | 周杰伦 歌词版,2026-07-31T14:06:15.904475+00:00
rx0U_zaWtoM,https://www.youtube.com/watch?v=rx0U_zaWtoM,迷魂曲 - 周杰伦 [Full HD 1080P],Jahao Wu,UCfdwUfqg2gBnTMr1HrIXdjA,228,,,,3653,周杰伦 1080P MV,2026-07-31T14:06:15.904475+00:00
ByvIH98eCEw,https://www.youtube.com/watch?v=ByvIH98eCEw,追星成功！林更新看周杰伦演唱会被cue超激动,咪咕官方频道 MiGu Official Channel,UC_GOBhrExflJNWZYPnT1htQ,64,,,,755,周杰伦 演唱会,2026-07-31T14:06:15.904475+00:00
aV_bXXJwYFY,https://www.youtube.com/watch?v=aV_bXXJwYFY,退后 2007世界巡回演唱会 #周杰伦,James GG,UCubeivrWQSIKU8dK6am5p2g,304,,,,17307,周杰伦 演唱会 | 周杰伦 现场 Live,2026-07-31T14:06:15.904475+00:00
KBsJNfRFMkk,https://www.youtube.com/watch?v=KBsJNfRFMkk,退后 周杰伦 (歌词版),GM Lyric,UC8wXsgv4k9fGAo8LwE-KwPQ,262,,,,8424100,Jay Chou Official MV | 周杰伦 Official Music Video | 周杰伦 官方 MV | 周杰伦 杰威尔音乐 | 周杰伦 歌曲 | 周杰伦 歌词版,2026-07-31T14:06:15.904475+00:00
_n_-QFUtdBM,https://www.youtube.com/watch?v=_n_-QFUtdBM,退后 周杰伦 (歌词版) 退后 Jay Chou (Lyrics),Music Gathering,UCz5OcnmYZwcYYwyPRRJhtkg,262,,,,233,周杰伦 杰威尔音乐,2026-07-31T14:06:15.904475+00:00
zWjR-ux5RYc,https://www.youtube.com/watch?v=zWjR-ux5RYc,退后 周杰伦 JayChou [歌词版],may w,UC3Ha2DKB06sjW0nxVrnfQoA,261,,,,85566,周杰伦 歌词版,2026-07-31T14:06:15.904475+00:00
Vh9FDut7Ejw,https://www.youtube.com/watch?v=Vh9FDut7Ejw,退後,周杰倫 Jay Chou,UC8CU5nVhCQIdAGrFFp4loOQ,265,,,,1153914,周杰伦 演唱会 | 周杰伦 现场 Live,2026-07-31T14:06:15.904475+00:00
8IrmP3rtQzk,https://www.youtube.com/watch?v=8IrmP3rtQzk,邓紫棋偷偷买票去看周董演唱会，现场被抓包，接下来这波操作厉害了！,悦耳音乐酱,UCqWNOHjgfL8ADEdXGznzwUw,456,,,,2542338,周杰伦 演唱会,2026-07-31T14:06:15.904475+00:00
e0t7vnVYOM4,https://www.youtube.com/watch?v=e0t7vnVYOM4,那些偷偷出现在周杰伦演唱会的明星,Wh,UCCk764bFgy_CokZFsK2AHTA,842,,,,371416,周杰伦 演唱会,2026-07-31T14:06:15.904475+00:00
84AXpoVfUhE,https://www.youtube.com/watch?v=84AXpoVfUhE,那些年陪我们长大的周杰伦歌曲 PART 1 Best of Jay Chou 2020 1080 HD,Aiken Wong,UCCnRQWxbUkLJW8fF0wHMRjg,6031,,,,117825,周杰伦 Official Music Video | 周杰伦 歌曲,2026-07-31T14:06:15.904475+00:00
_fich84APRU,https://www.youtube.com/watch?v=_fich84APRU,那些年陪我们长大的周杰伦歌曲 PART 2 Best of Jay Chou,Aiken Wong,UCCnRQWxbUkLJW8fF0wHMRjg,5599,,,,662951,周杰伦 Official Music Video | 周杰伦 歌曲,2026-07-31T14:06:15.904475+00:00
lNCQbx-y9V8,https://www.youtube.com/watch?v=lNCQbx-y9V8,那天下雨了,周杰倫 Jay Chou,UC8CU5nVhCQIdAGrFFp4loOQ,224,,,,8234146,周杰伦 专辑 | 周杰伦 完整版 | 周杰伦 杰威尔音乐 | 周杰伦 歌曲 | 周杰伦 歌词版 | 周杰伦 演唱会,2026-07-31T14:06:15.904475+00:00
YZ0tzUB80XA,https://www.youtube.com/watch?v=YZ0tzUB80XA,郎朗最新錄音大碟:蕭邦鋼琴作品集,台灣索尼音樂 Sony Music Taiwan,UCFtUq0ml-coWmD70Pt_urRA,31,,,,3311,周杰伦 Sony Music Taiwan,2026-07-31T14:06:15.904475+00:00
-0aB7EDZ6TU,https://www.youtube.com/watch?v=-0aB7EDZ6TU,郭富城 Aaron Kwok -《Para Para Sakura》Official MV (電影《芭啦芭啦櫻之花》主題曲),Timeless Music Hong Kong天碟,UCY0PgL05KukG72d-ZO6_OYw,230,,,,6568781,Jay Chou Official MV,2026-07-31T14:06:15.904475+00:00
Lq-SzPQ9CFw,https://www.youtube.com/watch?v=Lq-SzPQ9CFw,郭富城擔任周杰倫終極尾場演唱會嘉賓合唱《永遠愛不完》郭富城勁唱勁跳《狂野之城》,hksingerchannel,UCr5loQerAZWs4nwHIpt56Tw,152,,,,3221326,周杰伦 4K MV | 周杰伦 完整版 | 周杰伦 杰威尔音乐 | 周杰伦 演唱会 | 周杰伦 现场 Live,2026-07-31T14:06:15.904475+00:00
SMqYzOvQbEA,https://www.youtube.com/watch?v=SMqYzOvQbEA,鄉間的路,周杰倫 Jay Chou,UC8CU5nVhCQIdAGrFFp4loOQ,203,,,,1619988,周杰伦 完整版,2026-07-31T14:06:15.904475+00:00
TABQGJcDeic,https://www.youtube.com/watch?v=TABQGJcDeic,鄧紫棋隨口飆高音〈夜曲〉！RAP倒背如流致敬周杰倫@ebcstars,東森娛樂,UCmyVDKnXwdw3McUlcijqmvQ,1228,,,,157862,周杰伦 杰威尔音乐,2026-07-31T14:06:15.904475+00:00
XQOIZedUP4s,https://www.youtube.com/watch?v=XQOIZedUP4s,鄧麗君3D・朗嘎拉姆和周杰倫合唱 Langgalamu & Jay Chou《你怎麼說》《紅塵客棧》《千里之外》2013周杰倫台北小巨蛋演唱會 & 2015中國好聲音,EPa,UCPdqEgCfgWVAlXSLFLdZrYQ,297,,,,25396,周杰伦 Official Music Video,2026-07-31T14:06:15.904475+00:00
XfC_wWSFgc4,https://www.youtube.com/watch?v=XfC_wWSFgc4,鄭心慈 Kelly Cheng《告白氣球》/ 原唱：周杰倫,鄭沐晴 Kelly Cheng,UCjp4b34V4urWmyLXYSfyURQ,206,,,,6469,周杰伦 Sony Music Taiwan,2026-07-31T14:06:15.904475+00:00
P1JUS4emI2s,https://www.youtube.com/watch?v=P1JUS4emI2s,鄭智化 Zheng Zhi-Hua - 水手 Sailor (official官方完整版MV),Timeless Music,UCJCg4enuciH7IlFIBaJ_NEQ,293,,,,21583531,周杰伦 Sony Music Taiwan,2026-07-31T14:06:15.904475+00:00
qdFv8CS-gGI,https://www.youtube.com/watch?v=qdFv8CS-gGI,酷狗音乐周杰伦每张专辑播放量最高的歌曲，第一名的播放量接近两亿！#周杰伦,周杰伦文案馆,UC8vq2O3TEi0MCk6awjYm3Dg,394,,,,13732,周杰伦 专辑,2026-07-31T14:06:15.904475+00:00
I7xuu7Hj0m0,https://www.youtube.com/watch?v=I7xuu7Hj0m0,重温周杰伦非常好听的10首歌曲，你还知道哪些？,Pao Jay,UCJdrjszvh3neEeLAW6PqnHg,2736,,,,892,周杰伦 歌曲,2026-07-31T14:06:15.904475+00:00
V8NDRzALKQI,https://www.youtube.com/watch?v=V8NDRzALKQI,銘傳校友啦啦隊&黃彥章《 LALA EVERY YOU 》Official Music Video,台灣索尼音樂 Sony Music Taiwan,UCFtUq0ml-coWmD70Pt_urRA,206,,,,29948,周杰伦 Sony Music Taiwan,2026-07-31T14:06:15.904475+00:00
i8qyy-DLklk,https://www.youtube.com/watch?v=i8qyy-DLklk,鍾舒棋－燕兒翩翩之一場意外,泰國華人冠,UC4sw4jEpDC_-H73o9VLTHAA,245,,,,14815,周杰伦 lyric video | 周杰伦 完整版 | 周杰伦 歌词版,2026-07-31T14:06:15.904475+00:00
adkzLJAH6G0,https://www.youtube.com/watch?v=adkzLJAH6G0,鏡週刊 娛樂即時》周杰倫角逐歌王寶座 見籃球技癢秀一手,鏡週刊,UCYkldEK001GxR884OZMFnRw,96,,,,270,周杰伦 Sony Music Taiwan,2026-07-31T14:06:15.904475+00:00
ICj3lxoxJfw,https://www.youtube.com/watch?v=ICj3lxoxJfw,锐评周杰伦新专辑《太阳之子》，太阳之子？更像是逐日的夸父 #周杰伦 #太阳之子 #reaction #周杰伦新专辑 #伍洲彤,伍洲彤,UCBnoFrvw4OWMvS0nXeMJx1A,284,,,,11,周杰伦 专辑,2026-07-31T14:06:15.904475+00:00
MTluKr0Wu5I,https://www.youtube.com/watch?v=MTluKr0Wu5I,错过的烟火 周杰伦 (歌词版),GM Lyric,UC8wXsgv4k9fGAo8LwE-KwPQ,258,,,,58048,周杰伦 官方 MV | 周杰伦 歌词版,2026-07-31T14:06:15.904475+00:00
8fzDeY1EXqQ,https://www.youtube.com/watch?v=8fzDeY1EXqQ,開不了口,周杰倫 Jay Chou,UC8CU5nVhCQIdAGrFFp4loOQ,273,,,,384509,周杰伦 演唱会,2026-07-31T14:06:15.904475+00:00
wiDUhWdYUSE,https://www.youtube.com/watch?v=wiDUhWdYUSE,開不了口,周杰倫 Jay Chou,UC8CU5nVhCQIdAGrFFp4loOQ,291,,,,316535,周杰伦 演唱会,2026-07-31T14:06:15.904475+00:00
KvwY9DN7LxY,https://www.youtube.com/watch?v=KvwY9DN7LxY,"閻奕格 Janice Yan [ 愛上現在的我 Right , now! ](feat. 高爾宣 OSN) Official Music Video",華研國際,UCCsUQXwhDj4iVlhG4VCq6Kg,194,,,,14126929,周杰伦 Sony Music Taiwan,2026-07-31T14:06:15.904475+00:00
j3AW1uKj2aE,https://www.youtube.com/watch?v=j3AW1uKj2aE,關喆 Grady - 想你的夜 (未眠版) Miss You Tonight (Official 高畫質 HD 官方完整版 MV),Timeless Music,UCJCg4enuciH7IlFIBaJ_NEQ,287,,,,92431152,周杰伦 lyric video,2026-07-31T14:06:15.904475+00:00
5ggqtLn11hY,https://www.youtube.com/watch?v=5ggqtLn11hY,阳光宅男 周杰伦 (歌词版),GM Lyric,UC8wXsgv4k9fGAo8LwE-KwPQ,223,,,,698507,周杰伦 官方 MV | 周杰伦 歌词版,2026-07-31T14:06:15.904475+00:00
SiHz9_kd4MU,https://www.youtube.com/watch?v=SiHz9_kd4MU,阿信揪超強陣容翻唱〈誰稀罕〉！周杰倫樂喊：一早睡醒驚喜 @videolandnews,緯來新聞網,UChjlMD6F1rx2gy2g2FM9xJA,509,,,,69,Jay Chou Official MV | 周杰伦 官方 MV,2026-07-31T14:06:15.904475+00:00
61bdEKh66do,https://www.youtube.com/watch?v=61bdEKh66do,附歌词‼️周杰伦180步频｜超慢跑60分钟,Jacelyn Lim 美妈与厨房,UCi7tLfMVQVCI8V3_aub44ew,3575,,,,18552,周杰伦 官方 MV,2026-07-31T14:06:15.904475+00:00
GAH5pADHVu8,https://www.youtube.com/watch?v=GAH5pADHVu8,陈信宏破音引唱功质疑，专业人士为何集体点赞？ #陈信宏，五月天，破音，演唱会，唱功质疑，粉丝辩护,愛豆進化論,UCqgZA6vn9Rg5vNMY2xl26SA,442,,,,0,周杰伦 Official Music Video | 周杰伦 lyric video | 周杰伦 专辑 | 周杰伦 官方 MV | 周杰伦 歌曲 | 周杰伦 演唱会 | 周杰伦 现场 Live,2026-07-31T14:06:15.904475+00:00
MFQZDDML8N4,https://www.youtube.com/watch?v=MFQZDDML8N4,降央卓玛倾情演绎周杰伦歌曲烟花易冷，独特的嗓音让现场观众陶醉不已,Al Deniro,UCtav7Yp6y2YaSm2WVxUWEZQ,389,,,,5711,周杰伦 歌曲,2026-07-31T14:06:15.904475+00:00
R8B-r6PhD8o,https://www.youtube.com/watch?v=R8B-r6PhD8o,陳勢安 Andrew Tan - More Than Friends MV 幕後花絮,陳勢安 Andrew Tan,UCahhtwM7JsaCxI-5BHLokYg,198,,,,3313,周杰伦 Sony Music Taiwan,2026-07-31T14:06:15.904475+00:00
x62izKELjzA,https://www.youtube.com/watch?v=x62izKELjzA,陳勢安 Andrew Tan - 全世界我只想保護你 Loverboy MV Teaser,陳勢安 Andrew Tan,UCahhtwM7JsaCxI-5BHLokYg,15,,,,7868,周杰伦 Sony Music Taiwan,2026-07-31T14:06:15.904475+00:00
nQ-6maiduYU,https://www.youtube.com/watch?v=nQ-6maiduYU,陳勢安 Andrew Tan - 連輸入法都記得你 Still Remembers Official MV (《HIStory5-遇見未來的你》LINE TV片尾曲),陳勢安 Andrew Tan,UCahhtwM7JsaCxI-5BHLokYg,273,,,,4817375,周杰伦 Sony Music Taiwan,2026-07-31T14:06:15.904475+00:00
4jmxHf06M2c,https://www.youtube.com/watch?v=4jmxHf06M2c,陳小春 Jordan Chan - 一定要幸福 (Official MV),JordanChanVEVO,UCqg1RWj-aq21FRcmIdR7tCA,342,,,,598988,周杰伦 Sony Music Taiwan,2026-07-31T14:06:15.904475+00:00
lrs2XcDr45U,https://www.youtube.com/watch?v=lrs2XcDr45U,陳小春 Jordan Chan - 犯賤 (Official MV),JordanChanVEVO,UCqg1RWj-aq21FRcmIdR7tCA,265,,,,801328,周杰伦 Sony Music Taiwan,2026-07-31T14:06:15.904475+00:00
4_ntNks3lds,https://www.youtube.com/watch?v=4_ntNks3lds,陳若玗 Jo-Yu Chen 《Song For Twins》 Trailer for album 《Savage Beauty》,台灣索尼音樂 Sony Music Taiwan,UCFtUq0ml-coWmD70Pt_urRA,73,,,,6032,周杰伦 Sony Music Taiwan,2026-07-31T14:06:15.904475+00:00
A0ZXuUfErYQ,https://www.youtube.com/watch?v=A0ZXuUfErYQ,陳若玗/野蠻的美麗亞洲巡迴現場演出 Jo-Yu Chen / Savage Beauty Asia Live Concert,台灣索尼音樂 Sony Music Taiwan,UCFtUq0ml-coWmD70Pt_urRA,447,,,,8744,周杰伦 Sony Music Taiwan,2026-07-31T14:06:15.904475+00:00
3L3Me4JXVqE,https://www.youtube.com/watch?v=3L3Me4JXVqE,陶喆 David Tao – 普通朋友 Regular Friends (官方完整版MV),Timeless Music,UCJCg4enuciH7IlFIBaJ_NEQ,253,,,,17724226,周杰伦 4K MV,2026-07-31T14:06:15.904475+00:00
NFtChxqNPvw,https://www.youtube.com/watch?v=NFtChxqNPvw,陶晶瑩2013全新專輯同名歌曲《真的假的》Official MV HD,陶晶瑩,UCGmpPZXZ-qXOlJ8tVN8FNbw,233,,,,4416215,周杰伦 Sony Music Taiwan,2026-07-31T14:06:15.904475+00:00
q4O_PovGTzo,https://www.youtube.com/watch?v=q4O_PovGTzo,陶晶瑩《嗯嘛》周杰倫x方文山量身打造 Official MV HD,陶晶瑩,UCGmpPZXZ-qXOlJ8tVN8FNbw,187,,,,2028047,周杰伦 Sony Music Taiwan,2026-07-31T14:06:15.904475+00:00
eVaSvVxHB4M,https://www.youtube.com/watch?v=eVaSvVxHB4M,陽光宅男(live)- 周杰倫2007世界巡迴演唱會,LF SHOW 07,UCRAiaENSdwnXrx8YqzPD8aQ,244,,,,17433,周杰伦 现场 Live,2026-07-31T14:06:15.904475+00:00
msrvaIrZFBY,https://www.youtube.com/watch?v=msrvaIrZFBY,难道周杰伦新专辑同名主打歌《太阳之子》又拉了？#音樂 #乐评 #华语音乐 #周杰伦 #太阳之子 #淘金小镇 #music,胡侃音乐,UCGSpaNhGqEJaQKHbwM6tcSA,329,,,,131,周杰伦 专辑,2026-07-31T14:06:15.904475+00:00
0SmVUP3Nk4s,https://www.youtube.com/watch?v=0SmVUP3Nk4s,雙刀,周杰倫 Jay Chou,UC8CU5nVhCQIdAGrFFp4loOQ,292,,,,626840,周杰伦 JVR Music,2026-07-31T14:06:15.904475+00:00
jjIsxw-C2aM,https://www.youtube.com/watch?v=jjIsxw-C2aM,雙刀+雙截棍+龍拳,周杰倫 Jay Chou,UC8CU5nVhCQIdAGrFFp4loOQ,421,,,,123381,周杰伦 JVR Music,2026-07-31T14:06:15.904475+00:00
uAIlLMMk43M,https://www.youtube.com/watch?v=uAIlLMMk43M,雨下一整晚 (R&B版),仔仔芽 - Topic,UCtxLSRJxGg4WQ5dXe_JhkWw,255,,,,1987,周杰伦 官方 MV | 周杰伦 歌曲 | 周杰伦 歌词版,2026-07-31T14:06:15.904475+00:00
I8pT6Lf9TgU,https://www.youtube.com/watch?v=I8pT6Lf9TgU,雨停之前想你 🌧️ 2026華語新歌｜最催淚傷感情歌｜高音質完整版,熱歌榜,UCucnGHGQwno92EX6J7Bm2_Q,268,,,,167,周杰伦 完整版 | 周杰伦 歌词版 | 周杰伦 高音质,2026-07-31T14:06:15.904475+00:00
OrZFnhIVxJI,https://www.youtube.com/watch?v=OrZFnhIVxJI,雷光夏Summer Lei-TICC演唱會-消失的奏鳴曲-我的80年代,雷光夏 Summer Lei,UC2KvJ-82U6aVHt48olJHl_w,282,,,,14177,周杰伦 Sony Music Taiwan,2026-07-31T14:06:15.904475+00:00
uOGur0AtfWM,https://www.youtube.com/watch?v=uOGur0AtfWM,霍元甲 周杰伦 (歌词版),GM Lyric,UC8wXsgv4k9fGAo8LwE-KwPQ,279,,,,767847,周杰伦 官方 MV | 周杰伦 歌词版,2026-07-31T14:06:15.904475+00:00
Tbe0tLs-gVw,https://www.youtube.com/watch?v=Tbe0tLs-gVw,霍元甲 周杰伦 （高音質）,只放高音質,UC-D1cC9d7GZ3y4H1-QyWt6A,280,,,,20,周杰伦 高音质,2026-07-31T14:06:15.904475+00:00
KL8-5dbZ1Dc,https://www.youtube.com/watch?v=KL8-5dbZ1Dc,霍元甲(live)- 周杰倫2007世界巡迴演唱會,LF SHOW 07,UCRAiaENSdwnXrx8YqzPD8aQ,196,,,,182743,周杰伦 现场 Live,2026-07-31T14:06:15.904475+00:00
tGiev9qEDCo,https://www.youtube.com/watch?v=tGiev9qEDCo,霍元甲周杰伦专辑 DVD Sony BMG Original Malaysia 开幕片,Speedy Video Carlsberg Movie ,UCwiTRr-70G1rzyOgLhAGuHw,44,,,,156,周杰伦 Sony Music Taiwan | 周杰伦 专辑,2026-07-31T14:06:15.904475+00:00
WfYO_Q2n-Vk,https://www.youtube.com/watch?v=WfYO_Q2n-Vk,青花 - 周傳雄 - 『超高无损音質』【動態歌詞Lyrics】,POP MusicChannel,UC4XXsZW-Fi1vamPVGfDenlA,295,,,,3312879,周杰伦 高音质,2026-07-31T14:06:15.904475+00:00
DxpndDEAqGk,https://www.youtube.com/watch?v=DxpndDEAqGk,青花瓷,周杰倫 Jay Chou,UC8CU5nVhCQIdAGrFFp4loOQ,240,,,,28885743,周杰伦 现场 Live,2026-07-31T14:06:15.904475+00:00
CqkLWBwGrp0,https://www.youtube.com/watch?v=CqkLWBwGrp0,青花瓷 Blue and White Porcelain,FM Station,UClrpX1bKQSbBSJp6l4PWKbQ,230,,,,17245,周杰伦 歌曲,2026-07-31T14:06:15.904475+00:00
CZ78y__MIzM,https://www.youtube.com/watch?v=CZ78y__MIzM,青花瓷 MV （完整版）,Quanwc815,UCNEhMqMfdu2N72kgLHTX0kw,237,,,,36375301,Jay Chou Official MV | 周杰伦 1080P MV | 周杰伦 歌曲,2026-07-31T14:06:15.904475+00:00
CPWTHYWP-rc,https://www.youtube.com/watch?v=CPWTHYWP-rc,青花瓷 Qing Hua Ci – Jay Chou🎤 Lyrics Video (Pinyin + Indonesian),wijaya karaoke,UCVExxuZhC4PnrMqzjo4hhuw,235,,,,406532,Jay Chou Official MV | 周杰伦 lyric video,2026-07-31T14:06:15.904475+00:00
bz4Wkyo-q4o,https://www.youtube.com/watch?v=bz4Wkyo-q4o,青花瓷 周杰伦 (歌词版),GM Lyric,UC8wXsgv4k9fGAo8LwE-KwPQ,240,,,,3799916,周杰伦 Official Music Video | 周杰伦 官方 MV | 周杰伦 杰威尔音乐 | 周杰伦 歌曲 | 周杰伦 歌词版,2026-07-31T14:06:15.904475+00:00
EcGbO1ZI-ZI,https://www.youtube.com/watch?v=EcGbO1ZI-ZI,青花瓷 周杰伦 钢琴教学简易单手版,彈琴咯 White Piano,UC9e2zOlm4lbmiB8OWNyWh9A,349,,,,152427,周杰伦 完整版,2026-07-31T14:06:15.904475+00:00
pLHigWszQx8,https://www.youtube.com/watch?v=pLHigWszQx8,非诚勿扰 周杰伦十年铁粉，最大的愿望是       20230812,江苏卫视官方频道China JiangsuTV Official Channel,UCZWO2OrUFQ0F6Ft_zO4LqQg,236,,,,1198,周杰伦 1080P MV,2026-07-31T14:06:15.904475+00:00
8MG--WuNW1Y,https://www.youtube.com/watch?v=8MG--WuNW1Y,韋禮安 WeiBird《如果可以 Red Scarf》MV - 電影「月老」主題曲導演親剪音樂視角版,韋禮安 WeiBird,UCeNjr6aT_-wnwmybVTRfj0w,275,,,,205216527,周杰伦 4K MV | 周杰伦 Sony Music Taiwan | 周杰伦 lyric video,2026-07-31T14:06:15.904475+00:00
KiKz9GKyqKM,https://www.youtube.com/watch?v=KiKz9GKyqKM,韩国人在台湾街头唱中文歌｜韩语版｜周杰伦 – 枫(단풍)｜OUBA MUSIC,OUBA MUSIC 오뮤,UCH6YO7WH6BZaNSuHt9GVLTg,278,,,,632816,周杰伦 歌词版 | 周杰伦 现场 Live,2026-07-31T14:06:15.904475+00:00
6DLTRKKHkWA,https://www.youtube.com/watch?v=6DLTRKKHkWA,韩语完整版周杰伦-明明就Cverby裵成秀翻唱明明就周杰伦唱歌给你听韩语版,欧巴Music,UC7LgVOfeeDy7okkh99nr6lQ,239,,,,36,周杰伦 完整版,2026-07-31T14:06:15.904475+00:00
lgb0FgdTVCg,https://www.youtube.com/watch?v=lgb0FgdTVCg,音乐剧周杰伦歌曲串烧 夜曲/稻香/听妈妈的话/等你下课,Hendry Haryono,UC4p-LhzPBX-7s83nGNLPCfw,420,,,,982,周杰伦 歌曲,2026-07-31T14:06:15.904475+00:00
bCJhQifpBBc,https://www.youtube.com/watch?v=bCJhQifpBBc,預購【周杰倫的床邊故事 Jay Chou's Bedtime Stories】,周杰倫 Jay Chou,UC8CU5nVhCQIdAGrFFp4loOQ,21,,,,132670,Jay Chou Official MV | 周杰伦 Official Music Video | 周杰伦 lyric video | 周杰伦 官方 MV | 周杰伦 歌词版,2026-07-31T14:06:15.904475+00:00
sjBLD_5qFt8,https://www.youtube.com/watch?v=sjBLD_5qFt8,預購【周杰倫的床邊故事 Jay Chou's Bedtime Stories】,周杰倫 Jay Chou,UC8CU5nVhCQIdAGrFFp4loOQ,11,,,,200943,Jay Chou Official MV | 周杰伦 Official Music Video | 周杰伦 lyric video | 周杰伦 官方 MV | 周杰伦 歌词版,2026-07-31T14:06:15.904475+00:00
71885KQ-lJM,https://www.youtube.com/watch?v=71885KQ-lJM,顶流乐评人阿张：狂喷周杰伦新专辑！吐槽黄雨勋不懂编曲！自己做出的beat却被群嘲？Rayzhang｜音乐｜娱乐｜抽象｜搞笑【修成XiuCheng】,修成XiuCheng_Channel,UCoPMIoiAdBrPv0_TuLGKpYg,265,,,,237,周杰伦 专辑,2026-07-31T14:06:15.904475+00:00
7xwbLXqcIIs,https://www.youtube.com/watch?v=7xwbLXqcIIs,首度合唱！素顏看周杰倫演唱會被cue開金嗓　鄧紫棋：早知道先化妝｜鏡週刊,鏡週刊,UCYkldEK001GxR884OZMFnRw,157,,,,2329963,周杰伦 完整版,2026-07-31T14:06:15.904475+00:00
wVYQgU2ln4I,https://www.youtube.com/watch?v=wVYQgU2ln4I,首次原Key！周杰倫《蘭亭序》香港現場版音高測量 B4咬字！,WeLoveJay,UCGS_MnoaTilY8pXkuAWE0Dg,112,,,,27959,周杰伦 现场 Live,2026-07-31T14:06:15.904475+00:00
TcV2YC5AXwY,https://www.youtube.com/watch?v=TcV2YC5AXwY,驚嘆號 (2011 專輯) Jīngtànhào  | Jay Chou - Wow! Full Album | 周杰倫好聽的11首歌 [4K],杰威爾歌詞MV頻道JVR Lyric MV,UCsMWXIFViw8KxCl1i7X8deA,2335,,,,2558,周杰伦 杰威尔音乐,2026-07-31T14:06:15.904475+00:00
yeaU7K6vnrk,https://www.youtube.com/watch?v=yeaU7K6vnrk,高清 1080P 周杰伦《说好不哭》,Luck Ben,UC8_xCg0JpgqeSk2dhhoG6vw,222,,,,2312,周杰伦 1080P MV,2026-07-31T14:06:15.904475+00:00
lZHCrWrpNUg,https://www.youtube.com/watch?v=lZHCrWrpNUg,高清 1080P 周杰伦单曲《我是如此相信》高音质版本,张业兴,UC0GY2L3Xej20mujbY9WJSIQ,254,,,,1051,周杰伦 1080P MV | 周杰伦 高音质,2026-07-31T14:06:15.904475+00:00
HQDDlgGy2hg,https://www.youtube.com/watch?v=HQDDlgGy2hg,高爾宣 OSN -【Without You】沒了妳｜Official MV,SKRpresents 陶山音樂,UCHJ2m6e8Lkw_m2VhRT119UQ,185,,,,128232601,周杰伦 Sony Music Taiwan,2026-07-31T14:06:15.904475+00:00
xS1keBiX3x4,https://www.youtube.com/watch?v=xS1keBiX3x4,高音質！周杰倫【2023嘉年華演唱會太原Day3】《軌跡》,Kilun,UCVB2mC4FyicvsjfQJLbyuxw,170,,,,8706,周杰伦 现场 Live | 周杰伦 高音质,2026-07-31T14:06:15.904475+00:00
M1tmYdeh6ZM,https://www.youtube.com/watch?v=M1tmYdeh6ZM,魏如萱 waa wei [ 你啊你啊 ] 官方完整試聽版MV,waawei,UCHGbDumXDqxpnkUGzwq3A3g,326,,,,28308120,周杰伦 Sony Music Taiwan,2026-07-31T14:06:15.904475+00:00
saiJbqHBuew,https://www.youtube.com/watch?v=saiJbqHBuew,魏如萱 waa wei [ 你啊你啊 Only You ] Official Music Video,waawei,UCHGbDumXDqxpnkUGzwq3A3g,467,,,,19331994,周杰伦 Sony Music Taiwan,2026-07-31T14:06:15.904475+00:00
X8o5dVLEFpQ,https://www.youtube.com/watch?v=X8o5dVLEFpQ,魔天伦香港站：周杰伦 x 甄子丹《双截棍》《龙卷风》官方版 高清,Law Jackie,UC-PsXRuEgLRRTpggDR-9zYA,551,,,,553658,周杰伦 现场 Live,2026-07-31T14:06:15.904475+00:00
sZXx_XvndYA,https://www.youtube.com/watch?v=sZXx_XvndYA,麥芽糖,周杰倫 Jay Chou,UC8CU5nVhCQIdAGrFFp4loOQ,261,,,,995680,周杰伦 JVR Music,2026-07-31T14:06:15.904475+00:00
z1iZfxhQ-eg,https://www.youtube.com/watch?v=z1iZfxhQ-eg,黃昏 - 周傳雄 - 『超高无损音質』【動態歌詞Lyrics】,POP MusicChannel,UC4XXsZW-Fi1vamPVGfDenlA,300,,,,36445402,周杰伦 lyric video | 周杰伦 高音质,2026-07-31T14:06:15.904475+00:00
s3e2Gn_I2is,https://www.youtube.com/watch?v=s3e2Gn_I2is,黃綺珊&蕭敬騰《當我們在同一個世界》神級對談 EP1,台灣索尼音樂 Sony Music Taiwan,UCFtUq0ml-coWmD70Pt_urRA,212,,,,8260,周杰伦 Sony Music Taiwan,2026-07-31T14:06:15.904475+00:00
IFDSyR_nkEA,https://www.youtube.com/watch?v=IFDSyR_nkEA,黃綺珊&蕭敬騰《當我們在同一個世界》神級對談 EP2,台灣索尼音樂 Sony Music Taiwan,UCFtUq0ml-coWmD70Pt_urRA,244,,,,7049,周杰伦 Sony Music Taiwan,2026-07-31T14:06:15.904475+00:00
BDqbid0EnYY,https://www.youtube.com/watch?v=BDqbid0EnYY,黃綺珊&蕭敬騰《當我們在同一個世界》神級對談 EP3,台灣索尼音樂 Sony Music Taiwan,UCFtUq0ml-coWmD70Pt_urRA,176,,,,4071,周杰伦 Sony Music Taiwan,2026-07-31T14:06:15.904475+00:00
2J6cAwYvDeo,https://www.youtube.com/watch?v=2J6cAwYvDeo,黃金甲,周杰倫 Jay Chou,UC8CU5nVhCQIdAGrFFp4loOQ,215,,,,1108028,周杰伦 JVR Music,2026-07-31T14:06:15.904475+00:00
Ken-qobO8N4,https://www.youtube.com/watch?v=Ken-qobO8N4,黄晓明在周杰伦演唱会上点评昆凌：你老婆在中餐厅就是天使，嘉宾黄晓明Talking Part  #周杰伦演唱会 #Hannah昆凌 #黄晓明,知情识趣 Fun Facts ,UCO6XGSWCJDsHan5HjVwGfrg,188,,,,8186,周杰伦 演唱会,2026-07-31T14:06:15.904475+00:00
lbxMjEdCLTc,https://www.youtube.com/watch?v=lbxMjEdCLTc,黄金甲 周杰伦 (歌词版),GM Lyric,UC8wXsgv4k9fGAo8LwE-KwPQ,216,,,,233625,周杰伦 官方 MV | 周杰伦 歌词版,2026-07-31T14:06:15.904475+00:00
50hnQIgKYc4,https://www.youtube.com/watch?v=50hnQIgKYc4,黑色幽默 周杰伦 (歌词版),GM Lyric,UC8wXsgv4k9fGAo8LwE-KwPQ,284,,,,612162,周杰伦 官方 MV | 周杰伦 歌词版,2026-07-31T14:06:15.904475+00:00
40tunPrAWnA,https://www.youtube.com/watch?v=40tunPrAWnA,黑色毛衣   周杰伦    歌词动态版   高音质,Rich Lyrics,UCfIXUQd-VrPkrXSS1YS_Nsw,249,,,,3928,周杰伦 高音质,2026-07-31T14:06:15.904475+00:00
BfLGrQUAkXA,https://www.youtube.com/watch?v=BfLGrQUAkXA,黑色毛衣 - 猫咪呀翻唱 （完整版）cover 周杰伦,猫咪呀,UCSvXdZaqLzMz60HZ_-2JlsQ,252,,,,33682,周杰伦 完整版,2026-07-31T14:06:15.904475+00:00
GEsOZ8H5M9Y,https://www.youtube.com/watch?v=GEsOZ8H5M9Y,黑色毛衣 周杰伦 (歌词版),GM Lyric,UC8wXsgv4k9fGAo8LwE-KwPQ,253,,,,890702,周杰伦 Official Music Video | 周杰伦 官方 MV | 周杰伦 高音质,2026-07-31T14:06:15.904475+00:00
FSig7fIoRnU,https://www.youtube.com/watch?v=FSig7fIoRnU,默 (抖音DJ版) - 周杰伦『忍不住化身一条固执的鱼，逆着洋流独自游到底。』♪ || 年度最佳抖音歌曲 | 抖音最火歌曲音 | 抖音 | TikTok •|• Douyin ♪,GenZ Music Station ,UCqENDVjRTwp12_HAknDABqA,342,,,,768,周杰伦 歌曲,2026-07-31T14:06:15.904475+00:00
heUq2v88Z9Q,https://www.youtube.com/watch?v=heUq2v88Z9Q,默 - 那英 - 『超高无损音質』【動態歌詞Lyrics】,POP MusicChannel,UC4XXsZW-Fi1vamPVGfDenlA,325,,,,32793229,周杰伦 lyric video | 周杰伦 高音质,2026-07-31T14:06:15.904475+00:00
j3Um3DvFcw8,https://www.youtube.com/watch?v=j3Um3DvFcw8,龍套大媽片場忘詞，星爺故意不喊卡，竟意外成就經典名場面！,港影故事,UCcPbIoq1zN40jJ6VXpmRvpQ,516,,,,4997522,周杰伦 Sony Music Taiwan,2026-07-31T14:06:15.904475+00:00
-csxVbQGnUc,https://www.youtube.com/watch?v=-csxVbQGnUc,龍戰騎士,周杰倫 Jay Chou,UC8CU5nVhCQIdAGrFFp4loOQ,272,,,,980980,周杰伦 JVR Music | 周杰伦 高音质,2026-07-31T14:06:15.904475+00:00
szW_BKJzh84,https://www.youtube.com/watch?v=szW_BKJzh84,龙卷风   周杰伦   歌词动态版  (高音质),Rich Lyrics,UCfIXUQd-VrPkrXSS1YS_Nsw,251,,,,700,周杰伦 高音质,2026-07-31T14:06:15.904475+00:00
n0aVgdENb-E,https://www.youtube.com/watch?v=n0aVgdENb-E,龙卷风 - 周杰伦 歌词版,yy lyric,UC6ATK5uqT-bWAEGdHV1sL2w,251,,,,14287,周杰伦 官方 MV | 周杰伦 歌词版,2026-07-31T14:06:15.904475+00:00
Oj6rCPMU9tU,https://www.youtube.com/watch?v=Oj6rCPMU9tU,龙卷风 周杰伦 (歌词版),GM Lyric,UC8wXsgv4k9fGAo8LwE-KwPQ,251,,,,1913195,周杰伦 Official Music Video | 周杰伦 官方 MV | 周杰伦 杰威尔音乐 | 周杰伦 歌曲 | 周杰伦 歌词版,2026-07-31T14:06:15.904475+00:00
7FUF7vbhj5w,https://www.youtube.com/watch?v=7FUF7vbhj5w,龙卷风（Tornado）//爱情走的太快 就像龙卷风//  周杰伦（Jay Chou）   歌词版（Pinyin Lyrics）,Micro Vid,UCkbEalf1axufxJdZxPs6Yjw,251,,,,1508,周杰伦 官方 MV | 周杰伦 歌词版,2026-07-31T14:06:15.904475+00:00
FBHJUbXzM4E,https://www.youtube.com/watch?v=FBHJUbXzM4E,龙战骑士 周杰伦 (歌词版),GM Lyric,UC8wXsgv4k9fGAo8LwE-KwPQ,272,,,,219696,周杰伦 歌词版,2026-07-31T14:06:15.904475+00:00
PDpuE-4oKAQ,https://www.youtube.com/watch?v=PDpuE-4oKAQ,"가엾은 청년은 가족에게 버림받은 존재로 환생했지만, 시스템을 깨우치고 현대식 총기를 사용하여 세상을 정복한다.",수림-SHORT,UCrRCk21II0859bIM0LNMfsw,9315,,,,17059,Jay Chou Official MV,2026-07-31T14:06:15.904475+00:00
yA37S_RbTDI,https://www.youtube.com/watch?v=yA37S_RbTDI,"불쌍한 남자는 신의 감식 능력을 지녔어, 한눈에 가짜를 알아챌 수 있지. 비밀을 밝히고 아버지의 복수를 해야 해.",숲그림 극장_ShortTV,UCabVM55s68s473hpfdUvr5Q,7278,,,,3528,周杰伦 Official Music Video | 周杰伦 杰威尔音乐 | 周杰伦 现场 Live,2026-07-31T14:06:15.904475+00:00
DCp8HDISouY,https://www.youtube.com/watch?v=DCp8HDISouY,（1080P修复）周杰伦2004无与伦比演唱会,Clear loveX,UCshRtihoQnBGKHNaCp-pp_w,4421,,,,41150,周杰伦 1080P MV | 周杰伦 演唱会,2026-07-31T14:06:15.904475+00:00
1VxZH8cz0Dg,https://www.youtube.com/watch?v=1VxZH8cz0Dg,（伴奏版）不能说的秘密 - 周杰伦 《歌词拼音》【你说把爱渐渐放下会走更远 或许命运的签只让我们遇见】】,music soul,UC_BsrDO66pYSRWQE1w98W3w,313,,,,49841,周杰伦 官方 MV | 周杰伦 歌词版,2026-07-31T14:06:15.904475+00:00
m--upp0Ph2U,https://www.youtube.com/watch?v=m--upp0Ph2U,（伴奏版）发如雪 - 周杰伦 《歌词拼音》【你发如雪 纷飞了眼泪】,music soul,UC_BsrDO66pYSRWQE1w98W3w,287,,,,102331,周杰伦 歌词版,2026-07-31T14:06:15.904475+00:00
YfzwVWfaOvg,https://www.youtube.com/watch?v=YfzwVWfaOvg,（伴奏版）听见下雨的声音 - 周杰伦 《歌词拼音》【而我听见下雨的声音 想起你用唇语说爱情】,music soul,UC_BsrDO66pYSRWQE1w98W3w,275,,,,13822,周杰伦 官方 MV,2026-07-31T14:06:15.904475+00:00
AYzxOkYRTiM,https://www.youtube.com/watch?v=AYzxOkYRTiM,（伴奏版）告白气球 - 周杰伦 《歌词拼音 》【亲爱的 爱上你 从那天起】,music soul,UC_BsrDO66pYSRWQE1w98W3w,212,,,,49045,周杰伦 官方 MV | 周杰伦 歌词版,2026-07-31T14:06:15.904475+00:00
fm9ECnbWDGo,https://www.youtube.com/watch?v=fm9ECnbWDGo,（伴奏版）回到过去 - 周杰伦 《歌词拼音》【想回到过去 试着让故事继续】,music soul,UC_BsrDO66pYSRWQE1w98W3w,232,,,,41528,周杰伦 歌词版,2026-07-31T14:06:15.904475+00:00
uXlZOkGtfZ4,https://www.youtube.com/watch?v=uXlZOkGtfZ4,（伴奏版）园游会 - 周杰伦 《歌词拼音》【我顶着大太阳 只想为你撑伞】,music soul,UC_BsrDO66pYSRWQE1w98W3w,252,,,,27968,周杰伦 官方 MV | 周杰伦 歌词版,2026-07-31T14:06:15.904475+00:00
w2XG5NmDpHo,https://www.youtube.com/watch?v=w2XG5NmDpHo,（伴奏版）安静 - 周杰伦 《歌词拼音》【你要我说多难堪 我根本不想分开】,music soul,UC_BsrDO66pYSRWQE1w98W3w,330,,,,180416,周杰伦 官方 MV | 周杰伦 歌词版,2026-07-31T14:06:15.904475+00:00
0M-vbH52mfY,https://www.youtube.com/watch?v=0M-vbH52mfY,（伴奏版）开不了口 - 周杰伦 《歌词拼音》【就是开不了口知道我定会呵护着妳也逗妳笑】,music soul,UC_BsrDO66pYSRWQE1w98W3w,283,,,,68550,周杰伦 官方 MV | 周杰伦 歌词版,2026-07-31T14:06:15.904475+00:00
SUZXHb7VVIc,https://www.youtube.com/watch?v=SUZXHb7VVIc,（伴奏版）我不配 - 周杰伦 《歌词拼音》【这感觉已经不对 我努力在挽回】,music soul,UC_BsrDO66pYSRWQE1w98W3w,284,,,,94421,周杰伦 官方 MV | 周杰伦 歌词版,2026-07-31T14:06:15.904475+00:00
sK7-XKzwyNY,https://www.youtube.com/watch?v=sK7-XKzwyNY,（伴奏版）搁浅 - 周杰伦 《歌词拼音》【我只能永远读著对白 读着我给妳的伤害我原谅不了我 就请妳当作我已不在】,music soul,UC_BsrDO66pYSRWQE1w98W3w,236,,,,191365,周杰伦 官方 MV | 周杰伦 歌词版,2026-07-31T14:06:15.904475+00:00
I4Ycr3YATkA,https://www.youtube.com/watch?v=I4Ycr3YATkA,（伴奏版）明明就 - 周杰伦 《歌词拼音》【明明就不习惯牵手　为何却主动把手勾】,music soul,UC_BsrDO66pYSRWQE1w98W3w,256,,,,189669,周杰伦 歌词版,2026-07-31T14:06:15.904475+00:00
c1EPR184mmQ,https://www.youtube.com/watch?v=c1EPR184mmQ,（伴奏版）晴天 - 周杰伦 《歌词拼音》【还有多久我才能在你身边】,music soul,UC_BsrDO66pYSRWQE1w98W3w,268,,,,97813,周杰伦 Official Music Video | 周杰伦 官方 MV | 周杰伦 歌曲 | 周杰伦 歌词版,2026-07-31T14:06:15.904475+00:00
ogSev5Es0SA,https://www.youtube.com/watch?v=ogSev5Es0SA,（伴奏版）最长的电影 - 周杰伦 《歌词拼音》【再给我两分钟 让我把记忆结成冰】,music soul,UC_BsrDO66pYSRWQE1w98W3w,237,,,,156784,周杰伦 官方 MV | 周杰伦 歌词版,2026-07-31T14:06:15.904475+00:00
Zj-JXyfOvDk,https://www.youtube.com/watch?v=Zj-JXyfOvDk,（伴奏版）爱情废材 - 周杰伦 《歌词拼音》【为你封麦 只唱你爱Goodbye Don't Cry 哭个痛快】,music soul,UC_BsrDO66pYSRWQE1w98W3w,278,,,,22504,周杰伦 官方 MV | 周杰伦 歌词版,2026-07-31T14:06:15.904475+00:00
j9Y1KQw0r4s,https://www.youtube.com/watch?v=j9Y1KQw0r4s,（伴奏版）稻香 - 周杰伦 《歌词拼音》【还记得你说 家 是唯一的城堡】,music soul,UC_BsrDO66pYSRWQE1w98W3w,221,,,,34619,周杰伦 官方 MV | 周杰伦 歌词版,2026-07-31T14:06:15.904475+00:00
g4SIEjbx04Y,https://www.youtube.com/watch?v=g4SIEjbx04Y,（伴奏版）红尘客栈 - 周杰伦 《歌词拼音》【剑出鞘 恩怨了 谁笑】,music soul,UC_BsrDO66pYSRWQE1w98W3w,271,,,,72023,周杰伦 歌词版,2026-07-31T14:06:15.904475+00:00
CVgiULYILnM,https://www.youtube.com/watch?v=CVgiULYILnM,（伴奏版）说了再见 - 周杰伦 《歌词拼音》【说了再见 却发现再也见不到 能不能就这样 忍着痛 泪不掉】,music soul,UC_BsrDO66pYSRWQE1w98W3w,281,,,,182854,周杰伦 官方 MV | 周杰伦 歌词版,2026-07-31T14:06:15.904475+00:00
hAWWj04Vjmg,https://www.youtube.com/watch?v=hAWWj04Vjmg,（伴奏版）说好不哭 - 周杰伦&阿信 《歌词拼音》【眼看着妳难过  挽留的话却没有说】,music soul,UC_BsrDO66pYSRWQE1w98W3w,219,,,,16798,周杰伦 歌词版,2026-07-31T14:06:15.904475+00:00
nGX8w4KjNNI,https://www.youtube.com/watch?v=nGX8w4KjNNI,（伴奏版）说好的幸福呢 - 周杰伦 《歌词拼音》【怎么了 你累了 说好的 幸福呢】,music soul,UC_BsrDO66pYSRWQE1w98W3w,256,,,,81766,周杰伦 官方 MV | 周杰伦 歌词版,2026-07-31T14:06:15.904475+00:00
tI2y2JfWbnw,https://www.youtube.com/watch?v=tI2y2JfWbnw,（伴奏版）超人不会飞 - 周杰伦 «歌词拼音Pinyin lyrics»【喔如果超人会飞 那就让我在空中停一停歇】,music soul,UC_BsrDO66pYSRWQE1w98W3w,299,,,,3546,周杰伦 歌词版,2026-07-31T14:06:15.904475+00:00
Cz2C43J3YFE,https://www.youtube.com/watch?v=Cz2C43J3YFE,（伴奏版）退后 - 周杰伦 《歌词拼音》【我知道妳我都没有错 只是忘了怎么退后】,music soul,UC_BsrDO66pYSRWQE1w98W3w,261,,,,245308,周杰伦 官方 MV | 周杰伦 歌词版,2026-07-31T14:06:15.904475+00:00
SsQhRbVkq6o,https://www.youtube.com/watch?v=SsQhRbVkq6o,（伴奏版）阳光宅男 - 周杰伦 《歌词拼音》【让我们乘着阳光 海上冲浪 吸引她目光】,music soul,UC_BsrDO66pYSRWQE1w98W3w,216,,,,33561,周杰伦 歌词版,2026-07-31T14:06:15.904475+00:00
s3TYRbmgiF0,https://www.youtube.com/watch?v=s3TYRbmgiF0,（无广告）#周杰伦 # 经典歌曲合集 #高清音品  #Jaychou Best songs Collection  #chinesemusic #音乐,Sweet Lemon,UCrflxNgSiE26K-Ul9YLwbsQ,20971,,,,55981,周杰伦 歌曲,2026-07-31T14:06:15.904475+00:00
0vgykrLKMjY,https://www.youtube.com/watch?v=0vgykrLKMjY,（日本語付き）周杰倫（ジェイ・チョウ）ー說了再見（さよならと言ったら）,Shunyaku,UCc5Z2NEnGr3HoPB1dkBtdeQ,280,,,,2925,周杰伦 1080P MV,2026-07-31T14:06:15.904475+00:00
DrWFq0lhlP0,https://www.youtube.com/watch?v=DrWFq0lhlP0,［周杰伦专辑开箱］周杰伦 无与伦比演唱会专辑 马来西亚版华纳阿尔发版本 开箱展示 经典回顾⑦,LONELY木头,UCZZx7CCBd95_UWfEdfRbPqg,693,,,,40,周杰伦 专辑,2026-07-31T14:06:15.904475+00:00
fJXwGbrAomQ,https://www.youtube.com/watch?v=fJXwGbrAomQ,🇲🇾｜Vlog003-周杰伦嘉年华演唱会马来西亚站,JiaXuan,UCB_TU8hxtITzHhBS1kYT9MQ,957,,,,729,周杰伦 演唱会,2026-07-31T14:06:15.904475+00:00
VKMdwkEqwnc,https://www.youtube.com/watch?v=VKMdwkEqwnc,🇺🇸  🎸💔 This Blues Solo HITS DIFFERENT Soulful Male Cover of Back-to-Back Embrace Dandelion's Promise,Kam Fai Music,UC4xohBfD3HWUwRkHKmr5kkQ,528,,,,243,周杰伦 专辑 | 周杰伦 完整版 | 周杰伦 官方 MV | 周杰伦 歌曲 | 周杰伦 歌词版 | 周杰伦 演唱会 | 周杰伦 现场 Live,2026-07-31T14:06:15.904475+00:00
AZzBh6vub1o,https://www.youtube.com/watch?v=AZzBh6vub1o,🌻 Mojito - English & French version | Lyrics + Vietsub,Moon Blue,UCOzqIPu0t9nU_B-XG8Lqm9A,169,,,,922065,周杰伦 lyric video,2026-07-31T14:06:15.904475+00:00
bRZaL7MvHNA,https://www.youtube.com/watch?v=bRZaL7MvHNA,🎵 【4K 超清 | 无损音质】周杰伦《一路向北》| 动态歌词 | 音乐可视化 🎵,Music小铁匠fans,UCvIGD18F8puyuGkz3zB99sA,294,,,,115,周杰伦 高音质,2026-07-31T14:06:15.904475+00:00
eshhY9gNxY8,https://www.youtube.com/watch?v=eshhY9gNxY8,🎵【這些歌都是周杰倫寫的？！】這些聽了20年的歌，幕後作者竟是周杰倫？！這18首歌，從小聽到大｜周杰倫｜周董｜杰倫｜Jay Chou｜給別人寫的歌,娛樂圈深水炸彈,UC1awcaUIyAJGyzYigsszNYQ,794,,,,448382,周杰伦 歌曲,2026-07-31T14:06:15.904475+00:00
2n2rRHunpDg,https://www.youtube.com/watch?v=2n2rRHunpDg,🎵湘女多情 | 翻唱版 - 周杰伦 2026 新专辑 太阳之子 中国风  - 落花不停，她还在原地等你回来吗？,skr playlist,UC0p25Ik89cpT50qfeoeaTrw,240,,,,1689,周杰伦 专辑,2026-07-31T14:06:15.904475+00:00
I_RfOFzqB_I,https://www.youtube.com/watch?v=I_RfOFzqB_I,👒黑膠方寸之美～周杰倫～青花瓷👒1080p,Maxine Lin,UCfIyrnmVwBBAvmdTuDoPdQw,528,,,,315,周杰伦 1080P MV,2026-07-31T14:06:15.904475+00:00
3VTK0Is-uVA,https://www.youtube.com/watch?v=3VTK0Is-uVA,💥【New】【Multi sub】Gold for Spicy Strips EP 1-156#anime #animation,Joyland-Animation,UCsKp6Y5J17eOZCSCD-TgzqQ,44659,,,,1302,Jay Chou Official MV,2026-07-31T14:06:15.904475+00:00
TXheQytLhks,https://www.youtube.com/watch?v=TXheQytLhks,📀藍色飛揚 Dare for More ⓒ【F4 & 周杰倫 & 陳冠希 & 郭富城 & 鄭秀文 & 蔡依林】{ 「百事可樂」廣告曲｝Unofficial MV〖Demo〗,Digital learning,UC-SRAH2JvDxbVsGscxMA8lQ,233,,,,25957,周杰伦 1080P MV,2026-07-31T14:06:15.904475+00:00
rGjip9lp6-U,https://www.youtube.com/watch?v=rGjip9lp6-U,🔥[Multi SUB]郭宇欣&王皓禎💖從校園到婚紗她愛了他整整八年，契約結婚那天他說各取所需別動真心，三年期滿她平靜簽下名字準備走人，那個一向高冷矜貴的男人卻第一次失了體面紅著眼跪著求她留下來...,蜜桃心動劇社,UCIqZoiP0N1ZePJ4-n1QM6Fw,15254,,,,7035,周杰伦 lyric video | 周杰伦 完整版 | 周杰伦 现场 Live,2026-07-31T14:06:15.904475+00:00
zlhdYvt6tik,https://www.youtube.com/watch?v=zlhdYvt6tik,🔥Multisub |全集💨《诡异入侵：我以夏国神话制卡颠覆世界》被全校当废物？我用吃剩的羊蝎子造出白骨夫人，造出神话之卡，弑诡成神！#動漫 #动态漫画 #漫剧 #manhua #逆袭,墨御漫剧Moyo-Manga,UCy_qA0v3Y_Wpr38kLXF4WcA,7350,,,,28087,周杰伦 Official Music Video | 周杰伦 完整版,2026-07-31T14:06:15.904475+00:00
pZC2VOQ-nMM,https://www.youtube.com/watch?v=pZC2VOQ-nMM,🔥【周杰倫、方文山都嫌棄的一首歌】兩人集體嫌棄，卻成了專輯主打，還意外爆紅，稱全民爆款神曲！｜周杰倫｜Jay Chou｜方文山｜牛仔很忙｜我很忙專輯,娛樂圈深水炸彈,UC1awcaUIyAJGyzYigsszNYQ,608,,,,15794,周杰伦 专辑,2026-07-31T14:06:15.904475+00:00
X6OsLGBUYzQ,https://www.youtube.com/watch?v=X6OsLGBUYzQ,🔥【周杰倫演唱會，觀眾席太離譜！】半個華語樂壇都來了？｜周杰倫｜杰倫｜Jay Chou｜華語天王｜張學友｜劉德華｜陳奕迅｜周杰倫的明星觀眾,娛樂圈深水炸彈,UC1awcaUIyAJGyzYigsszNYQ,1366,,,,170180,周杰伦 演唱会,2026-07-31T14:06:15.904475+00:00
nfz3ZOvsFas,https://www.youtube.com/watch?v=nfz3ZOvsFas,🔴【LIVE直播】周杰倫豪砸1億誕〈太陽之子〉記者會現場最新畫面｜2026.03.24 @chinatimesent,娛樂星動線,UCp2CzP2raB66F1YOHcHb4ag,336,,,was_live,5659,周杰伦 现场 Live,2026-07-31T14:06:15.904475+00:00
kW7XUvJZtf4,https://www.youtube.com/watch?v=kW7XUvJZtf4,🔷一小时单曲循环🔷【七里香 周杰伦】|热门歌曲|抖音歌曲|抖音音乐|kkbox|动态歌词Lyrics,喜欢音乐的猫,UCwrGnOYMNFAJ-gRTrEGDdvA,3741,,,,41453,周杰伦 官方 MV,2026-07-31T14:06:15.904475+00:00
5ysxQQy936w,https://www.youtube.com/watch?v=5ysxQQy936w,"🟡姜濤《Master Class》│歌詞根本講緊我 除了""年輕""之外│黃標翻唱",路易仔,UCu-fU6AWYaOB4Uq6aB32OKw,228,,,,660,周杰伦 4K MV | 周杰伦 Official Music Video | 周杰伦 歌词版 | 周杰伦 现场 Live,2026-07-31T14:06:15.904475+00:00
